"../../../Engine/Plugins/2D/Paper2D/Content/PlaceholderTextures/DummySpriteTexture.ubulk" 0
"../../../Engine/Plugins/2D/Paper2D/Content/PlaceholderTextures/DummySpriteTexture.uasset" 1
"../../../Engine/Plugins/2D/Paper2D/Content/PlaceholderTextures/DummySpriteTexture.uexp" 2
"../../../Engine/Plugins/2D/Paper2D/Content/DummySprite.uasset" 3
"../../../Engine/Plugins/2D/Paper2D/Content/DummySprite.uexp" 4
"../../../Engine/Plugins/2D/Paper2D/Content/DefaultPaperTerrainMaterial.uasset" 5
"../../../Engine/Plugins/2D/Paper2D/Content/DefaultPaperTerrainMaterial.uexp" 6
"../../../Engine/Plugins/Interchange/Runtime/Content/Pipelines/DefaultTexturePipeline.uasset" 7
"../../../Engine/Plugins/Interchange/Runtime/Content/Pipelines/DefaultTexturePipeline.uexp" 8
"../../../Engine/Plugins/Interchange/Runtime/Content/Pipelines/DefaultSceneLevelPipeline.uasset" 9
"../../../Engine/Plugins/Interchange/Runtime/Content/Pipelines/DefaultSceneLevelPipeline.uexp" 10
"../../../Engine/Plugins/Interchange/Runtime/Content/Pipelines/DefaultSceneAssetsPipeline.uasset" 11
"../../../Engine/Plugins/Interchange/Runtime/Content/Pipelines/DefaultSceneAssetsPipeline.uexp" 12
"../../../Engine/Plugins/Interchange/Runtime/Content/Pipelines/DefaultMaterialXPipeline.uasset" 13
"../../../Engine/Plugins/Interchange/Runtime/Content/Pipelines/DefaultMaterialXPipeline.uexp" 14
"../../../Engine/Plugins/Interchange/Runtime/Content/Pipelines/DefaultMaterialPipeline.uasset" 15
"../../../Engine/Plugins/Interchange/Runtime/Content/Pipelines/DefaultMaterialPipeline.uexp" 16
"../../../Engine/Plugins/Interchange/Runtime/Content/Pipelines/DefaultGLTFSceneAssetsPipeline.uasset" 17
"../../../Engine/Plugins/Interchange/Runtime/Content/Pipelines/DefaultGLTFSceneAssetsPipeline.uexp" 18
"../../../Engine/Plugins/Interchange/Runtime/Content/Pipelines/DefaultGLTFPipeline.uasset" 19
"../../../Engine/Plugins/Interchange/Runtime/Content/Pipelines/DefaultGLTFPipeline.uexp" 20
"../../../Engine/Plugins/Interchange/Runtime/Content/Pipelines/DefaultGLTFAssetsPipeline.uasset" 21
"../../../Engine/Plugins/Interchange/Runtime/Content/Pipelines/DefaultGLTFAssetsPipeline.uexp" 22
"../../../Engine/Plugins/Interchange/Runtime/Content/Pipelines/DefaultAssetsPipeline.uasset" 23
"../../../Engine/Plugins/Interchange/Runtime/Content/Pipelines/DefaultAssetsPipeline.uexp" 24
"../../../Engine/Plugins/Animation/ControlRig/Content/Controls/DefaultGizmoLibraryNormalized.uasset" 25
"../../../Engine/Plugins/Animation/ControlRig/Content/Controls/DefaultGizmoLibraryNormalized.uexp" 26
"../../../Engine/Content/EngineSounds/Master.uasset" 27
"../../../Engine/Content/EngineSounds/Master.uexp" 28
"../../../Engine/Content/EngineMaterials/DefaultDestructiblePhysicalMaterial.uasset" 29
"../../../Engine/Content/EngineMaterials/DefaultDestructiblePhysicalMaterial.uexp" 30
"../../../Engine/Content/EngineFonts/Faces/RobotoLight.uexp" 31
"../../../Engine/Content/EngineFonts/Faces/RobotoLight.uasset" 32
"../../../Engine/Content/EngineFonts/Faces/RobotoLight.ufont" 33
"../../../Engine/Content/EngineFonts/Faces/RobotoBold.uexp" 34
"../../../Engine/Content/EngineFonts/Faces/RobotoBold.uasset" 35
"../../../Engine/Content/EngineFonts/Faces/RobotoBold.ufont" 36
"../../../Engine/Content/EngineFonts/Faces/RobotoRegular.uexp" 37
"../../../Engine/Content/EngineFonts/Faces/RobotoRegular.uasset" 38
"../../../Engine/Content/EngineFonts/Faces/RobotoRegular.ufont" 39
"../../../Engine/Content/EngineFonts/Faces/DroidSansFallback.uexp" 40
"../../../Engine/Content/EngineFonts/Faces/DroidSansFallback.uasset" 41
"../../../Engine/Content/EngineFonts/Faces/DroidSansFallback.ufont" 42
"../../../Engine/Content/EngineFonts/Faces/RobotoItalic.uexp" 43
"../../../Engine/Content/EngineFonts/Faces/RobotoItalic.uasset" 44
"../../../Engine/Content/EngineFonts/Faces/RobotoItalic.ufont" 45
"../../../Engine/Content/EngineFonts/Faces/RobotoBoldItalic.uexp" 46
"../../../Engine/Content/EngineFonts/Faces/RobotoBoldItalic.uasset" 47
"../../../Engine/Content/EngineFonts/Faces/RobotoBoldItalic.ufont" 48
"../../../Engine/Content/EngineFonts/Roboto.uasset" 49
"../../../Engine/Content/EngineFonts/Roboto.uexp" 50
"../../../Engine/Content/Animation/DefaultRecorderBoneCompression.uasset" 51
"../../../Engine/Content/Animation/DefaultRecorderBoneCompression.uexp" 52
"../../../Engine/Content/MobileResources/HUD/VirtualJoystick_Background.uasset" 53
"../../../Engine/Content/MobileResources/HUD/VirtualJoystick_Background.uexp" 54
"../../../Engine/Content/MobileResources/HUD/VirtualJoystick_Thumb.uasset" 55
"../../../Engine/Content/MobileResources/HUD/VirtualJoystick_Thumb.uexp" 56
"../../../Engine/Content/MobileResources/HUD/DefaultVirtualJoysticks.uasset" 57
"../../../Engine/Content/MobileResources/HUD/DefaultVirtualJoysticks.uexp" 58
"D:/work/project/portpolio/project-ARPG/ARPG_Hunter/Content/02-BP/Monster/AI/BB_RegularMonster.uasset" 59
"D:/work/project/portpolio/project-ARPG/ARPG_Hunter/Content/02-BP/Monster/AI/BB_RegularMonster.uexp" 60
"D:/work/project/portpolio/project-ARPG/ARPG_Hunter/Content/02-BP/Monster/AI/BT_RegularMonster.uasset" 61
"D:/work/project/portpolio/project-ARPG/ARPG_Hunter/Content/02-BP/Monster/AI/BT_RegularMonster.uexp" 62
"D:/work/project/portpolio/project-ARPG/ARPG_Hunter/Content/02-BP/Monster/AI/BT_BossMonster.uasset" 63
"D:/work/project/portpolio/project-ARPG/ARPG_Hunter/Content/02-BP/Monster/AI/BT_BossMonster.uexp" 64
"../../../Engine/Content/EditorResources/S_Actor.ubulk" 65
"../../../Engine/Content/EditorResources/S_Actor.uasset" 66
"../../../Engine/Content/EditorResources/S_Actor.uexp" 67
"../../../Engine/Plugins/Runtime/AudioWidgets/Content/Resources/ScrubHandleDown_Clamped.uasset" 68
"../../../Engine/Plugins/Runtime/AudioWidgets/Content/Resources/ScrubHandleDown_Clamped.uexp" 69
"../../../Engine/Content/EngineResources/GradientTexture0.uasset" 70
"../../../Engine/Content/EngineResources/GradientTexture0.uexp" 71
"../../../Engine/Content/EngineMaterials/PreintegratedSkinBRDF.uasset" 72
"../../../Engine/Content/EngineMaterials/PreintegratedSkinBRDF.uexp" 73
"../../../Engine/Content/EngineMaterials/MiniFont.uasset" 74
"../../../Engine/Content/EngineMaterials/MiniFont.uexp" 75
"../../../Engine/Content/EngineMaterials/FastBlueNoise_vec2_128x128x64.uasset" 76
"../../../Engine/Content/EngineMaterials/FastBlueNoise_vec2_128x128x64.uexp" 77
"../../../Engine/Content/EngineMaterials/FastBlueNoise_scalar_128x128x64.uasset" 78
"../../../Engine/Content/EngineMaterials/FastBlueNoise_scalar_128x128x64.uexp" 79
"../../../Engine/Content/EngineMaterials/DefaultWhiteGrid.ubulk" 80
"../../../Engine/Content/EngineMaterials/DefaultWhiteGrid.uasset" 81
"../../../Engine/Content/EngineMaterials/DefaultWhiteGrid.uexp" 82
"../../../Engine/Content/EngineMaterials/DefaultBokeh.uasset" 83
"../../../Engine/Content/EngineMaterials/DefaultBokeh.uexp" 84
"../../../Engine/Content/EngineMaterials/DefaultBloomKernel.uasset" 85
"../../../Engine/Content/EngineMaterials/DefaultBloomKernel.uexp" 86
"../../../Engine/Content/EngineDamageTypes/DmgTypeBP_Environmental.uasset" 87
"../../../Engine/Content/EngineDamageTypes/DmgTypeBP_Environmental.uexp" 88
"../../../Engine/Content/EditorResources/S_TriggerSphere.uasset" 89
"../../../Engine/Content/EditorResources/S_TriggerSphere.uexp" 90
"../../../Engine/Content/EditorResources/S_TriggerCapsule.uasset" 91
"../../../Engine/Content/EditorResources/S_TriggerCapsule.uexp" 92
"../../../Engine/Content/EditorResources/S_TriggerBox.uasset" 93
"../../../Engine/Content/EditorResources/S_TriggerBox.uexp" 94
"../../../Engine/Content/EditorResources/S_Trigger.ubulk" 95
"../../../Engine/Content/EditorResources/S_Trigger.uasset" 96
"../../../Engine/Content/EditorResources/S_Trigger.uexp" 97
"../../../Engine/Content/EditorResources/S_Terrain.ubulk" 98
"../../../Engine/Content/EditorResources/S_Terrain.uasset" 99
"../../../Engine/Content/EditorResources/S_Terrain.uexp" 100
"../../../Engine/Content/EditorResources/S_Solver.ubulk" 101
"../../../Engine/Content/EditorResources/S_Solver.uasset" 102
"../../../Engine/Content/EditorResources/S_Solver.uexp" 103
"../../../Engine/Content/EditorResources/S_BoxReflectionCapture.uasset" 104
"../../../Engine/Content/EditorResources/S_BoxReflectionCapture.uexp" 105
"../../../Engine/Content/EditorResources/EmptyActor.uasset" 106
"../../../Engine/Content/EditorResources/EmptyActor.uexp" 107
"../../../Engine/Content/EditorResources/BSPVertex.uasset" 108
"../../../Engine/Content/EditorResources/BSPVertex.uexp" 109
"../../../Engine/Content/EditorLandscapeResources/DefaultAlphaTexture.uasset" 110
"../../../Engine/Content/EditorLandscapeResources/DefaultAlphaTexture.uexp" 111
"D:/work/project/portpolio/project-ARPG/ARPG_Hunter/Content/02-BP/UI/BP_DamageFont.uasset" 112
"D:/work/project/portpolio/project-ARPG/ARPG_Hunter/Content/02-BP/UI/BP_DamageFont.uexp" 113
"D:/work/project/portpolio/project-ARPG/ARPG_Hunter/Content/02-BP/Sound/BP_BGMPlayer.uasset" 114
"D:/work/project/portpolio/project-ARPG/ARPG_Hunter/Content/02-BP/Sound/BP_BGMPlayer.uexp" 115
"../../../Engine/Content/Animation/DefaultAnimCurveCompressionSettings.uasset" 116
"../../../Engine/Content/Animation/DefaultAnimCurveCompressionSettings.uexp" 117
"../../../Engine/Plugins/Animation/ACLPlugin/Content/ACLAnimBoneCompressionSettings.uasset" 118
"../../../Engine/Plugins/Animation/ACLPlugin/Content/ACLAnimBoneCompressionSettings.uexp" 119
"../../../Engine/Content/Animation/DefaultVariableFrameStrippingSettings.uasset" 120
"../../../Engine/Content/Animation/DefaultVariableFrameStrippingSettings.uexp" 121
"D:/work/project/portpolio/project-ARPG/ARPG_Hunter/Content/99-Asset/Character/CyberSoldier/Character/Mesh/Cyber_Soldier_Mesh_Skeleton.uasset" 122
"D:/work/project/portpolio/project-ARPG/ARPG_Hunter/Content/99-Asset/Character/CyberSoldier/Character/Mesh/Cyber_Soldier_Mesh_Skeleton.uexp" 123
"D:/work/project/portpolio/project-ARPG/ARPG_Hunter/Content/02-BP/Player/Animation/Sword/CS_Walk_Combat_Loop_B_180_Seq.uasset" 124
"D:/work/project/portpolio/project-ARPG/ARPG_Hunter/Content/02-BP/Player/Animation/Sword/CS_Walk_Combat_Loop_B_180_Seq.uexp" 125
"D:/work/project/portpolio/project-ARPG/ARPG_Hunter/Content/02-BP/Player/Animation/Sword/CS_Run_Combat_Loop_F_L_45_Seq.uasset" 126
"D:/work/project/portpolio/project-ARPG/ARPG_Hunter/Content/02-BP/Player/Animation/Sword/CS_Run_Combat_Loop_F_L_45_Seq.uexp" 127
"D:/work/project/portpolio/project-ARPG/ARPG_Hunter/Content/02-BP/Player/Animation/Sword/CS_Run_Combat_Loop_F_R_90_Seq.uasset" 128
"D:/work/project/portpolio/project-ARPG/ARPG_Hunter/Content/02-BP/Player/Animation/Sword/CS_Run_Combat_Loop_F_R_90_Seq.uexp" 129
"D:/work/project/portpolio/project-ARPG/ARPG_Hunter/Content/02-BP/Player/Animation/Sword/CS_Run_Combat_Loop_B_R_45_Seq.uasset" 130
"D:/work/project/portpolio/project-ARPG/ARPG_Hunter/Content/02-BP/Player/Animation/Sword/CS_Run_Combat_Loop_B_R_45_Seq.uexp" 131
"D:/work/project/portpolio/project-ARPG/ARPG_Hunter/Content/02-BP/Player/Animation/Sword/CS_Walk_Combat_Loop_F_L_45_Seq.uasset" 132
"D:/work/project/portpolio/project-ARPG/ARPG_Hunter/Content/02-BP/Player/Animation/Sword/CS_Walk_Combat_Loop_F_L_45_Seq.uexp" 133
"D:/work/project/portpolio/project-ARPG/ARPG_Hunter/Content/02-BP/Player/Animation/Sword/CS_Run_Combat_Loop_F_L_90_Seq.uasset" 134
"D:/work/project/portpolio/project-ARPG/ARPG_Hunter/Content/02-BP/Player/Animation/Sword/CS_Run_Combat_Loop_F_L_90_Seq.uexp" 135
"D:/work/project/portpolio/project-ARPG/ARPG_Hunter/Content/02-BP/Player/Animation/Sword/CS_Walk_Combat_Loop_F_R_90_Seq.uasset" 136
"D:/work/project/portpolio/project-ARPG/ARPG_Hunter/Content/02-BP/Player/Animation/Sword/CS_Walk_Combat_Loop_F_R_90_Seq.uexp" 137
"D:/work/project/portpolio/project-ARPG/ARPG_Hunter/Content/02-BP/Player/Animation/Sword/CS_Run_Combat_Loop_F_R_45_Seq.uasset" 138
"D:/work/project/portpolio/project-ARPG/ARPG_Hunter/Content/02-BP/Player/Animation/Sword/CS_Run_Combat_Loop_F_R_45_Seq.uexp" 139
"D:/work/project/portpolio/project-ARPG/ARPG_Hunter/Content/02-BP/Player/Animation/Sword/CS_Run_Combat_Loop_B_L_45_Seq.uasset" 140
"D:/work/project/portpolio/project-ARPG/ARPG_Hunter/Content/02-BP/Player/Animation/Sword/CS_Run_Combat_Loop_B_L_45_Seq.uexp" 141
"D:/work/project/portpolio/project-ARPG/ARPG_Hunter/Content/02-BP/Player/Animation/Sword/CS_Run_Combat_Loop_B_180_Seq.uasset" 142
"D:/work/project/portpolio/project-ARPG/ARPG_Hunter/Content/02-BP/Player/Animation/Sword/CS_Run_Combat_Loop_B_180_Seq.uexp" 143
"D:/work/project/portpolio/project-ARPG/ARPG_Hunter/Content/99-Asset/Sound/SFX/Footsteps_Volume_02/WAV/Footstep_Shoe_On_Street_07.ubulk" 144
"D:/work/project/portpolio/project-ARPG/ARPG_Hunter/Content/99-Asset/Sound/SFX/Footsteps_Volume_02/WAV/Footstep_Shoe_On_Street_07.uasset" 145
"D:/work/project/portpolio/project-ARPG/ARPG_Hunter/Content/99-Asset/Sound/SFX/Footsteps_Volume_02/WAV/Footstep_Shoe_On_Street_07.uexp" 146
"D:/work/project/portpolio/project-ARPG/ARPG_Hunter/Content/99-Asset/Sound/SFX/Footsteps_Volume_02/WAV/Footstep_Shoe_On_Street_03.ubulk" 147
"D:/work/project/portpolio/project-ARPG/ARPG_Hunter/Content/99-Asset/Sound/SFX/Footsteps_Volume_02/WAV/Footstep_Shoe_On_Street_03.uasset" 148
"D:/work/project/portpolio/project-ARPG/ARPG_Hunter/Content/99-Asset/Sound/SFX/Footsteps_Volume_02/WAV/Footstep_Shoe_On_Street_03.uexp" 149
"D:/work/project/portpolio/project-ARPG/ARPG_Hunter/Content/99-Asset/Sound/SFX/Footsteps_Volume_02/WAV/Footstep_Shoe_On_Street_06.ubulk" 150
"D:/work/project/portpolio/project-ARPG/ARPG_Hunter/Content/99-Asset/Sound/SFX/Footsteps_Volume_02/WAV/Footstep_Shoe_On_Street_06.uasset" 151
"D:/work/project/portpolio/project-ARPG/ARPG_Hunter/Content/99-Asset/Sound/SFX/Footsteps_Volume_02/WAV/Footstep_Shoe_On_Street_06.uexp" 152
"D:/work/project/portpolio/project-ARPG/ARPG_Hunter/Content/99-Asset/Sound/SFX/Footsteps_Volume_02/WAV/Footstep_Shoe_On_Street_05.ubulk" 153
"D:/work/project/portpolio/project-ARPG/ARPG_Hunter/Content/99-Asset/Sound/SFX/Footsteps_Volume_02/WAV/Footstep_Shoe_On_Street_05.uasset" 154
"D:/work/project/portpolio/project-ARPG/ARPG_Hunter/Content/99-Asset/Sound/SFX/Footsteps_Volume_02/WAV/Footstep_Shoe_On_Street_05.uexp" 155
"D:/work/project/portpolio/project-ARPG/ARPG_Hunter/Content/99-Asset/Sound/SFX/Footsteps_Volume_02/WAV/Footstep_Shoe_On_Street_08.ubulk" 156
"D:/work/project/portpolio/project-ARPG/ARPG_Hunter/Content/99-Asset/Sound/SFX/Footsteps_Volume_02/WAV/Footstep_Shoe_On_Street_08.uasset" 157
"D:/work/project/portpolio/project-ARPG/ARPG_Hunter/Content/99-Asset/Sound/SFX/Footsteps_Volume_02/WAV/Footstep_Shoe_On_Street_08.uexp" 158
"D:/work/project/portpolio/project-ARPG/ARPG_Hunter/Content/99-Asset/Sound/SFX/Footsteps_Volume_02/WAV/Footstep_Shoe_On_Street_01.ubulk" 159
"D:/work/project/portpolio/project-ARPG/ARPG_Hunter/Content/99-Asset/Sound/SFX/Footsteps_Volume_02/WAV/Footstep_Shoe_On_Street_01.uasset" 160
"D:/work/project/portpolio/project-ARPG/ARPG_Hunter/Content/99-Asset/Sound/SFX/Footsteps_Volume_02/WAV/Footstep_Shoe_On_Street_01.uexp" 161
"D:/work/project/portpolio/project-ARPG/ARPG_Hunter/Content/99-Asset/Sound/SFX/Footsteps_Volume_02/WAV/Footstep_Shoe_On_Street_02.ubulk" 162
"D:/work/project/portpolio/project-ARPG/ARPG_Hunter/Content/99-Asset/Sound/SFX/Footsteps_Volume_02/WAV/Footstep_Shoe_On_Street_02.uasset" 163
"D:/work/project/portpolio/project-ARPG/ARPG_Hunter/Content/99-Asset/Sound/SFX/Footsteps_Volume_02/WAV/Footstep_Shoe_On_Street_02.uexp" 164
"D:/work/project/portpolio/project-ARPG/ARPG_Hunter/Content/99-Asset/Sound/SFX/Footsteps_Volume_02/WAV/Footstep_Shoe_On_Street_09.ubulk" 165
"D:/work/project/portpolio/project-ARPG/ARPG_Hunter/Content/99-Asset/Sound/SFX/Footsteps_Volume_02/WAV/Footstep_Shoe_On_Street_09.uasset" 166
"D:/work/project/portpolio/project-ARPG/ARPG_Hunter/Content/99-Asset/Sound/SFX/Footsteps_Volume_02/WAV/Footstep_Shoe_On_Street_09.uexp" 167
"D:/work/project/portpolio/project-ARPG/ARPG_Hunter/Content/99-Asset/Sound/SFX/Footsteps_Volume_02/WAV/Footstep_Shoe_On_Street_04.ubulk" 168
"D:/work/project/portpolio/project-ARPG/ARPG_Hunter/Content/99-Asset/Sound/SFX/Footsteps_Volume_02/WAV/Footstep_Shoe_On_Street_04.uasset" 169
"D:/work/project/portpolio/project-ARPG/ARPG_Hunter/Content/99-Asset/Sound/SFX/Footsteps_Volume_02/WAV/Footstep_Shoe_On_Street_04.uexp" 170
"D:/work/project/portpolio/project-ARPG/ARPG_Hunter/Content/99-Asset/Sound/SFX/Footsteps_Volume_02/Footstep_Cue.uasset" 171
"D:/work/project/portpolio/project-ARPG/ARPG_Hunter/Content/99-Asset/Sound/SFX/Footsteps_Volume_02/Footstep_Cue.uexp" 172
"D:/work/project/portpolio/project-ARPG/ARPG_Hunter/Content/02-BP/Player/Animation/Sword/CS_Walk_Combat_Loop_F_0_Seq.uasset" 173
"D:/work/project/portpolio/project-ARPG/ARPG_Hunter/Content/02-BP/Player/Animation/Sword/CS_Walk_Combat_Loop_F_0_Seq.uexp" 174
"D:/work/project/portpolio/project-ARPG/ARPG_Hunter/Content/02-BP/Player/Animation/Sword/CS_Run_Combat_Loop_F_0_Seq.uasset" 175
"D:/work/project/portpolio/project-ARPG/ARPG_Hunter/Content/02-BP/Player/Animation/Sword/CS_Run_Combat_Loop_F_0_Seq.uexp" 176
"D:/work/project/portpolio/project-ARPG/ARPG_Hunter/Content/02-BP/Player/Animation/Sword/CS_Walk_Combat_Loop_B_R_45_Seq.uasset" 177
"D:/work/project/portpolio/project-ARPG/ARPG_Hunter/Content/02-BP/Player/Animation/Sword/CS_Walk_Combat_Loop_B_R_45_Seq.uexp" 178
"D:/work/project/portpolio/project-ARPG/ARPG_Hunter/Content/02-BP/Player/Animation/Sword/CS_Idle_Combat_v02_Seq.uasset" 179
"D:/work/project/portpolio/project-ARPG/ARPG_Hunter/Content/02-BP/Player/Animation/Sword/CS_Idle_Combat_v02_Seq.uexp" 180
"D:/work/project/portpolio/project-ARPG/ARPG_Hunter/Content/02-BP/Player/Animation/Sword/CS_Walk_Combat_Loop_F_R_45_Seq.uasset" 181
"D:/work/project/portpolio/project-ARPG/ARPG_Hunter/Content/02-BP/Player/Animation/Sword/CS_Walk_Combat_Loop_F_R_45_Seq.uexp" 182
"D:/work/project/portpolio/project-ARPG/ARPG_Hunter/Content/02-BP/Player/Animation/Sword/CS_Walk_Combat_Loop_B_L_45_Seq.uasset" 183
"D:/work/project/portpolio/project-ARPG/ARPG_Hunter/Content/02-BP/Player/Animation/Sword/CS_Walk_Combat_Loop_B_L_45_Seq.uexp" 184
"D:/work/project/portpolio/project-ARPG/ARPG_Hunter/Content/02-BP/Player/Animation/Sword/CS_Walk_Combat_Loop_F_L_90_Seq.uasset" 185
"D:/work/project/portpolio/project-ARPG/ARPG_Hunter/Content/02-BP/Player/Animation/Sword/CS_Walk_Combat_Loop_F_L_90_Seq.uexp" 186
"D:/work/project/portpolio/project-ARPG/ARPG_Hunter/Content/02-BP/Player/Animation/Sword/CS_BS_CombatMove.uasset" 187
"D:/work/project/portpolio/project-ARPG/ARPG_Hunter/Content/02-BP/Player/Animation/Sword/CS_BS_CombatMove.uexp" 188
"D:/work/project/portpolio/project-ARPG/ARPG_Hunter/Content/02-BP/Player/Animation/Sword/CS_NonCombat_Idle_v02_Seq.uasset" 189
"D:/work/project/portpolio/project-ARPG/ARPG_Hunter/Content/02-BP/Player/Animation/Sword/CS_NonCombat_Idle_v02_Seq.uexp" 190
"D:/work/project/portpolio/project-ARPG/ARPG_Hunter/Content/02-BP/Player/Animation/Sword/CS_Jump_Combat_End_0_Seq.uasset" 191
"D:/work/project/portpolio/project-ARPG/ARPG_Hunter/Content/02-BP/Player/Animation/Sword/CS_Jump_Combat_End_0_Seq.uexp" 192
"D:/work/project/portpolio/project-ARPG/ARPG_Hunter/Content/02-BP/Player/Animation/Sword/CS_NonCombat_Run_Loop_F_0_Seq.uasset" 193
"D:/work/project/portpolio/project-ARPG/ARPG_Hunter/Content/02-BP/Player/Animation/Sword/CS_NonCombat_Run_Loop_F_0_Seq.uexp" 194
"D:/work/project/portpolio/project-ARPG/ARPG_Hunter/Content/02-BP/Player/Animation/Sword/CS_NonCombat_Walk_Loop_F_L_90_Seq.uasset" 195
"D:/work/project/portpolio/project-ARPG/ARPG_Hunter/Content/02-BP/Player/Animation/Sword/CS_NonCombat_Walk_Loop_F_L_90_Seq.uexp" 196
"D:/work/project/portpolio/project-ARPG/ARPG_Hunter/Content/02-BP/Player/Animation/Sword/CS_NonCombat_Run_Loop_F_R_45_Seq.uasset" 197
"D:/work/project/portpolio/project-ARPG/ARPG_Hunter/Content/02-BP/Player/Animation/Sword/CS_NonCombat_Run_Loop_F_R_45_Seq.uexp" 198
"D:/work/project/portpolio/project-ARPG/ARPG_Hunter/Content/02-BP/Player/Animation/Sword/CS_NonCombat_Walk_Loop_B_180_Seq.uasset" 199
"D:/work/project/portpolio/project-ARPG/ARPG_Hunter/Content/02-BP/Player/Animation/Sword/CS_NonCombat_Walk_Loop_B_180_Seq.uexp" 200
"D:/work/project/portpolio/project-ARPG/ARPG_Hunter/Content/02-BP/Player/Animation/Sword/CS_NonCombat_Walk_Loop_B_R_45_Seq.uasset" 201
"D:/work/project/portpolio/project-ARPG/ARPG_Hunter/Content/02-BP/Player/Animation/Sword/CS_NonCombat_Walk_Loop_B_R_45_Seq.uexp" 202
"D:/work/project/portpolio/project-ARPG/ARPG_Hunter/Content/02-BP/Player/Animation/Sword/CS_NonCombat_Walk_Loop_F_L_45_Seq.uasset" 203
"D:/work/project/portpolio/project-ARPG/ARPG_Hunter/Content/02-BP/Player/Animation/Sword/CS_NonCombat_Walk_Loop_F_L_45_Seq.uexp" 204
"D:/work/project/portpolio/project-ARPG/ARPG_Hunter/Content/02-BP/Player/Animation/Sword/CS_NonCombat_Run_Loop_B_L_45_Seq.uasset" 205
"D:/work/project/portpolio/project-ARPG/ARPG_Hunter/Content/02-BP/Player/Animation/Sword/CS_NonCombat_Run_Loop_B_L_45_Seq.uexp" 206
"D:/work/project/portpolio/project-ARPG/ARPG_Hunter/Content/02-BP/Player/Animation/Sword/CS_NonCombat_Walk_Loop_F_R_90_Seq.uasset" 207
"D:/work/project/portpolio/project-ARPG/ARPG_Hunter/Content/02-BP/Player/Animation/Sword/CS_NonCombat_Walk_Loop_F_R_90_Seq.uexp" 208
"D:/work/project/portpolio/project-ARPG/ARPG_Hunter/Content/02-BP/Player/Animation/Sword/CS_NonCombat_Walk_Loop_B_L_45_Seq.uasset" 209
"D:/work/project/portpolio/project-ARPG/ARPG_Hunter/Content/02-BP/Player/Animation/Sword/CS_NonCombat_Walk_Loop_B_L_45_Seq.uexp" 210
"D:/work/project/portpolio/project-ARPG/ARPG_Hunter/Content/02-BP/Player/Animation/Sword/CS_NonCombat_Walk_Loop_F_0_Seq.uasset" 211
"D:/work/project/portpolio/project-ARPG/ARPG_Hunter/Content/02-BP/Player/Animation/Sword/CS_NonCombat_Walk_Loop_F_0_Seq.uexp" 212
"D:/work/project/portpolio/project-ARPG/ARPG_Hunter/Content/02-BP/Player/Animation/Sword/CS_NonCombat_Run_Loop_F_R_90_Seq.uasset" 213
"D:/work/project/portpolio/project-ARPG/ARPG_Hunter/Content/02-BP/Player/Animation/Sword/CS_NonCombat_Run_Loop_F_R_90_Seq.uexp" 214
"D:/work/project/portpolio/project-ARPG/ARPG_Hunter/Content/02-BP/Player/Animation/Sword/CS_NonCombat_Run_Loop_F_L_90_Seq.uasset" 215
"D:/work/project/portpolio/project-ARPG/ARPG_Hunter/Content/02-BP/Player/Animation/Sword/CS_NonCombat_Run_Loop_F_L_90_Seq.uexp" 216
"D:/work/project/portpolio/project-ARPG/ARPG_Hunter/Content/02-BP/Player/Animation/Sword/CS_NonCombat_Run_Loop_F_L_45_Seq.uasset" 217
"D:/work/project/portpolio/project-ARPG/ARPG_Hunter/Content/02-BP/Player/Animation/Sword/CS_NonCombat_Run_Loop_F_L_45_Seq.uexp" 218
"D:/work/project/portpolio/project-ARPG/ARPG_Hunter/Content/02-BP/Player/Animation/Sword/CS_NonCombat_Run_Loop_B_R_45_Seq.uasset" 219
"D:/work/project/portpolio/project-ARPG/ARPG_Hunter/Content/02-BP/Player/Animation/Sword/CS_NonCombat_Run_Loop_B_R_45_Seq.uexp" 220
"D:/work/project/portpolio/project-ARPG/ARPG_Hunter/Content/02-BP/Player/Animation/Sword/CS_NonCombat_Walk_Loop_F_R_45_Seq.uasset" 221
"D:/work/project/portpolio/project-ARPG/ARPG_Hunter/Content/02-BP/Player/Animation/Sword/CS_NonCombat_Walk_Loop_F_R_45_Seq.uexp" 222
"D:/work/project/portpolio/project-ARPG/ARPG_Hunter/Content/02-BP/Player/Animation/Sword/CS_NonCombat_Run_Loop_B_180_Seq.uasset" 223
"D:/work/project/portpolio/project-ARPG/ARPG_Hunter/Content/02-BP/Player/Animation/Sword/CS_NonCombat_Run_Loop_B_180_Seq.uexp" 224
"D:/work/project/portpolio/project-ARPG/ARPG_Hunter/Content/02-BP/Player/Animation/Sword/CS_BS_NonCombat_Move.uasset" 225
"D:/work/project/portpolio/project-ARPG/ARPG_Hunter/Content/02-BP/Player/Animation/Sword/CS_BS_NonCombat_Move.uexp" 226
"D:/work/project/portpolio/project-ARPG/ARPG_Hunter/Content/02-BP/Player/Animation/Sword/CS_Idle_Combat_Seq.uasset" 227
"D:/work/project/portpolio/project-ARPG/ARPG_Hunter/Content/02-BP/Player/Animation/Sword/CS_Idle_Combat_Seq.uexp" 228
"../../../Engine/Plugins/Animation/ACLPlugin/Content/ACLAnimCurveCompressionSettings.uasset" 229
"../../../Engine/Plugins/Animation/ACLPlugin/Content/ACLAnimCurveCompressionSettings.uexp" 230
"D:/work/project/portpolio/project-ARPG/ARPG_Hunter/Content/02-BP/Player/Animation/Sword/CS_Hit_Combat_Death_LastFrame.uasset" 231
"D:/work/project/portpolio/project-ARPG/ARPG_Hunter/Content/02-BP/Player/Animation/Sword/CS_Hit_Combat_Death_LastFrame.uexp" 232
"D:/work/project/portpolio/project-ARPG/ARPG_Hunter/Content/02-BP/Player/Animation/Sword/CS_Jump_Combat_Loop_0_Seq.uasset" 233
"D:/work/project/portpolio/project-ARPG/ARPG_Hunter/Content/02-BP/Player/Animation/Sword/CS_Jump_Combat_Loop_0_Seq.uexp" 234
"D:/work/project/portpolio/project-ARPG/ARPG_Hunter/Content/02-BP/Player/Animation/ABP_Player.uasset" 235
"D:/work/project/portpolio/project-ARPG/ARPG_Hunter/Content/02-BP/Player/Animation/ABP_Player.uexp" 236
"D:/work/project/portpolio/project-ARPG/ARPG_Hunter/Content/99-Asset/Character/CyberSoldier/Character/Mesh/Seperates/Cyber_Soldier_Head_PhysicsAsset.uasset" 237
"D:/work/project/portpolio/project-ARPG/ARPG_Hunter/Content/99-Asset/Character/CyberSoldier/Character/Mesh/Seperates/Cyber_Soldier_Head_PhysicsAsset.uexp" 238
"D:/work/project/portpolio/project-ARPG/ARPG_Hunter/Content/99-Asset/Character/CyberSoldier/Character/Textures/Heads/Cyber_Soldier_Heads_Ao.ubulk" 239
"D:/work/project/portpolio/project-ARPG/ARPG_Hunter/Content/99-Asset/Character/CyberSoldier/Character/Textures/Heads/Cyber_Soldier_Heads_Ao.uasset" 240
"D:/work/project/portpolio/project-ARPG/ARPG_Hunter/Content/99-Asset/Character/CyberSoldier/Character/Textures/Heads/Cyber_Soldier_Heads_Ao.uexp" 241
"D:/work/project/portpolio/project-ARPG/ARPG_Hunter/Content/99-Asset/Character/CyberSoldier/Character/Textures/Heads/Cyber_Soldier_Heads_Normals.ubulk" 242
"D:/work/project/portpolio/project-ARPG/ARPG_Hunter/Content/99-Asset/Character/CyberSoldier/Character/Textures/Heads/Cyber_Soldier_Heads_Normals.uasset" 243
"D:/work/project/portpolio/project-ARPG/ARPG_Hunter/Content/99-Asset/Character/CyberSoldier/Character/Textures/Heads/Cyber_Soldier_Heads_Normals.uexp" 244
"D:/work/project/portpolio/project-ARPG/ARPG_Hunter/Content/99-Asset/Character/CyberSoldier/Character/Textures/Heads/Cyber_Soldier_Heads_Metallic.ubulk" 245
"D:/work/project/portpolio/project-ARPG/ARPG_Hunter/Content/99-Asset/Character/CyberSoldier/Character/Textures/Heads/Cyber_Soldier_Heads_Metallic.uasset" 246
"D:/work/project/portpolio/project-ARPG/ARPG_Hunter/Content/99-Asset/Character/CyberSoldier/Character/Textures/Heads/Cyber_Soldier_Heads_Metallic.uexp" 247
"D:/work/project/portpolio/project-ARPG/ARPG_Hunter/Content/99-Asset/Character/CyberSoldier/Character/Textures/Heads/Cyber_Soldier_Heads_Albedo1.ubulk" 248
"D:/work/project/portpolio/project-ARPG/ARPG_Hunter/Content/99-Asset/Character/CyberSoldier/Character/Textures/Heads/Cyber_Soldier_Heads_Albedo1.uasset" 249
"D:/work/project/portpolio/project-ARPG/ARPG_Hunter/Content/99-Asset/Character/CyberSoldier/Character/Textures/Heads/Cyber_Soldier_Heads_Albedo1.uexp" 250
"../../../Engine/Content/EngineResources/Black.uasset" 251
"../../../Engine/Content/EngineResources/Black.uexp" 252
"D:/work/project/portpolio/project-ARPG/ARPG_Hunter/Content/05-Material/M_CharacterMaster.uasset" 253
"D:/work/project/portpolio/project-ARPG/ARPG_Hunter/Content/05-Material/M_CharacterMaster.uexp" 254
"D:/work/project/portpolio/project-ARPG/ARPG_Hunter/Content/99-Asset/Character/CyberSoldier/Character/Textures/Heads/Cyber_Soldier_Heads_Albedo3.ubulk" 255
"D:/work/project/portpolio/project-ARPG/ARPG_Hunter/Content/99-Asset/Character/CyberSoldier/Character/Textures/Heads/Cyber_Soldier_Heads_Albedo3.uasset" 256
"D:/work/project/portpolio/project-ARPG/ARPG_Hunter/Content/99-Asset/Character/CyberSoldier/Character/Textures/Heads/Cyber_Soldier_Heads_Albedo3.uexp" 257
"D:/work/project/portpolio/project-ARPG/ARPG_Hunter/Content/99-Asset/Character/CyberSoldier/Character/Textures/Heads/Cyber_Soldier_Heads_Emissive.ubulk" 258
"D:/work/project/portpolio/project-ARPG/ARPG_Hunter/Content/99-Asset/Character/CyberSoldier/Character/Textures/Heads/Cyber_Soldier_Heads_Emissive.uasset" 259
"D:/work/project/portpolio/project-ARPG/ARPG_Hunter/Content/99-Asset/Character/CyberSoldier/Character/Textures/Heads/Cyber_Soldier_Heads_Emissive.uexp" 260
"D:/work/project/portpolio/project-ARPG/ARPG_Hunter/Content/99-Asset/Character/CyberSoldier/Character/Textures/Heads/MI_Cyber_Soldier_Head3.uasset" 261
"D:/work/project/portpolio/project-ARPG/ARPG_Hunter/Content/99-Asset/Character/CyberSoldier/Character/Textures/Heads/MI_Cyber_Soldier_Head3.uexp" 262
"D:/work/project/portpolio/project-ARPG/ARPG_Hunter/Content/99-Asset/Character/CyberSoldier/Character/Mesh/Seperates/Cyber_Soldier_Head2.uasset" 263
"D:/work/project/portpolio/project-ARPG/ARPG_Hunter/Content/99-Asset/Character/CyberSoldier/Character/Mesh/Seperates/Cyber_Soldier_Head2.uexp" 264
"D:/work/project/portpolio/project-ARPG/ARPG_Hunter/Content/99-Asset/Character/CyberSoldier/Character/Textures/Body/Cyber_Soldier_Metallic.ubulk" 265
"D:/work/project/portpolio/project-ARPG/ARPG_Hunter/Content/99-Asset/Character/CyberSoldier/Character/Textures/Body/Cyber_Soldier_Metallic.uasset" 266
"D:/work/project/portpolio/project-ARPG/ARPG_Hunter/Content/99-Asset/Character/CyberSoldier/Character/Textures/Body/Cyber_Soldier_Metallic.uexp" 267
"D:/work/project/portpolio/project-ARPG/ARPG_Hunter/Content/99-Asset/Character/CyberSoldier/Character/Textures/Body/Cyber_Soldier_Normal.ubulk" 268
"D:/work/project/portpolio/project-ARPG/ARPG_Hunter/Content/99-Asset/Character/CyberSoldier/Character/Textures/Body/Cyber_Soldier_Normal.uasset" 269
"D:/work/project/portpolio/project-ARPG/ARPG_Hunter/Content/99-Asset/Character/CyberSoldier/Character/Textures/Body/Cyber_Soldier_Normal.uexp" 270
"D:/work/project/portpolio/project-ARPG/ARPG_Hunter/Content/99-Asset/Character/CyberSoldier/Character/Textures/Body/Cyber_Soldier_Albedo_2.ubulk" 271
"D:/work/project/portpolio/project-ARPG/ARPG_Hunter/Content/99-Asset/Character/CyberSoldier/Character/Textures/Body/Cyber_Soldier_Albedo_2.uasset" 272
"D:/work/project/portpolio/project-ARPG/ARPG_Hunter/Content/99-Asset/Character/CyberSoldier/Character/Textures/Body/Cyber_Soldier_Albedo_2.uexp" 273
"D:/work/project/portpolio/project-ARPG/ARPG_Hunter/Content/99-Asset/Character/CyberSoldier/Character/Textures/Body/Cyber_Soldier_Ao.ubulk" 274
"D:/work/project/portpolio/project-ARPG/ARPG_Hunter/Content/99-Asset/Character/CyberSoldier/Character/Textures/Body/Cyber_Soldier_Ao.uasset" 275
"D:/work/project/portpolio/project-ARPG/ARPG_Hunter/Content/99-Asset/Character/CyberSoldier/Character/Textures/Body/Cyber_Soldier_Ao.uexp" 276
"D:/work/project/portpolio/project-ARPG/ARPG_Hunter/Content/99-Asset/Character/CyberSoldier/Character/Textures/Body/MI_Cyber_Soldier2.uasset" 277
"D:/work/project/portpolio/project-ARPG/ARPG_Hunter/Content/99-Asset/Character/CyberSoldier/Character/Textures/Body/MI_Cyber_Soldier2.uexp" 278
"D:/work/project/portpolio/project-ARPG/ARPG_Hunter/Content/99-Asset/Character/CyberSoldier/Character/Mesh/Seperates/Cyber_Soldier_Bottom_PhysicsAsset.uasset" 279
"D:/work/project/portpolio/project-ARPG/ARPG_Hunter/Content/99-Asset/Character/CyberSoldier/Character/Mesh/Seperates/Cyber_Soldier_Bottom_PhysicsAsset.uexp" 280
"D:/work/project/portpolio/project-ARPG/ARPG_Hunter/Content/99-Asset/Character/CyberSoldier/Character/Mesh/Seperates/Cyber_Soldier_Bottom1.uasset" 281
"D:/work/project/portpolio/project-ARPG/ARPG_Hunter/Content/99-Asset/Character/CyberSoldier/Character/Mesh/Seperates/Cyber_Soldier_Bottom1.uexp" 282
"D:/work/project/portpolio/project-ARPG/ARPG_Hunter/Content/99-Asset/Character/CyberSoldier/Character/Mesh/Seperates/Cyber_Soldier_Top_PhysicsAsset.uasset" 283
"D:/work/project/portpolio/project-ARPG/ARPG_Hunter/Content/99-Asset/Character/CyberSoldier/Character/Mesh/Seperates/Cyber_Soldier_Top_PhysicsAsset.uexp" 284
"D:/work/project/portpolio/project-ARPG/ARPG_Hunter/Content/99-Asset/Character/CyberSoldier/Character/Textures/Body/Cyber_Soldier_Albedo_3.ubulk" 285
"D:/work/project/portpolio/project-ARPG/ARPG_Hunter/Content/99-Asset/Character/CyberSoldier/Character/Textures/Body/Cyber_Soldier_Albedo_3.uasset" 286
"D:/work/project/portpolio/project-ARPG/ARPG_Hunter/Content/99-Asset/Character/CyberSoldier/Character/Textures/Body/Cyber_Soldier_Albedo_3.uexp" 287
"D:/work/project/portpolio/project-ARPG/ARPG_Hunter/Content/99-Asset/Character/CyberSoldier/Character/Textures/Body/MI_Cyber_Soldier3.uasset" 288
"D:/work/project/portpolio/project-ARPG/ARPG_Hunter/Content/99-Asset/Character/CyberSoldier/Character/Textures/Body/MI_Cyber_Soldier3.uexp" 289
"D:/work/project/portpolio/project-ARPG/ARPG_Hunter/Content/99-Asset/Character/CyberSoldier/Character/Mesh/Seperates/Cyber_Soldier_Top2.uasset" 290
"D:/work/project/portpolio/project-ARPG/ARPG_Hunter/Content/99-Asset/Character/CyberSoldier/Character/Mesh/Seperates/Cyber_Soldier_Top2.uexp" 291
"D:/work/project/portpolio/project-ARPG/ARPG_Hunter/Content/99-Asset/Prop/Weapons/SK_Sword_Skeleton.uasset" 292
"D:/work/project/portpolio/project-ARPG/ARPG_Hunter/Content/99-Asset/Prop/Weapons/SK_Sword_Skeleton.uexp" 293
"D:/work/project/portpolio/project-ARPG/ARPG_Hunter/Content/99-Asset/Prop/Weapons/T_Swords_M.ubulk" 294
"D:/work/project/portpolio/project-ARPG/ARPG_Hunter/Content/99-Asset/Prop/Weapons/T_Swords_M.uasset" 295
"D:/work/project/portpolio/project-ARPG/ARPG_Hunter/Content/99-Asset/Prop/Weapons/T_Swords_M.uexp" 296
"D:/work/project/portpolio/project-ARPG/ARPG_Hunter/Content/99-Asset/Prop/Weapons/Common/Textures/Utility/T_PatternA_BC.ubulk" 297
"D:/work/project/portpolio/project-ARPG/ARPG_Hunter/Content/99-Asset/Prop/Weapons/Common/Textures/Utility/T_PatternA_BC.uasset" 298
"D:/work/project/portpolio/project-ARPG/ARPG_Hunter/Content/99-Asset/Prop/Weapons/Common/Textures/Utility/T_PatternA_BC.uexp" 299
"D:/work/project/portpolio/project-ARPG/ARPG_Hunter/Content/99-Asset/Prop/Weapons/T_Swords_EM.ubulk" 300
"D:/work/project/portpolio/project-ARPG/ARPG_Hunter/Content/99-Asset/Prop/Weapons/T_Swords_EM.uasset" 301
"D:/work/project/portpolio/project-ARPG/ARPG_Hunter/Content/99-Asset/Prop/Weapons/T_Swords_EM.uexp" 302
"D:/work/project/portpolio/project-ARPG/ARPG_Hunter/Content/99-Asset/Prop/Weapons/Common/Textures/UnderWear/T_Bikini_Dirt.ubulk" 303
"D:/work/project/portpolio/project-ARPG/ARPG_Hunter/Content/99-Asset/Prop/Weapons/Common/Textures/UnderWear/T_Bikini_Dirt.uasset" 304
"D:/work/project/portpolio/project-ARPG/ARPG_Hunter/Content/99-Asset/Prop/Weapons/Common/Textures/UnderWear/T_Bikini_Dirt.uexp" 305
"D:/work/project/portpolio/project-ARPG/ARPG_Hunter/Content/99-Asset/Prop/Weapons/Common/Textures/Utility/T_TextureSample1_BC.ubulk" 306
"D:/work/project/portpolio/project-ARPG/ARPG_Hunter/Content/99-Asset/Prop/Weapons/Common/Textures/Utility/T_TextureSample1_BC.uasset" 307
"D:/work/project/portpolio/project-ARPG/ARPG_Hunter/Content/99-Asset/Prop/Weapons/Common/Textures/Utility/T_TextureSample1_BC.uexp" 308
"D:/work/project/portpolio/project-ARPG/ARPG_Hunter/Content/99-Asset/Prop/Weapons/Common/Textures/Utility/T_TextureSample2_BC.ubulk" 309
"D:/work/project/portpolio/project-ARPG/ARPG_Hunter/Content/99-Asset/Prop/Weapons/Common/Textures/Utility/T_TextureSample2_BC.uasset" 310
"D:/work/project/portpolio/project-ARPG/ARPG_Hunter/Content/99-Asset/Prop/Weapons/Common/Textures/Utility/T_TextureSample2_BC.uexp" 311
"../../../Engine/Content/Functions/Engine_MaterialFunctions03/ComplexMotion/Motion_4WayChaos.uasset" 312
"../../../Engine/Content/Functions/Engine_MaterialFunctions03/ComplexMotion/Motion_4WayChaos.uexp" 313
"D:/work/project/portpolio/project-ARPG/ARPG_Hunter/Content/99-Asset/Prop/Weapons/Common/Textures/UnderWear/T_Bikini_M.ubulk" 314
"D:/work/project/portpolio/project-ARPG/ARPG_Hunter/Content/99-Asset/Prop/Weapons/Common/Textures/UnderWear/T_Bikini_M.uasset" 315
"D:/work/project/portpolio/project-ARPG/ARPG_Hunter/Content/99-Asset/Prop/Weapons/Common/Textures/UnderWear/T_Bikini_M.uexp" 316
"D:/work/project/portpolio/project-ARPG/ARPG_Hunter/Content/99-Asset/Prop/Weapons/Common/Textures/UnderWear/T_Bikini_N.ubulk" 317
"D:/work/project/portpolio/project-ARPG/ARPG_Hunter/Content/99-Asset/Prop/Weapons/Common/Textures/UnderWear/T_Bikini_N.uasset" 318
"D:/work/project/portpolio/project-ARPG/ARPG_Hunter/Content/99-Asset/Prop/Weapons/Common/Textures/UnderWear/T_Bikini_N.uexp" 319
"D:/work/project/portpolio/project-ARPG/ARPG_Hunter/Content/99-Asset/Prop/Weapons/Common/Textures/Utility/T_TextureSample3_BC.ubulk" 320
"D:/work/project/portpolio/project-ARPG/ARPG_Hunter/Content/99-Asset/Prop/Weapons/Common/Textures/Utility/T_TextureSample3_BC.uasset" 321
"D:/work/project/portpolio/project-ARPG/ARPG_Hunter/Content/99-Asset/Prop/Weapons/Common/Textures/Utility/T_TextureSample3_BC.uexp" 322
"D:/work/project/portpolio/project-ARPG/ARPG_Hunter/Content/99-Asset/Prop/Weapons/Common/Textures/UnderWear/T_Bikini_BC.ubulk" 323
"D:/work/project/portpolio/project-ARPG/ARPG_Hunter/Content/99-Asset/Prop/Weapons/Common/Textures/UnderWear/T_Bikini_BC.uasset" 324
"D:/work/project/portpolio/project-ARPG/ARPG_Hunter/Content/99-Asset/Prop/Weapons/Common/Textures/UnderWear/T_Bikini_BC.uexp" 325
"../../../Engine/Content/EngineResources/DefaultTexture.ubulk" 326
"../../../Engine/Content/EngineResources/DefaultTexture.uasset" 327
"../../../Engine/Content/EngineResources/DefaultTexture.uexp" 328
"../../../Engine/Content/Functions/Engine_MaterialFunctions01/Gradient/LinearGradient.uasset" 329
"../../../Engine/Content/Functions/Engine_MaterialFunctions01/Gradient/LinearGradient.uexp" 330
"D:/work/project/portpolio/project-ARPG/ARPG_Hunter/Content/99-Asset/Prop/Weapons/Common/Materials/MaterialMasters/Effects/MF_Energy.uasset" 331
"D:/work/project/portpolio/project-ARPG/ARPG_Hunter/Content/99-Asset/Prop/Weapons/Common/Materials/MaterialMasters/Effects/MF_Energy.uexp" 332
"D:/work/project/portpolio/project-ARPG/ARPG_Hunter/Content/99-Asset/Prop/Weapons/Common/Textures/UnderWear/T_Bikini_ORM.ubulk" 333
"D:/work/project/portpolio/project-ARPG/ARPG_Hunter/Content/99-Asset/Prop/Weapons/Common/Textures/UnderWear/T_Bikini_ORM.uasset" 334
"D:/work/project/portpolio/project-ARPG/ARPG_Hunter/Content/99-Asset/Prop/Weapons/Common/Textures/UnderWear/T_Bikini_ORM.uexp" 335
"D:/work/project/portpolio/project-ARPG/ARPG_Hunter/Content/99-Asset/Prop/Weapons/Common/Materials/MaterialMasters/Clothing/MF_BlendColor_V2.uasset" 336
"D:/work/project/portpolio/project-ARPG/ARPG_Hunter/Content/99-Asset/Prop/Weapons/Common/Materials/MaterialMasters/Clothing/MF_BlendColor_V2.uexp" 337
"D:/work/project/portpolio/project-ARPG/ARPG_Hunter/Content/99-Asset/Prop/Weapons/Common/Materials/MaterialMasters/Clothing/M_ColorMaster_V2.uasset" 338
"D:/work/project/portpolio/project-ARPG/ARPG_Hunter/Content/99-Asset/Prop/Weapons/Common/Materials/MaterialMasters/Clothing/M_ColorMaster_V2.uexp" 339
"D:/work/project/portpolio/project-ARPG/ARPG_Hunter/Content/99-Asset/Prop/Weapons/T_Swords_ORM.ubulk" 340
"D:/work/project/portpolio/project-ARPG/ARPG_Hunter/Content/99-Asset/Prop/Weapons/T_Swords_ORM.uasset" 341
"D:/work/project/portpolio/project-ARPG/ARPG_Hunter/Content/99-Asset/Prop/Weapons/T_Swords_ORM.uexp" 342
"D:/work/project/portpolio/project-ARPG/ARPG_Hunter/Content/99-Asset/Prop/Weapons/T_Swords_N.ubulk" 343
"D:/work/project/portpolio/project-ARPG/ARPG_Hunter/Content/99-Asset/Prop/Weapons/T_Swords_N.uasset" 344
"D:/work/project/portpolio/project-ARPG/ARPG_Hunter/Content/99-Asset/Prop/Weapons/T_Swords_N.uexp" 345
"D:/work/project/portpolio/project-ARPG/ARPG_Hunter/Content/99-Asset/Prop/Weapons/T_Swords_BC.ubulk" 346
"D:/work/project/portpolio/project-ARPG/ARPG_Hunter/Content/99-Asset/Prop/Weapons/T_Swords_BC.uasset" 347
"D:/work/project/portpolio/project-ARPG/ARPG_Hunter/Content/99-Asset/Prop/Weapons/T_Swords_BC.uexp" 348
"D:/work/project/portpolio/project-ARPG/ARPG_Hunter/Content/99-Asset/Prop/Weapons/T_Swords_Dirt.ubulk" 349
"D:/work/project/portpolio/project-ARPG/ARPG_Hunter/Content/99-Asset/Prop/Weapons/T_Swords_Dirt.uasset" 350
"D:/work/project/portpolio/project-ARPG/ARPG_Hunter/Content/99-Asset/Prop/Weapons/T_Swords_Dirt.uexp" 351
"D:/work/project/portpolio/project-ARPG/ARPG_Hunter/Content/99-Asset/Prop/Weapons/MI_Swords.uasset" 352
"D:/work/project/portpolio/project-ARPG/ARPG_Hunter/Content/99-Asset/Prop/Weapons/MI_Swords.uexp" 353
"D:/work/project/portpolio/project-ARPG/ARPG_Hunter/Content/99-Asset/Prop/Weapons/Sword_PhysicsAsset.uasset" 354
"D:/work/project/portpolio/project-ARPG/ARPG_Hunter/Content/99-Asset/Prop/Weapons/Sword_PhysicsAsset.uexp" 355
"D:/work/project/portpolio/project-ARPG/ARPG_Hunter/Content/99-Asset/Prop/Weapons/SK_Sword.uasset" 356
"D:/work/project/portpolio/project-ARPG/ARPG_Hunter/Content/99-Asset/Prop/Weapons/SK_Sword.uexp" 357
"D:/work/project/portpolio/project-ARPG/ARPG_Hunter/Content/02-BP/Player/BP_Player.uasset" 358
"D:/work/project/portpolio/project-ARPG/ARPG_Hunter/Content/02-BP/Player/BP_Player.uexp" 359
"D:/work/project/portpolio/project-ARPG/ARPG_Hunter/Content/02-BP/Monster/BP_RegularMonster.uasset" 360
"D:/work/project/portpolio/project-ARPG/ARPG_Hunter/Content/02-BP/Monster/BP_RegularMonster.uexp" 361
"D:/work/project/portpolio/project-ARPG/ARPG_Hunter/Content/99-Asset/Character/CyberSoldier/Monster/Sci_Fi_Defender/Defender_Arms_Legs_Normals.ubulk" 362
"D:/work/project/portpolio/project-ARPG/ARPG_Hunter/Content/99-Asset/Character/CyberSoldier/Monster/Sci_Fi_Defender/Defender_Arms_Legs_Normals.uasset" 363
"D:/work/project/portpolio/project-ARPG/ARPG_Hunter/Content/99-Asset/Character/CyberSoldier/Monster/Sci_Fi_Defender/Defender_Arms_Legs_Normals.uexp" 364
"D:/work/project/portpolio/project-ARPG/ARPG_Hunter/Content/99-Asset/Character/CyberSoldier/Monster/Sci_Fi_Defender/Defender_Arms_Legs_Ao.ubulk" 365
"D:/work/project/portpolio/project-ARPG/ARPG_Hunter/Content/99-Asset/Character/CyberSoldier/Monster/Sci_Fi_Defender/Defender_Arms_Legs_Ao.uasset" 366
"D:/work/project/portpolio/project-ARPG/ARPG_Hunter/Content/99-Asset/Character/CyberSoldier/Monster/Sci_Fi_Defender/Defender_Arms_Legs_Ao.uexp" 367
"D:/work/project/portpolio/project-ARPG/ARPG_Hunter/Content/99-Asset/Character/CyberSoldier/Monster/Sci_Fi_Defender/Defender_Arms_Legs_Albedo_01.ubulk" 368
"D:/work/project/portpolio/project-ARPG/ARPG_Hunter/Content/99-Asset/Character/CyberSoldier/Monster/Sci_Fi_Defender/Defender_Arms_Legs_Albedo_01.uasset" 369
"D:/work/project/portpolio/project-ARPG/ARPG_Hunter/Content/99-Asset/Character/CyberSoldier/Monster/Sci_Fi_Defender/Defender_Arms_Legs_Albedo_01.uexp" 370
"D:/work/project/portpolio/project-ARPG/ARPG_Hunter/Content/99-Asset/Character/CyberSoldier/Monster/Sci_Fi_Defender/Defender_Arms_Legs_Metallic.ubulk" 371
"D:/work/project/portpolio/project-ARPG/ARPG_Hunter/Content/99-Asset/Character/CyberSoldier/Monster/Sci_Fi_Defender/Defender_Arms_Legs_Metallic.uasset" 372
"D:/work/project/portpolio/project-ARPG/ARPG_Hunter/Content/99-Asset/Character/CyberSoldier/Monster/Sci_Fi_Defender/Defender_Arms_Legs_Metallic.uexp" 373
"D:/work/project/portpolio/project-ARPG/ARPG_Hunter/Content/99-Asset/Character/CyberSoldier/Monster/Sci_Fi_Defender/Defender_Arms_Legs_Emissive.ubulk" 374
"D:/work/project/portpolio/project-ARPG/ARPG_Hunter/Content/99-Asset/Character/CyberSoldier/Monster/Sci_Fi_Defender/Defender_Arms_Legs_Emissive.uasset" 375
"D:/work/project/portpolio/project-ARPG/ARPG_Hunter/Content/99-Asset/Character/CyberSoldier/Monster/Sci_Fi_Defender/Defender_Arms_Legs_Emissive.uexp" 376
"D:/work/project/portpolio/project-ARPG/ARPG_Hunter/Content/99-Asset/Character/CyberSoldier/Monster/Sci_Fi_Defender/MI_Sci_Fi_Defender_Arms_Legs.uasset" 377
"D:/work/project/portpolio/project-ARPG/ARPG_Hunter/Content/99-Asset/Character/CyberSoldier/Monster/Sci_Fi_Defender/MI_Sci_Fi_Defender_Arms_Legs.uexp" 378
"D:/work/project/portpolio/project-ARPG/ARPG_Hunter/Content/99-Asset/Character/CyberSoldier/Monster/Sci_Fi_Defender/Defender_Mesh_Skeleton.uasset" 379
"D:/work/project/portpolio/project-ARPG/ARPG_Hunter/Content/99-Asset/Character/CyberSoldier/Monster/Sci_Fi_Defender/Defender_Mesh_Skeleton.uexp" 380
"D:/work/project/portpolio/project-ARPG/ARPG_Hunter/Content/99-Asset/Character/CyberSoldier/Monster/Sci_Fi_Defender/Defender_Mesh_PhysicsAsset.uasset" 381
"D:/work/project/portpolio/project-ARPG/ARPG_Hunter/Content/99-Asset/Character/CyberSoldier/Monster/Sci_Fi_Defender/Defender_Mesh_PhysicsAsset.uexp" 382
"D:/work/project/portpolio/project-ARPG/ARPG_Hunter/Content/99-Asset/Character/CyberSoldier/Monster/Sci_Fi_Defender/Defender_Body_Ao.ubulk" 383
"D:/work/project/portpolio/project-ARPG/ARPG_Hunter/Content/99-Asset/Character/CyberSoldier/Monster/Sci_Fi_Defender/Defender_Body_Ao.uasset" 384
"D:/work/project/portpolio/project-ARPG/ARPG_Hunter/Content/99-Asset/Character/CyberSoldier/Monster/Sci_Fi_Defender/Defender_Body_Ao.uexp" 385
"D:/work/project/portpolio/project-ARPG/ARPG_Hunter/Content/99-Asset/Character/CyberSoldier/Monster/Sci_Fi_Defender/Defender_Body_Emissive.ubulk" 386
"D:/work/project/portpolio/project-ARPG/ARPG_Hunter/Content/99-Asset/Character/CyberSoldier/Monster/Sci_Fi_Defender/Defender_Body_Emissive.uasset" 387
"D:/work/project/portpolio/project-ARPG/ARPG_Hunter/Content/99-Asset/Character/CyberSoldier/Monster/Sci_Fi_Defender/Defender_Body_Emissive.uexp" 388
"D:/work/project/portpolio/project-ARPG/ARPG_Hunter/Content/99-Asset/Character/CyberSoldier/Monster/Sci_Fi_Defender/Defender_Body_Normals.ubulk" 389
"D:/work/project/portpolio/project-ARPG/ARPG_Hunter/Content/99-Asset/Character/CyberSoldier/Monster/Sci_Fi_Defender/Defender_Body_Normals.uasset" 390
"D:/work/project/portpolio/project-ARPG/ARPG_Hunter/Content/99-Asset/Character/CyberSoldier/Monster/Sci_Fi_Defender/Defender_Body_Normals.uexp" 391
"D:/work/project/portpolio/project-ARPG/ARPG_Hunter/Content/99-Asset/Character/CyberSoldier/Monster/Sci_Fi_Defender/Defender_Body_Metallic.ubulk" 392
"D:/work/project/portpolio/project-ARPG/ARPG_Hunter/Content/99-Asset/Character/CyberSoldier/Monster/Sci_Fi_Defender/Defender_Body_Metallic.uasset" 393
"D:/work/project/portpolio/project-ARPG/ARPG_Hunter/Content/99-Asset/Character/CyberSoldier/Monster/Sci_Fi_Defender/Defender_Body_Metallic.uexp" 394
"D:/work/project/portpolio/project-ARPG/ARPG_Hunter/Content/99-Asset/Character/CyberSoldier/Monster/Sci_Fi_Defender/Defender_Body_Albedo_01.ubulk" 395
"D:/work/project/portpolio/project-ARPG/ARPG_Hunter/Content/99-Asset/Character/CyberSoldier/Monster/Sci_Fi_Defender/Defender_Body_Albedo_01.uasset" 396
"D:/work/project/portpolio/project-ARPG/ARPG_Hunter/Content/99-Asset/Character/CyberSoldier/Monster/Sci_Fi_Defender/Defender_Body_Albedo_01.uexp" 397
"D:/work/project/portpolio/project-ARPG/ARPG_Hunter/Content/99-Asset/Character/CyberSoldier/Monster/Sci_Fi_Defender/MI_Sci_Fi_Defender_Body.uasset" 398
"D:/work/project/portpolio/project-ARPG/ARPG_Hunter/Content/99-Asset/Character/CyberSoldier/Monster/Sci_Fi_Defender/MI_Sci_Fi_Defender_Body.uexp" 399
"D:/work/project/portpolio/project-ARPG/ARPG_Hunter/Content/99-Asset/Character/CyberSoldier/Weapon/Defender_Rifle_1/Defender_Weapon_Albedo_01.ubulk" 400
"D:/work/project/portpolio/project-ARPG/ARPG_Hunter/Content/99-Asset/Character/CyberSoldier/Weapon/Defender_Rifle_1/Defender_Weapon_Albedo_01.uasset" 401
"D:/work/project/portpolio/project-ARPG/ARPG_Hunter/Content/99-Asset/Character/CyberSoldier/Weapon/Defender_Rifle_1/Defender_Weapon_Albedo_01.uexp" 402
"D:/work/project/portpolio/project-ARPG/ARPG_Hunter/Content/99-Asset/Character/CyberSoldier/Weapon/Defender_Rifle_1/Defender_Weapon_Normal.ubulk" 403
"D:/work/project/portpolio/project-ARPG/ARPG_Hunter/Content/99-Asset/Character/CyberSoldier/Weapon/Defender_Rifle_1/Defender_Weapon_Normal.uasset" 404
"D:/work/project/portpolio/project-ARPG/ARPG_Hunter/Content/99-Asset/Character/CyberSoldier/Weapon/Defender_Rifle_1/Defender_Weapon_Normal.uexp" 405
"D:/work/project/portpolio/project-ARPG/ARPG_Hunter/Content/99-Asset/Character/CyberSoldier/Weapon/Defender_Rifle_1/Defender_Weapon_Metallic.ubulk" 406
"D:/work/project/portpolio/project-ARPG/ARPG_Hunter/Content/99-Asset/Character/CyberSoldier/Weapon/Defender_Rifle_1/Defender_Weapon_Metallic.uasset" 407
"D:/work/project/portpolio/project-ARPG/ARPG_Hunter/Content/99-Asset/Character/CyberSoldier/Weapon/Defender_Rifle_1/Defender_Weapon_Metallic.uexp" 408
"D:/work/project/portpolio/project-ARPG/ARPG_Hunter/Content/99-Asset/Character/CyberSoldier/Weapon/Defender_Rifle_1/Defender_Weapon_Emissive.ubulk" 409
"D:/work/project/portpolio/project-ARPG/ARPG_Hunter/Content/99-Asset/Character/CyberSoldier/Weapon/Defender_Rifle_1/Defender_Weapon_Emissive.uasset" 410
"D:/work/project/portpolio/project-ARPG/ARPG_Hunter/Content/99-Asset/Character/CyberSoldier/Weapon/Defender_Rifle_1/Defender_Weapon_Emissive.uexp" 411
"D:/work/project/portpolio/project-ARPG/ARPG_Hunter/Content/99-Asset/Character/CyberSoldier/Weapon/Defender_Rifle_1/Defender_Weapon_Ao.ubulk" 412
"D:/work/project/portpolio/project-ARPG/ARPG_Hunter/Content/99-Asset/Character/CyberSoldier/Weapon/Defender_Rifle_1/Defender_Weapon_Ao.uasset" 413
"D:/work/project/portpolio/project-ARPG/ARPG_Hunter/Content/99-Asset/Character/CyberSoldier/Weapon/Defender_Rifle_1/Defender_Weapon_Ao.uexp" 414
"D:/work/project/portpolio/project-ARPG/ARPG_Hunter/Content/99-Asset/Character/CyberSoldier/Weapon/Defender_Rifle_1/MI_Sci_Fi_Defender_Weapon.uasset" 415
"D:/work/project/portpolio/project-ARPG/ARPG_Hunter/Content/99-Asset/Character/CyberSoldier/Weapon/Defender_Rifle_1/MI_Sci_Fi_Defender_Weapon.uexp" 416
"D:/work/project/portpolio/project-ARPG/ARPG_Hunter/Content/99-Asset/Character/CyberSoldier/Monster/Sci_Fi_Defender/Legs_Details_Metallic.ubulk" 417
"D:/work/project/portpolio/project-ARPG/ARPG_Hunter/Content/99-Asset/Character/CyberSoldier/Monster/Sci_Fi_Defender/Legs_Details_Metallic.uasset" 418
"D:/work/project/portpolio/project-ARPG/ARPG_Hunter/Content/99-Asset/Character/CyberSoldier/Monster/Sci_Fi_Defender/Legs_Details_Metallic.uexp" 419
"D:/work/project/portpolio/project-ARPG/ARPG_Hunter/Content/99-Asset/Character/CyberSoldier/Monster/Sci_Fi_Defender/Legs_Details_Albedo_01.ubulk" 420
"D:/work/project/portpolio/project-ARPG/ARPG_Hunter/Content/99-Asset/Character/CyberSoldier/Monster/Sci_Fi_Defender/Legs_Details_Albedo_01.uasset" 421
"D:/work/project/portpolio/project-ARPG/ARPG_Hunter/Content/99-Asset/Character/CyberSoldier/Monster/Sci_Fi_Defender/Legs_Details_Albedo_01.uexp" 422
"D:/work/project/portpolio/project-ARPG/ARPG_Hunter/Content/99-Asset/Character/CyberSoldier/Monster/Sci_Fi_Defender/Legs_Details_Ao.ubulk" 423
"D:/work/project/portpolio/project-ARPG/ARPG_Hunter/Content/99-Asset/Character/CyberSoldier/Monster/Sci_Fi_Defender/Legs_Details_Ao.uasset" 424
"D:/work/project/portpolio/project-ARPG/ARPG_Hunter/Content/99-Asset/Character/CyberSoldier/Monster/Sci_Fi_Defender/Legs_Details_Ao.uexp" 425
"D:/work/project/portpolio/project-ARPG/ARPG_Hunter/Content/99-Asset/Character/CyberSoldier/Monster/Sci_Fi_Defender/Legs_Details_Normals.ubulk" 426
"D:/work/project/portpolio/project-ARPG/ARPG_Hunter/Content/99-Asset/Character/CyberSoldier/Monster/Sci_Fi_Defender/Legs_Details_Normals.uasset" 427
"D:/work/project/portpolio/project-ARPG/ARPG_Hunter/Content/99-Asset/Character/CyberSoldier/Monster/Sci_Fi_Defender/Legs_Details_Normals.uexp" 428
"D:/work/project/portpolio/project-ARPG/ARPG_Hunter/Content/99-Asset/Character/CyberSoldier/Monster/Sci_Fi_Defender/MI_Sci_Fi_Defender_Legs_Details.uasset" 429
"D:/work/project/portpolio/project-ARPG/ARPG_Hunter/Content/99-Asset/Character/CyberSoldier/Monster/Sci_Fi_Defender/MI_Sci_Fi_Defender_Legs_Details.uexp" 430
"D:/work/project/portpolio/project-ARPG/ARPG_Hunter/Content/99-Asset/Character/CyberSoldier/Monster/Sci_Fi_Defender/Defender_Mesh.uasset" 431
"D:/work/project/portpolio/project-ARPG/ARPG_Hunter/Content/99-Asset/Character/CyberSoldier/Monster/Sci_Fi_Defender/Defender_Mesh.uexp" 432
"D:/work/project/portpolio/project-ARPG/ARPG_Hunter/Content/02-BP/Monster/BP_BossMonster.uasset" 433
"D:/work/project/portpolio/project-ARPG/ARPG_Hunter/Content/02-BP/Monster/BP_BossMonster.uexp" 434
"D:/work/project/portpolio/project-ARPG/ARPG_Hunter/Content/02-BP/CameraShake/BP_CameraShake_OnHit.uasset" 435
"D:/work/project/portpolio/project-ARPG/ARPG_Hunter/Content/02-BP/CameraShake/BP_CameraShake_OnHit.uexp" 436
"D:/work/project/portpolio/project-ARPG/ARPG_Hunter/Content/02-BP/CameraShake/BP_CameraShake_OnAttack.uasset" 437
"D:/work/project/portpolio/project-ARPG/ARPG_Hunter/Content/02-BP/CameraShake/BP_CameraShake_OnAttack.uexp" 438
"../../../Engine/Content/EngineResources/FilmGrains/Marcie_Grain_v3_128_M2_000.uasset" 439
"../../../Engine/Content/EngineResources/FilmGrains/Marcie_Grain_v3_128_M2_000.uexp" 440
"../../../Engine/Content/EngineMaterials/LTC/Sheen_LTC.uasset" 441
"../../../Engine/Content/EngineMaterials/LTC/Sheen_LTC.uexp" 442
"../../../Engine/Content/EngineMaterials/LTC/GGX_LTCMat.uasset" 443
"../../../Engine/Content/EngineMaterials/LTC/GGX_LTCMat.uexp" 444
"../../../Engine/Content/EngineMaterials/LTC/GGX_LTCAmp.uasset" 445
"../../../Engine/Content/EngineMaterials/LTC/GGX_LTCAmp.uexp" 446
"../../../Engine/Content/EngineMaterials/EnergyConservation/Sheen_Energy.uasset" 447
"../../../Engine/Content/EngineMaterials/EnergyConservation/Sheen_Energy.uexp" 448
"../../../Engine/Content/EngineMaterials/EnergyConservation/SheenLegacy_Energy.uasset" 449
"../../../Engine/Content/EngineMaterials/EnergyConservation/SheenLegacy_Energy.uexp" 450
"../../../Engine/Content/EngineMaterials/EnergyConservation/GGX_TransmissionEnergyArray.uasset" 451
"../../../Engine/Content/EngineMaterials/EnergyConservation/GGX_TransmissionEnergyArray.uexp" 452
"../../../Engine/Content/EngineMaterials/EnergyConservation/GGX_ReflectionEnergy.uasset" 453
"../../../Engine/Content/EngineMaterials/EnergyConservation/GGX_ReflectionEnergy.uexp" 454
"../../../Engine/Content/EngineMaterials/EnergyConservation/Diffuse_Energy.uasset" 455
"../../../Engine/Content/EngineMaterials/EnergyConservation/Diffuse_Energy.uexp" 456
"../../../Engine/Content/EditorResources/SequenceRecorder/RecordingIndicator.uasset" 457
"../../../Engine/Content/EditorResources/SequenceRecorder/RecordingIndicator.uexp" 458
"../../../Engine/Content/EditorResources/SequenceRecorder/Countdown.uasset" 459
"../../../Engine/Content/EditorResources/SequenceRecorder/Countdown.uexp" 460
"../../../Engine/Content/EditorMaterials/ParticleSystems/PSysThumbnail_OOD.ubulk" 461
"../../../Engine/Content/EditorMaterials/ParticleSystems/PSysThumbnail_OOD.uasset" 462
"../../../Engine/Content/EditorMaterials/ParticleSystems/PSysThumbnail_OOD.uexp" 463
"../../../Engine/Content/EditorMaterials/ParticleSystems/PSysThumbnail_NoImage.ubulk" 464
"../../../Engine/Content/EditorMaterials/ParticleSystems/PSysThumbnail_NoImage.uasset" 465
"../../../Engine/Content/EditorMaterials/ParticleSystems/PSysThumbnail_NoImage.uexp" 466
"../../../Engine/Content/EngineResources/DefaultTextureCube.uasset" 467
"../../../Engine/Content/EngineResources/DefaultTextureCube.uexp" 468
"../../../Engine/Content/EngineResources/DefaultVolumeTexture2D.uasset" 469
"../../../Engine/Content/EngineResources/DefaultVolumeTexture2D.uexp" 470
"../../../Engine/Content/EngineResources/DefaultVolumeTexture.uasset" 471
"../../../Engine/Content/EngineResources/DefaultVolumeTexture.uexp" 472
"../../../Engine/Content/EngineMeshes/Sphere.ubulk" 473
"../../../Engine/Content/EngineMeshes/Sphere.uasset" 474
"../../../Engine/Content/EngineMeshes/Sphere.uexp" 475
"../../../Engine/Plugins/Runtime/CommonUI/Content/DefaultMediaTexture.uasset" 476
"../../../Engine/Plugins/Runtime/CommonUI/Content/DefaultMediaTexture.uexp" 477
"../../../Engine/Plugins/Runtime/CommonUI/Content/VideoPlayerMaterial.uasset" 478
"../../../Engine/Plugins/Runtime/CommonUI/Content/VideoPlayerMaterial.uexp" 479
"../../../Engine/Plugins/NNE/NNEDenoiser/Content/NNEDTOM_Output_Default.uasset" 480
"../../../Engine/Plugins/NNE/NNEDenoiser/Content/NNEDTOM_Output_Default.uexp" 481
"../../../Engine/Plugins/NNE/NNEDenoiser/Content/NNEDTOM_Output_Alpha.uasset" 482
"../../../Engine/Plugins/NNE/NNEDenoiser/Content/NNEDTOM_Output_Alpha.uexp" 483
"../../../Engine/Plugins/NNE/NNEDenoiser/Content/NNEDTIM_ColorAlbedoNormal_Default.uasset" 484
"../../../Engine/Plugins/NNE/NNEDenoiser/Content/NNEDTIM_ColorAlbedoNormal_Default.uexp" 485
"../../../Engine/Plugins/NNE/NNEDenoiser/Content/NNEDTIM_ColorAlbedoNormal_Alpha.uasset" 486
"../../../Engine/Plugins/NNE/NNEDenoiser/Content/NNEDTIM_ColorAlbedoNormal_Alpha.uexp" 487
"../../../Engine/Plugins/NNE/NNEDenoiser/Content/NNEDOM_Output_Default.uasset" 488
"../../../Engine/Plugins/NNE/NNEDenoiser/Content/NNEDOM_Output_Default.uexp" 489
"../../../Engine/Plugins/NNE/NNEDenoiser/Content/NNEDOM_Output_Alpha.uasset" 490
"../../../Engine/Plugins/NNE/NNEDenoiser/Content/NNEDOM_Output_Alpha.uexp" 491
"../../../Engine/Plugins/NNE/NNEDenoiser/Content/NNEDIM_HighQuality_Default.uasset" 492
"../../../Engine/Plugins/NNE/NNEDenoiser/Content/NNEDIM_HighQuality_Default.uexp" 493
"../../../Engine/Plugins/NNE/NNEDenoiser/Content/NNEDIM_HighQuality_Alpha.uasset" 494
"../../../Engine/Plugins/NNE/NNEDenoiser/Content/NNEDIM_HighQuality_Alpha.uexp" 495
"../../../Engine/Plugins/NNE/NNEDenoiser/Content/NNEDIM_ColorAlbedoNormal_Default.uasset" 496
"../../../Engine/Plugins/NNE/NNEDenoiser/Content/NNEDIM_ColorAlbedoNormal_Default.uexp" 497
"../../../Engine/Plugins/NNE/NNEDenoiser/Content/NNEDIM_ColorAlbedoNormal_Alpha.uasset" 498
"../../../Engine/Plugins/NNE/NNEDenoiser/Content/NNEDIM_ColorAlbedoNormal_Alpha.uexp" 499
"../../../Engine/Content/EngineMaterials/T_Default_Material_Grid_M.ubulk" 500
"../../../Engine/Content/EngineMaterials/T_Default_Material_Grid_M.uasset" 501
"../../../Engine/Content/EngineMaterials/T_Default_Material_Grid_M.uexp" 502
"../../../Engine/Content/EngineMaterials/T_Default_Material_Grid_N.ubulk" 503
"../../../Engine/Content/EngineMaterials/T_Default_Material_Grid_N.uasset" 504
"../../../Engine/Content/EngineMaterials/T_Default_Material_Grid_N.uexp" 505
"../../../Engine/Content/Functions/Engine_MaterialFunctions01/Opacity/CameraDepthFade.uasset" 506
"../../../Engine/Content/Functions/Engine_MaterialFunctions01/Opacity/CameraDepthFade.uexp" 507
"../../../Engine/Content/EngineMaterials/WorldGridMaterial.uasset" 508
"../../../Engine/Content/EngineMaterials/WorldGridMaterial.uexp" 509
"../../../Engine/Plugins/Media/MediaPlate/Content/SM_MediaPlateScreen.ubulk" 510
"../../../Engine/Plugins/Media/MediaPlate/Content/SM_MediaPlateScreen.uasset" 511
"../../../Engine/Plugins/Media/MediaPlate/Content/SM_MediaPlateScreen.uexp" 512
"../../../Engine/Content/Functions/Engine_MaterialFunctions02/WorldPositionOffset/CameraOffset.uasset" 513
"../../../Engine/Content/Functions/Engine_MaterialFunctions02/WorldPositionOffset/CameraOffset.uexp" 514
"../../../Engine/Plugins/Animation/ControlRig/Content/M_Manip.uasset" 515
"../../../Engine/Plugins/Animation/ControlRig/Content/M_Manip.uexp" 516
"../../../Engine/Plugins/2D/Paper2D/Content/DefaultSpriteMaterial.uasset" 517
"../../../Engine/Plugins/2D/Paper2D/Content/DefaultSpriteMaterial.uexp" 518
"../../../Engine/Plugins/2D/Paper2D/Content/OpaqueUnlitSpriteMaterial.uasset" 519
"../../../Engine/Plugins/2D/Paper2D/Content/OpaqueUnlitSpriteMaterial.uexp" 520
"../../../Engine/Plugins/2D/Paper2D/Content/MaskedUnlitSpriteMaterial.uasset" 521
"../../../Engine/Plugins/2D/Paper2D/Content/MaskedUnlitSpriteMaterial.uexp" 522
"D:/work/project/portpolio/project-ARPG/ARPG_Hunter/Content/99-Asset/Sound/BGM_DefaultCombat.ubulk" 523
"D:/work/project/portpolio/project-ARPG/ARPG_Hunter/Content/99-Asset/Sound/BGM_DefaultCombat.uasset" 524
"D:/work/project/portpolio/project-ARPG/ARPG_Hunter/Content/99-Asset/Sound/BGM_DefaultCombat.uexp" 525
"D:/work/project/portpolio/project-ARPG/ARPG_Hunter/Content/99-Asset/Sound/BGM_DefaultTown.ubulk" 526
"D:/work/project/portpolio/project-ARPG/ARPG_Hunter/Content/99-Asset/Sound/BGM_DefaultTown.uasset" 527
"D:/work/project/portpolio/project-ARPG/ARPG_Hunter/Content/99-Asset/Sound/BGM_DefaultTown.uexp" 528
"D:/work/project/portpolio/project-ARPG/ARPG_Hunter/Content/99-Asset/Character/CyberSoldier/Weapon/Defender_Rifle_1/Weapon_Mesh_Skeleton.uasset" 529
"D:/work/project/portpolio/project-ARPG/ARPG_Hunter/Content/99-Asset/Character/CyberSoldier/Weapon/Defender_Rifle_1/Weapon_Mesh_Skeleton.uexp" 530
"D:/work/project/portpolio/project-ARPG/ARPG_Hunter/Content/99-Asset/Character/CyberSoldier/Weapon/Defender_Rifle_1/Weapon_Mesh_PhysicsAsset.uasset" 531
"D:/work/project/portpolio/project-ARPG/ARPG_Hunter/Content/99-Asset/Character/CyberSoldier/Weapon/Defender_Rifle_1/Weapon_Mesh_PhysicsAsset.uexp" 532
"D:/work/project/portpolio/project-ARPG/ARPG_Hunter/Content/99-Asset/Character/CyberSoldier/Weapon/Defender_Rifle_1/Weapon_Mesh.uasset" 533
"D:/work/project/portpolio/project-ARPG/ARPG_Hunter/Content/99-Asset/Character/CyberSoldier/Weapon/Defender_Rifle_1/Weapon_Mesh.uexp" 534
"D:/work/project/portpolio/project-ARPG/ARPG_Hunter/Content/03-Data/CutSceneData/CutSceneActor/BP_1003.uasset" 535
"D:/work/project/portpolio/project-ARPG/ARPG_Hunter/Content/03-Data/CutSceneData/CutSceneActor/BP_1003.uexp" 536
"D:/work/project/portpolio/project-ARPG/ARPG_Hunter/Content/03-Data/CutSceneData/LS_1003_Data.uasset" 537
"D:/work/project/portpolio/project-ARPG/ARPG_Hunter/Content/03-Data/CutSceneData/LS_1003_Data.uexp" 538
"D:/work/project/portpolio/project-ARPG/ARPG_Hunter/Content/99-Asset/Sound/BGM_DefaultBossCombat.ubulk" 539
"D:/work/project/portpolio/project-ARPG/ARPG_Hunter/Content/99-Asset/Sound/BGM_DefaultBossCombat.uasset" 540
"D:/work/project/portpolio/project-ARPG/ARPG_Hunter/Content/99-Asset/Sound/BGM_DefaultBossCombat.uexp" 541
"D:/work/project/portpolio/project-ARPG/ARPG_Hunter/Content/03-Data/DT_StageData.uasset" 542
"D:/work/project/portpolio/project-ARPG/ARPG_Hunter/Content/03-Data/DT_StageData.uexp" 543
"D:/work/project/portpolio/project-ARPG/ARPG_Hunter/Content/03-Data/DT_RegionData.uasset" 544
"D:/work/project/portpolio/project-ARPG/ARPG_Hunter/Content/03-Data/DT_RegionData.uexp" 545
"D:/work/project/portpolio/project-ARPG/ARPG_Hunter/Content/03-Data/EffectData/GainSkill_3.uasset" 546
"D:/work/project/portpolio/project-ARPG/ARPG_Hunter/Content/03-Data/EffectData/GainSkill_3.uexp" 547
"D:/work/project/portpolio/project-ARPG/ARPG_Hunter/Content/99-Asset/Sound/SFX/ShotGun_Fire_1.ubulk" 548
"D:/work/project/portpolio/project-ARPG/ARPG_Hunter/Content/99-Asset/Sound/SFX/ShotGun_Fire_1.uasset" 549
"D:/work/project/portpolio/project-ARPG/ARPG_Hunter/Content/99-Asset/Sound/SFX/ShotGun_Fire_1.uexp" 550
"D:/work/project/portpolio/project-ARPG/ARPG_Hunter/Content/99-Asset/Sound/SFX/ShotGun_Fire_Cue.uasset" 551
"D:/work/project/portpolio/project-ARPG/ARPG_Hunter/Content/99-Asset/Sound/SFX/ShotGun_Fire_Cue.uexp" 552
"D:/work/project/portpolio/project-ARPG/ARPG_Hunter/Content/02-BP/Monster/Animation/Sci_Fi_Defender/SFD_Defender_Attack_02.uasset" 553
"D:/work/project/portpolio/project-ARPG/ARPG_Hunter/Content/02-BP/Monster/Animation/Sci_Fi_Defender/SFD_Defender_Attack_02.uexp" 554
"../../../Engine/Plugins/FX/Niagara/Content/Enums/ENiagaraRandomnessMode.uasset" 555
"../../../Engine/Plugins/FX/Niagara/Content/Enums/ENiagaraRandomnessMode.uexp" 556
"../../../Engine/Plugins/FX/Niagara/Content/Enums/ENiagaraRandomnessEvaluation.uasset" 557
"../../../Engine/Plugins/FX/Niagara/Content/Enums/ENiagaraRandomnessEvaluation.uexp" 558
"../../../Engine/Plugins/FX/Niagara/Content/Enums/ENiagara_MassInitializationMode.uasset" 559
"../../../Engine/Plugins/FX/Niagara/Content/Enums/ENiagara_MassInitializationMode.uexp" 560
"../../../Engine/Plugins/FX/Niagara/Content/Enums/ENiagaraMeshTransforms.uasset" 561
"../../../Engine/Plugins/FX/Niagara/Content/Enums/ENiagaraMeshTransforms.uexp" 562
"../../../Engine/Plugins/FX/Niagara/Content/Enums/ENiagara_PositionInitializationMode.uasset" 563
"../../../Engine/Plugins/FX/Niagara/Content/Enums/ENiagara_PositionInitializationMode.uexp" 564
"../../../Engine/Plugins/FX/Niagara/Content/Enums/ENiagara_SizeScaleMode.uasset" 565
"../../../Engine/Plugins/FX/Niagara/Content/Enums/ENiagara_SizeScaleMode.uexp" 566
"../../../Engine/Plugins/FX/Niagara/Content/Enums/ENiagara_UVFlippingMode.uasset" 567
"../../../Engine/Plugins/FX/Niagara/Content/Enums/ENiagara_UVFlippingMode.uexp" 568
"../../../Engine/Plugins/FX/Niagara/Content/Enums/Ribbons/ENiagara_UnsetDirectSetRandom.uasset" 569
"../../../Engine/Plugins/FX/Niagara/Content/Enums/Ribbons/ENiagara_UnsetDirectSetRandom.uexp" 570
"../../../Engine/Plugins/FX/Niagara/Content/Enums/ENiagara_LifetimeMode.uasset" 571
"../../../Engine/Plugins/FX/Niagara/Content/Enums/ENiagara_LifetimeMode.uexp" 572
"../../../Engine/Plugins/FX/Niagara/Content/Enums/Ribbons/ENiagara_UnsetDirectSet.uasset" 573
"../../../Engine/Plugins/FX/Niagara/Content/Enums/Ribbons/ENiagara_UnsetDirectSet.uexp" 574
"../../../Engine/Plugins/FX/Niagara/Content/Enums/ENiagara_SpriteRotationMode.uasset" 575
"../../../Engine/Plugins/FX/Niagara/Content/Enums/ENiagara_SpriteRotationMode.uexp" 576
"../../../Engine/Plugins/FX/Niagara/Content/Enums/ENiagara_ColorInitializationMode.uasset" 577
"../../../Engine/Plugins/FX/Niagara/Content/Enums/ENiagara_ColorInitializationMode.uexp" 578
"../../../Engine/Plugins/FX/Niagara/Content/Enums/ENiagaraChannelCorrelation.uasset" 579
"../../../Engine/Plugins/FX/Niagara/Content/Enums/ENiagaraChannelCorrelation.uexp" 580
"D:/work/project/portpolio/project-ARPG/ARPG_Hunter/Content/99-Asset/VFX/Vefects/Easy_Shockwaves_VFX/Shared/Textures/T_VFX_Easy_Shockwaves_Linear_Mask_02.ubulk" 581
"D:/work/project/portpolio/project-ARPG/ARPG_Hunter/Content/99-Asset/VFX/Vefects/Easy_Shockwaves_VFX/Shared/Textures/T_VFX_Easy_Shockwaves_Linear_Mask_02.uasset" 582
"D:/work/project/portpolio/project-ARPG/ARPG_Hunter/Content/99-Asset/VFX/Vefects/Easy_Shockwaves_VFX/Shared/Textures/T_VFX_Easy_Shockwaves_Linear_Mask_02.uexp" 583
"D:/work/project/portpolio/project-ARPG/ARPG_Hunter/Content/99-Asset/VFX/Vefects/Easy_Shockwaves_VFX/Shared/Textures/T_VFX_Easy_Shockwaves_Noise_03.ubulk" 584
"D:/work/project/portpolio/project-ARPG/ARPG_Hunter/Content/99-Asset/VFX/Vefects/Easy_Shockwaves_VFX/Shared/Textures/T_VFX_Easy_Shockwaves_Noise_03.uasset" 585
"D:/work/project/portpolio/project-ARPG/ARPG_Hunter/Content/99-Asset/VFX/Vefects/Easy_Shockwaves_VFX/Shared/Textures/T_VFX_Easy_Shockwaves_Noise_03.uexp" 586
"D:/work/project/portpolio/project-ARPG/ARPG_Hunter/Content/99-Asset/VFX/Vefects/Easy_Shockwaves_VFX/Shared/Textures/T_VFX_Easy_Shockwaves_Noise_01.ubulk" 587
"D:/work/project/portpolio/project-ARPG/ARPG_Hunter/Content/99-Asset/VFX/Vefects/Easy_Shockwaves_VFX/Shared/Textures/T_VFX_Easy_Shockwaves_Noise_01.uasset" 588
"D:/work/project/portpolio/project-ARPG/ARPG_Hunter/Content/99-Asset/VFX/Vefects/Easy_Shockwaves_VFX/Shared/Textures/T_VFX_Easy_Shockwaves_Noise_01.uexp" 589
"D:/work/project/portpolio/project-ARPG/ARPG_Hunter/Content/99-Asset/VFX/Vefects/Easy_Shockwaves_VFX/Shared/Textures/T_VFX_Easy_Shockwaves_Linear_Mask_01.ubulk" 590
"D:/work/project/portpolio/project-ARPG/ARPG_Hunter/Content/99-Asset/VFX/Vefects/Easy_Shockwaves_VFX/Shared/Textures/T_VFX_Easy_Shockwaves_Linear_Mask_01.uasset" 591
"D:/work/project/portpolio/project-ARPG/ARPG_Hunter/Content/99-Asset/VFX/Vefects/Easy_Shockwaves_VFX/Shared/Textures/T_VFX_Easy_Shockwaves_Linear_Mask_01.uexp" 592
"D:/work/project/portpolio/project-ARPG/ARPG_Hunter/Content/99-Asset/VFX/Vefects/Easy_Shockwaves_VFX/Shared/Textures/T_VFX_Linear_Gradient_DT.ubulk" 593
"D:/work/project/portpolio/project-ARPG/ARPG_Hunter/Content/99-Asset/VFX/Vefects/Easy_Shockwaves_VFX/Shared/Textures/T_VFX_Linear_Gradient_DT.uasset" 594
"D:/work/project/portpolio/project-ARPG/ARPG_Hunter/Content/99-Asset/VFX/Vefects/Easy_Shockwaves_VFX/Shared/Textures/T_VFX_Linear_Gradient_DT.uexp" 595
"../../../Engine/Content/Functions/Engine_MaterialFunctions02/Utility/AppendMany.uasset" 596
"../../../Engine/Content/Functions/Engine_MaterialFunctions02/Utility/AppendMany.uexp" 597
"D:/work/project/portpolio/project-ARPG/ARPG_Hunter/Content/99-Asset/VFX/Vefects/Easy_Shockwaves_VFX/Shared/Textures/T_VFX_Easy_Shockwaves_Noise_01_Normal.ubulk" 598
"D:/work/project/portpolio/project-ARPG/ARPG_Hunter/Content/99-Asset/VFX/Vefects/Easy_Shockwaves_VFX/Shared/Textures/T_VFX_Easy_Shockwaves_Noise_01_Normal.uasset" 599
"D:/work/project/portpolio/project-ARPG/ARPG_Hunter/Content/99-Asset/VFX/Vefects/Easy_Shockwaves_VFX/Shared/Textures/T_VFX_Easy_Shockwaves_Noise_01_Normal.uexp" 600
"D:/work/project/portpolio/project-ARPG/ARPG_Hunter/Content/99-Asset/VFX/Vefects/Easy_Shockwaves_VFX/Shared/Materials/M_VFX_Shockwave_01.uasset" 601
"D:/work/project/portpolio/project-ARPG/ARPG_Hunter/Content/99-Asset/VFX/Vefects/Easy_Shockwaves_VFX/Shared/Materials/M_VFX_Shockwave_01.uexp" 602
"D:/work/project/portpolio/project-ARPG/ARPG_Hunter/Content/99-Asset/VFX/Vefects/Easy_Shockwaves_VFX/VFX/Shockwaves/Materials/MI_VFX_Shockwave_01.uasset" 603
"D:/work/project/portpolio/project-ARPG/ARPG_Hunter/Content/99-Asset/VFX/Vefects/Easy_Shockwaves_VFX/VFX/Shockwaves/Materials/MI_VFX_Shockwave_01.uexp" 604
"../../../Engine/Plugins/FX/Niagara/Content/Enums/ENiagaraEmitterLifeCycleMode.uasset" 605
"../../../Engine/Plugins/FX/Niagara/Content/Enums/ENiagaraEmitterLifeCycleMode.uexp" 606
"../../../Engine/Plugins/FX/Niagara/Content/Enums/ENiagara_InfiniteLoopDuration.uasset" 607
"../../../Engine/Plugins/FX/Niagara/Content/Enums/ENiagara_InfiniteLoopDuration.uexp" 608
"../../../Engine/Plugins/FX/Niagara/Content/Enums/ENiagara_EmitterStateOptions.uasset" 609
"../../../Engine/Plugins/FX/Niagara/Content/Enums/ENiagara_EmitterStateOptions.uexp" 610
"../../../Engine/Plugins/FX/Niagara/Content/Enums/ENiagaraInactiveMode.uasset" 611
"../../../Engine/Plugins/FX/Niagara/Content/Enums/ENiagaraInactiveMode.uexp" 612
"../../../Engine/Plugins/FX/Niagara/Content/Enums/ENiagaraEmitterScalabilityMode_Limited.uasset" 613
"../../../Engine/Plugins/FX/Niagara/Content/Enums/ENiagaraEmitterScalabilityMode_Limited.uexp" 614
"D:/work/project/portpolio/project-ARPG/ARPG_Hunter/Content/99-Asset/VFX/Vefects/Easy_Shockwaves_VFX/VFX/Shockwaves/Materials/MI_VFX_Shockwave_01_Additive.uasset" 615
"D:/work/project/portpolio/project-ARPG/ARPG_Hunter/Content/99-Asset/VFX/Vefects/Easy_Shockwaves_VFX/VFX/Shockwaves/Materials/MI_VFX_Shockwave_01_Additive.uexp" 616
"D:/work/project/portpolio/project-ARPG/ARPG_Hunter/Content/99-Asset/VFX/Vefects/Easy_Shockwaves_VFX/Shared/Meshes/SM_VFX_In_Out_Cyl_01.ubulk" 617
"D:/work/project/portpolio/project-ARPG/ARPG_Hunter/Content/99-Asset/VFX/Vefects/Easy_Shockwaves_VFX/Shared/Meshes/SM_VFX_In_Out_Cyl_01.uasset" 618
"D:/work/project/portpolio/project-ARPG/ARPG_Hunter/Content/99-Asset/VFX/Vefects/Easy_Shockwaves_VFX/Shared/Meshes/SM_VFX_In_Out_Cyl_01.uexp" 619
"../../../Engine/Plugins/FX/Niagara/Content/Enums/ENiagaraSystemInactiveMode.uasset" 620
"../../../Engine/Plugins/FX/Niagara/Content/Enums/ENiagaraSystemInactiveMode.uexp" 621
"../../../Engine/Plugins/FX/Niagara/Content/Enums/Transforms/ENiagara_MeshOrientationOptions.uasset" 622
"../../../Engine/Plugins/FX/Niagara/Content/Enums/Transforms/ENiagara_MeshOrientationOptions.uexp" 623
"../../../Engine/Plugins/FX/Niagara/Content/Icons/Modules/T_Icon_Particle_InfiniteLife.uasset" 624
"../../../Engine/Plugins/FX/Niagara/Content/Icons/Modules/T_Icon_Particle_InfiniteLife.uexp" 625
"D:/work/project/portpolio/project-ARPG/ARPG_Hunter/Content/99-Asset/VFX/ExportVFX/VFX_Shockwave_01_White_Big_1s.uasset" 626
"D:/work/project/portpolio/project-ARPG/ARPG_Hunter/Content/99-Asset/VFX/ExportVFX/VFX_Shockwave_01_White_Big_1s.uexp" 627
"D:/work/project/portpolio/project-ARPG/ARPG_Hunter/Content/99-Asset/Sound/SFX/Heavy_Swing_1.ubulk" 628
"D:/work/project/portpolio/project-ARPG/ARPG_Hunter/Content/99-Asset/Sound/SFX/Heavy_Swing_1.uasset" 629
"D:/work/project/portpolio/project-ARPG/ARPG_Hunter/Content/99-Asset/Sound/SFX/Heavy_Swing_1.uexp" 630
"D:/work/project/portpolio/project-ARPG/ARPG_Hunter/Content/99-Asset/Sound/SFX/Heavy_Swing_2.ubulk" 631
"D:/work/project/portpolio/project-ARPG/ARPG_Hunter/Content/99-Asset/Sound/SFX/Heavy_Swing_2.uasset" 632
"D:/work/project/portpolio/project-ARPG/ARPG_Hunter/Content/99-Asset/Sound/SFX/Heavy_Swing_2.uexp" 633
"D:/work/project/portpolio/project-ARPG/ARPG_Hunter/Content/99-Asset/Sound/SFX/Heavy_Swing_3.ubulk" 634
"D:/work/project/portpolio/project-ARPG/ARPG_Hunter/Content/99-Asset/Sound/SFX/Heavy_Swing_3.uasset" 635
"D:/work/project/portpolio/project-ARPG/ARPG_Hunter/Content/99-Asset/Sound/SFX/Heavy_Swing_3.uexp" 636
"D:/work/project/portpolio/project-ARPG/ARPG_Hunter/Content/99-Asset/Sound/SFX/Heavy_Swing_Cue.uasset" 637
"D:/work/project/portpolio/project-ARPG/ARPG_Hunter/Content/99-Asset/Sound/SFX/Heavy_Swing_Cue.uexp" 638
"D:/work/project/portpolio/project-ARPG/ARPG_Hunter/Content/02-BP/Monster/Animation/Sci_Fi_Defender/SFD_Defender_Shot_03.uasset" 639
"D:/work/project/portpolio/project-ARPG/ARPG_Hunter/Content/02-BP/Monster/Animation/Sci_Fi_Defender/SFD_Defender_Shot_03.uexp" 640
"D:/work/project/portpolio/project-ARPG/ARPG_Hunter/Content/99-Asset/VFX/ParagonMurdock/FX/Meshes/Heroes/Murdock/SM_MuzzleCore_02.ubulk" 641
"D:/work/project/portpolio/project-ARPG/ARPG_Hunter/Content/99-Asset/VFX/ParagonMurdock/FX/Meshes/Heroes/Murdock/SM_MuzzleCore_02.uasset" 642
"D:/work/project/portpolio/project-ARPG/ARPG_Hunter/Content/99-Asset/VFX/ParagonMurdock/FX/Meshes/Heroes/Murdock/SM_MuzzleCore_02.uexp" 643
"D:/work/project/portpolio/project-ARPG/ARPG_Hunter/Content/99-Asset/VFX/ParagonMurdock/FX/Meshes/Smoke/SM_Plasma_Mesh.ubulk" 644
"D:/work/project/portpolio/project-ARPG/ARPG_Hunter/Content/99-Asset/VFX/ParagonMurdock/FX/Meshes/Smoke/SM_Plasma_Mesh.uasset" 645
"D:/work/project/portpolio/project-ARPG/ARPG_Hunter/Content/99-Asset/VFX/ParagonMurdock/FX/Meshes/Smoke/SM_Plasma_Mesh.uexp" 646
"D:/work/project/portpolio/project-ARPG/ARPG_Hunter/Content/99-Asset/VFX/ParagonMurdock/FX/Textures/Explosions/T_Explosion_Test_v1_Depth.ubulk" 647
"D:/work/project/portpolio/project-ARPG/ARPG_Hunter/Content/99-Asset/VFX/ParagonMurdock/FX/Textures/Explosions/T_Explosion_Test_v1_Depth.uasset" 648
"D:/work/project/portpolio/project-ARPG/ARPG_Hunter/Content/99-Asset/VFX/ParagonMurdock/FX/Textures/Explosions/T_Explosion_Test_v1_Depth.uexp" 649
"D:/work/project/portpolio/project-ARPG/ARPG_Hunter/Content/99-Asset/VFX/ParagonMurdock/FX/Materials/Functions/MF_CameraDistanceFade.uasset" 650
"D:/work/project/portpolio/project-ARPG/ARPG_Hunter/Content/99-Asset/VFX/ParagonMurdock/FX/Materials/Functions/MF_CameraDistanceFade.uexp" 651
"D:/work/project/portpolio/project-ARPG/ARPG_Hunter/Content/99-Asset/VFX/ParagonMurdock/FX/Textures/Explosions/T_Explosion_Test_v1.ubulk" 652
"D:/work/project/portpolio/project-ARPG/ARPG_Hunter/Content/99-Asset/VFX/ParagonMurdock/FX/Textures/Explosions/T_Explosion_Test_v1.uasset" 653
"D:/work/project/portpolio/project-ARPG/ARPG_Hunter/Content/99-Asset/VFX/ParagonMurdock/FX/Textures/Explosions/T_Explosion_Test_v1.uexp" 654
"D:/work/project/portpolio/project-ARPG/ARPG_Hunter/Content/99-Asset/VFX/ParagonMurdock/FX/Textures/Explosions/T_Explosion_Test_v1_Normal.ubulk" 655
"D:/work/project/portpolio/project-ARPG/ARPG_Hunter/Content/99-Asset/VFX/ParagonMurdock/FX/Textures/Explosions/T_Explosion_Test_v1_Normal.uasset" 656
"D:/work/project/portpolio/project-ARPG/ARPG_Hunter/Content/99-Asset/VFX/ParagonMurdock/FX/Textures/Explosions/T_Explosion_Test_v1_Normal.uexp" 657
"D:/work/project/portpolio/project-ARPG/ARPG_Hunter/Content/99-Asset/VFX/ParagonMurdock/FX/CineRescue/es060/M_Smoke.uasset" 658
"D:/work/project/portpolio/project-ARPG/ARPG_Hunter/Content/99-Asset/VFX/ParagonMurdock/FX/CineRescue/es060/M_Smoke.uexp" 659
"D:/work/project/portpolio/project-ARPG/ARPG_Hunter/Content/99-Asset/VFX/ParagonMurdock/FX/Textures/Explosions/T_FireySmoke_01_Fire.ubulk" 660
"D:/work/project/portpolio/project-ARPG/ARPG_Hunter/Content/99-Asset/VFX/ParagonMurdock/FX/Textures/Explosions/T_FireySmoke_01_Fire.uasset" 661
"D:/work/project/portpolio/project-ARPG/ARPG_Hunter/Content/99-Asset/VFX/ParagonMurdock/FX/Textures/Explosions/T_FireySmoke_01_Fire.uexp" 662
"../../../Engine/Content/Functions/Engine_MaterialFunctions02/Utility/BreakOutFloat3Components.uasset" 663
"../../../Engine/Content/Functions/Engine_MaterialFunctions02/Utility/BreakOutFloat3Components.uexp" 664
"D:/work/project/portpolio/project-ARPG/ARPG_Hunter/Content/99-Asset/VFX/ParagonMurdock/FX/Materials/Functions/MF_CrossTalkNextChannel.uasset" 665
"D:/work/project/portpolio/project-ARPG/ARPG_Hunter/Content/99-Asset/VFX/ParagonMurdock/FX/Materials/Functions/MF_CrossTalkNextChannel.uexp" 666
"D:/work/project/portpolio/project-ARPG/ARPG_Hunter/Content/99-Asset/VFX/ParagonMurdock/FX/Materials/Functions/MF_FX_EmissiveModulate.uasset" 667
"D:/work/project/portpolio/project-ARPG/ARPG_Hunter/Content/99-Asset/VFX/ParagonMurdock/FX/Materials/Functions/MF_FX_EmissiveModulate.uexp" 668
"D:/work/project/portpolio/project-ARPG/ARPG_Hunter/Content/99-Asset/VFX/ParagonMurdock/FX/Textures/Smoke/T_SoftSmoke_04.ubulk" 669
"D:/work/project/portpolio/project-ARPG/ARPG_Hunter/Content/99-Asset/VFX/ParagonMurdock/FX/Textures/Smoke/T_SoftSmoke_04.uasset" 670
"D:/work/project/portpolio/project-ARPG/ARPG_Hunter/Content/99-Asset/VFX/ParagonMurdock/FX/Textures/Smoke/T_SoftSmoke_04.uexp" 671
"D:/work/project/portpolio/project-ARPG/ARPG_Hunter/Content/99-Asset/VFX/ParagonMurdock/FX/Materials/Functions/MF_ColorTint_HQ.uasset" 672
"D:/work/project/portpolio/project-ARPG/ARPG_Hunter/Content/99-Asset/VFX/ParagonMurdock/FX/Materials/Functions/MF_ColorTint_HQ.uexp" 673
"D:/work/project/portpolio/project-ARPG/ARPG_Hunter/Content/99-Asset/VFX/ParagonMurdock/FX/Materials/Functions/MF_FadeBasedOnViewAngle.uasset" 674
"D:/work/project/portpolio/project-ARPG/ARPG_Hunter/Content/99-Asset/VFX/ParagonMurdock/FX/Materials/Functions/MF_FadeBasedOnViewAngle.uexp" 675
"D:/work/project/portpolio/project-ARPG/ARPG_Hunter/Content/99-Asset/VFX/ParagonMurdock/FX/Textures/Explosions/T_FireBall.ubulk" 676
"D:/work/project/portpolio/project-ARPG/ARPG_Hunter/Content/99-Asset/VFX/ParagonMurdock/FX/Textures/Explosions/T_FireBall.uasset" 677
"D:/work/project/portpolio/project-ARPG/ARPG_Hunter/Content/99-Asset/VFX/ParagonMurdock/FX/Textures/Explosions/T_FireBall.uexp" 678
"D:/work/project/portpolio/project-ARPG/ARPG_Hunter/Content/99-Asset/VFX/ParagonMurdock/FX/Materials/MuzzleFlashes/M_MurdockShottyMuzzle_01.uasset" 679
"D:/work/project/portpolio/project-ARPG/ARPG_Hunter/Content/99-Asset/VFX/ParagonMurdock/FX/Materials/MuzzleFlashes/M_MurdockShottyMuzzle_01.uexp" 680
"D:/work/project/portpolio/project-ARPG/ARPG_Hunter/Content/99-Asset/VFX/ParagonMurdock/FX/Textures/Flares/T_Glow_Sphere_Soft.ubulk" 681
"D:/work/project/portpolio/project-ARPG/ARPG_Hunter/Content/99-Asset/VFX/ParagonMurdock/FX/Textures/Flares/T_Glow_Sphere_Soft.uasset" 682
"D:/work/project/portpolio/project-ARPG/ARPG_Hunter/Content/99-Asset/VFX/ParagonMurdock/FX/Textures/Flares/T_Glow_Sphere_Soft.uexp" 683
"D:/work/project/portpolio/project-ARPG/ARPG_Hunter/Content/99-Asset/VFX/ParagonMurdock/FX/Textures/Masks/T_TankMoteNoise.ubulk" 684
"D:/work/project/portpolio/project-ARPG/ARPG_Hunter/Content/99-Asset/VFX/ParagonMurdock/FX/Textures/Masks/T_TankMoteNoise.uasset" 685
"D:/work/project/portpolio/project-ARPG/ARPG_Hunter/Content/99-Asset/VFX/ParagonMurdock/FX/Textures/Masks/T_TankMoteNoise.uexp" 686
"D:/work/project/portpolio/project-ARPG/ARPG_Hunter/Content/99-Asset/VFX/ParagonMurdock/FX/Textures/Sparks/T_StretchSpark_01.ubulk" 687
"D:/work/project/portpolio/project-ARPG/ARPG_Hunter/Content/99-Asset/VFX/ParagonMurdock/FX/Textures/Sparks/T_StretchSpark_01.uasset" 688
"D:/work/project/portpolio/project-ARPG/ARPG_Hunter/Content/99-Asset/VFX/ParagonMurdock/FX/Textures/Sparks/T_StretchSpark_01.uexp" 689
"D:/work/project/portpolio/project-ARPG/ARPG_Hunter/Content/99-Asset/VFX/ParagonMurdock/FX/Materials/Functions/MF_ParticleRandomSize.uasset" 690
"D:/work/project/portpolio/project-ARPG/ARPG_Hunter/Content/99-Asset/VFX/ParagonMurdock/FX/Materials/Functions/MF_ParticleRandomSize.uexp" 691
"D:/work/project/portpolio/project-ARPG/ARPG_Hunter/Content/99-Asset/VFX/ParagonMurdock/FX/Materials/Sparks/M_Pellets_InvisMoving.uasset" 692
"D:/work/project/portpolio/project-ARPG/ARPG_Hunter/Content/99-Asset/VFX/ParagonMurdock/FX/Materials/Sparks/M_Pellets_InvisMoving.uexp" 693
"D:/work/project/portpolio/project-ARPG/ARPG_Hunter/Content/99-Asset/VFX/ParagonMurdock/FX/Textures/trails/T_Smooth_tile.ubulk" 694
"D:/work/project/portpolio/project-ARPG/ARPG_Hunter/Content/99-Asset/VFX/ParagonMurdock/FX/Textures/trails/T_Smooth_tile.uasset" 695
"D:/work/project/portpolio/project-ARPG/ARPG_Hunter/Content/99-Asset/VFX/ParagonMurdock/FX/Textures/trails/T_Smooth_tile.uexp" 696
"D:/work/project/portpolio/project-ARPG/ARPG_Hunter/Content/99-Asset/VFX/ParagonMurdock/FX/Textures/Smoke/T_MinionSmokeTile.ubulk" 697
"D:/work/project/portpolio/project-ARPG/ARPG_Hunter/Content/99-Asset/VFX/ParagonMurdock/FX/Textures/Smoke/T_MinionSmokeTile.uasset" 698
"D:/work/project/portpolio/project-ARPG/ARPG_Hunter/Content/99-Asset/VFX/ParagonMurdock/FX/Textures/Smoke/T_MinionSmokeTile.uexp" 699
"D:/work/project/portpolio/project-ARPG/ARPG_Hunter/Content/99-Asset/VFX/ParagonMurdock/FX/Materials/Functions/MF_FX_CustomUV_Fade.uasset" 700
"D:/work/project/portpolio/project-ARPG/ARPG_Hunter/Content/99-Asset/VFX/ParagonMurdock/FX/Materials/Functions/MF_FX_CustomUV_Fade.uexp" 701
"D:/work/project/portpolio/project-ARPG/ARPG_Hunter/Content/99-Asset/VFX/ParagonMurdock/FX/Textures/Smoke/T_MinionSmokeMask_Test.ubulk" 702
"D:/work/project/portpolio/project-ARPG/ARPG_Hunter/Content/99-Asset/VFX/ParagonMurdock/FX/Textures/Smoke/T_MinionSmokeMask_Test.uasset" 703
"D:/work/project/portpolio/project-ARPG/ARPG_Hunter/Content/99-Asset/VFX/ParagonMurdock/FX/Textures/Smoke/T_MinionSmokeMask_Test.uexp" 704
"D:/work/project/portpolio/project-ARPG/ARPG_Hunter/Content/99-Asset/VFX/ParagonMurdock/FX/Materials/Smoke/M_InvisSmoke_Master.uasset" 705
"D:/work/project/portpolio/project-ARPG/ARPG_Hunter/Content/99-Asset/VFX/ParagonMurdock/FX/Materials/Smoke/M_InvisSmoke_Master.uexp" 706
"D:/work/project/portpolio/project-ARPG/ARPG_Hunter/Content/99-Asset/VFX/ParagonMurdock/FX/Textures/Smoke/T_FluidSmoke_04_N.ubulk" 707
"D:/work/project/portpolio/project-ARPG/ARPG_Hunter/Content/99-Asset/VFX/ParagonMurdock/FX/Textures/Smoke/T_FluidSmoke_04_N.uasset" 708
"D:/work/project/portpolio/project-ARPG/ARPG_Hunter/Content/99-Asset/VFX/ParagonMurdock/FX/Textures/Smoke/T_FluidSmoke_04_N.uexp" 709
"D:/work/project/portpolio/project-ARPG/ARPG_Hunter/Content/99-Asset/VFX/ParagonMurdock/FX/Textures/Smoke/T_FluidSmoke_04_Depth.ubulk" 710
"D:/work/project/portpolio/project-ARPG/ARPG_Hunter/Content/99-Asset/VFX/ParagonMurdock/FX/Textures/Smoke/T_FluidSmoke_04_Depth.uasset" 711
"D:/work/project/portpolio/project-ARPG/ARPG_Hunter/Content/99-Asset/VFX/ParagonMurdock/FX/Textures/Smoke/T_FluidSmoke_04_Depth.uexp" 712
"D:/work/project/portpolio/project-ARPG/ARPG_Hunter/Content/99-Asset/VFX/ParagonMurdock/FX/Textures/Smoke/T_FluidSmoke_04.ubulk" 713
"D:/work/project/portpolio/project-ARPG/ARPG_Hunter/Content/99-Asset/VFX/ParagonMurdock/FX/Textures/Smoke/T_FluidSmoke_04.uasset" 714
"D:/work/project/portpolio/project-ARPG/ARPG_Hunter/Content/99-Asset/VFX/ParagonMurdock/FX/Textures/Smoke/T_FluidSmoke_04.uexp" 715
"D:/work/project/portpolio/project-ARPG/ARPG_Hunter/Content/99-Asset/VFX/ParagonMurdock/FX/Materials/Smoke/M_ThickSmoke_MASTER.uasset" 716
"D:/work/project/portpolio/project-ARPG/ARPG_Hunter/Content/99-Asset/VFX/ParagonMurdock/FX/Materials/Smoke/M_ThickSmoke_MASTER.uexp" 717
"D:/work/project/portpolio/project-ARPG/ARPG_Hunter/Content/99-Asset/VFX/ParagonMurdock/FX/Materials/Smoke/M_ThickSmoke_Spears_Inst.uasset" 718
"D:/work/project/portpolio/project-ARPG/ARPG_Hunter/Content/99-Asset/VFX/ParagonMurdock/FX/Materials/Smoke/M_ThickSmoke_Spears_Inst.uexp" 719
"../../../Engine/Content/EngineMaterials/Good64x64TilingNoiseHighFreq.uasset" 720
"../../../Engine/Content/EngineMaterials/Good64x64TilingNoiseHighFreq.uexp" 721
"../../../Engine/Content/Functions/Engine_MaterialFunctions02/Texturing/ScreenAlignedPixelToPixelUVs.uasset" 722
"../../../Engine/Content/Functions/Engine_MaterialFunctions02/Texturing/ScreenAlignedPixelToPixelUVs.uexp" 723
"../../../Engine/Content/Functions/Engine_MaterialFunctions02/Utility/DitherTemporalAA.uasset" 724
"../../../Engine/Content/Functions/Engine_MaterialFunctions02/Utility/DitherTemporalAA.uexp" 725
"D:/work/project/portpolio/project-ARPG/ARPG_Hunter/Content/99-Asset/VFX/ParagonMurdock/FX/Materials/Functions/MF_DitheredRefraction.uasset" 726
"D:/work/project/portpolio/project-ARPG/ARPG_Hunter/Content/99-Asset/VFX/ParagonMurdock/FX/Materials/Functions/MF_DitheredRefraction.uexp" 727
"D:/work/project/portpolio/project-ARPG/ARPG_Hunter/Content/99-Asset/VFX/ParagonMurdock/FX/Textures/NormalShapes/T_Sphere_N.ubulk" 728
"D:/work/project/portpolio/project-ARPG/ARPG_Hunter/Content/99-Asset/VFX/ParagonMurdock/FX/Textures/NormalShapes/T_Sphere_N.uasset" 729
"D:/work/project/portpolio/project-ARPG/ARPG_Hunter/Content/99-Asset/VFX/ParagonMurdock/FX/Textures/NormalShapes/T_Sphere_N.uexp" 730
"D:/work/project/portpolio/project-ARPG/ARPG_Hunter/Content/99-Asset/VFX/ParagonMurdock/FX/Materials/Functions/MF_FX_NearCameraFade.uasset" 731
"D:/work/project/portpolio/project-ARPG/ARPG_Hunter/Content/99-Asset/VFX/ParagonMurdock/FX/Materials/Functions/MF_FX_NearCameraFade.uexp" 732
"D:/work/project/portpolio/project-ARPG/ARPG_Hunter/Content/99-Asset/VFX/ParagonMurdock/FX/Textures/Masks/T_Sphere_A.ubulk" 733
"D:/work/project/portpolio/project-ARPG/ARPG_Hunter/Content/99-Asset/VFX/ParagonMurdock/FX/Textures/Masks/T_Sphere_A.uasset" 734
"D:/work/project/portpolio/project-ARPG/ARPG_Hunter/Content/99-Asset/VFX/ParagonMurdock/FX/Textures/Masks/T_Sphere_A.uexp" 735
"D:/work/project/portpolio/project-ARPG/ARPG_Hunter/Content/99-Asset/VFX/ParagonMurdock/FX/Materials/HeatDistort/M_Shockwave_Refract.uasset" 736
"D:/work/project/portpolio/project-ARPG/ARPG_Hunter/Content/99-Asset/VFX/ParagonMurdock/FX/Materials/HeatDistort/M_Shockwave_Refract.uexp" 737
"D:/work/project/portpolio/project-ARPG/ARPG_Hunter/Content/99-Asset/VFX/ParagonMurdock/FX/Textures/Smoke/T_SoftSmoke_Mask_01.ubulk" 738
"D:/work/project/portpolio/project-ARPG/ARPG_Hunter/Content/99-Asset/VFX/ParagonMurdock/FX/Textures/Smoke/T_SoftSmoke_Mask_01.uasset" 739
"D:/work/project/portpolio/project-ARPG/ARPG_Hunter/Content/99-Asset/VFX/ParagonMurdock/FX/Textures/Smoke/T_SoftSmoke_Mask_01.uexp" 740
"D:/work/project/portpolio/project-ARPG/ARPG_Hunter/Content/99-Asset/VFX/ParagonMurdock/FX/Textures/Smoke/T_SoftSmoke.ubulk" 741
"D:/work/project/portpolio/project-ARPG/ARPG_Hunter/Content/99-Asset/VFX/ParagonMurdock/FX/Textures/Smoke/T_SoftSmoke.uasset" 742
"D:/work/project/portpolio/project-ARPG/ARPG_Hunter/Content/99-Asset/VFX/ParagonMurdock/FX/Textures/Smoke/T_SoftSmoke.uexp" 743
"D:/work/project/portpolio/project-ARPG/ARPG_Hunter/Content/99-Asset/VFX/ParagonMurdock/FX/Textures/Smoke/T_SmokeRend_N.ubulk" 744
"D:/work/project/portpolio/project-ARPG/ARPG_Hunter/Content/99-Asset/VFX/ParagonMurdock/FX/Textures/Smoke/T_SmokeRend_N.uasset" 745
"D:/work/project/portpolio/project-ARPG/ARPG_Hunter/Content/99-Asset/VFX/ParagonMurdock/FX/Textures/Smoke/T_SmokeRend_N.uexp" 746
"D:/work/project/portpolio/project-ARPG/ARPG_Hunter/Content/99-Asset/VFX/ParagonMurdock/FX/Textures/Smoke/T_SoftSmoke_03.ubulk" 747
"D:/work/project/portpolio/project-ARPG/ARPG_Hunter/Content/99-Asset/VFX/ParagonMurdock/FX/Textures/Smoke/T_SoftSmoke_03.uasset" 748
"D:/work/project/portpolio/project-ARPG/ARPG_Hunter/Content/99-Asset/VFX/ParagonMurdock/FX/Textures/Smoke/T_SoftSmoke_03.uexp" 749
"D:/work/project/portpolio/project-ARPG/ARPG_Hunter/Content/99-Asset/VFX/ParagonMurdock/FX/Materials/Flares/M_SuperSoft_Glow.uasset" 750
"D:/work/project/portpolio/project-ARPG/ARPG_Hunter/Content/99-Asset/VFX/ParagonMurdock/FX/Materials/Flares/M_SuperSoft_Glow.uexp" 751
"D:/work/project/portpolio/project-ARPG/ARPG_Hunter/Content/99-Asset/VFX/ParagonMurdock/FX/Textures/Masks/T_FireBall_LerpMask.ubulk" 752
"D:/work/project/portpolio/project-ARPG/ARPG_Hunter/Content/99-Asset/VFX/ParagonMurdock/FX/Textures/Masks/T_FireBall_LerpMask.uasset" 753
"D:/work/project/portpolio/project-ARPG/ARPG_Hunter/Content/99-Asset/VFX/ParagonMurdock/FX/Textures/Masks/T_FireBall_LerpMask.uexp" 754
"D:/work/project/portpolio/project-ARPG/ARPG_Hunter/Content/99-Asset/VFX/ParagonMurdock/FX/Materials/Flares/M_SuperSoft_Glow_02_Inst.uasset" 755
"D:/work/project/portpolio/project-ARPG/ARPG_Hunter/Content/99-Asset/VFX/ParagonMurdock/FX/Materials/Flares/M_SuperSoft_Glow_02_Inst.uexp" 756
"D:/work/project/portpolio/project-ARPG/ARPG_Hunter/Content/99-Asset/VFX/ParagonMurdock/FX/Materials/Flares/M_Tri_Test.uasset" 757
"D:/work/project/portpolio/project-ARPG/ARPG_Hunter/Content/99-Asset/VFX/ParagonMurdock/FX/Materials/Flares/M_Tri_Test.uexp" 758
"../../../Engine/Content/Functions/Engine_MaterialFunctions01/ImageAdjustment/DeriveHDRfromLDR.uasset" 759
"../../../Engine/Content/Functions/Engine_MaterialFunctions01/ImageAdjustment/DeriveHDRfromLDR.uexp" 760
"D:/work/project/portpolio/project-ARPG/ARPG_Hunter/Content/99-Asset/VFX/ParagonMurdock/FX/Materials/Sparks/M_Spark_VelocityLerp_WorldColor.uasset" 761
"D:/work/project/portpolio/project-ARPG/ARPG_Hunter/Content/99-Asset/VFX/ParagonMurdock/FX/Materials/Sparks/M_Spark_VelocityLerp_WorldColor.uexp" 762
"D:/work/project/portpolio/project-ARPG/ARPG_Hunter/Content/99-Asset/VFX/ParagonMurdock/FX/Materials/Sparks/M_Spark_VelocityLerp_Pellets_Inst.uasset" 763
"D:/work/project/portpolio/project-ARPG/ARPG_Hunter/Content/99-Asset/VFX/ParagonMurdock/FX/Materials/Sparks/M_Spark_VelocityLerp_Pellets_Inst.uexp" 764
"D:/work/project/portpolio/project-ARPG/ARPG_Hunter/Content/99-Asset/VFX/ParagonMurdock/FX/Materials/Flares/M_SuperSoft_Glow_LDR.uasset" 765
"D:/work/project/portpolio/project-ARPG/ARPG_Hunter/Content/99-Asset/VFX/ParagonMurdock/FX/Materials/Flares/M_SuperSoft_Glow_LDR.uexp" 766
"D:/work/project/portpolio/project-ARPG/ARPG_Hunter/Content/99-Asset/VFX/ParagonMurdock/FX/Textures/Sparks/T_Spark_Soft.ubulk" 767
"D:/work/project/portpolio/project-ARPG/ARPG_Hunter/Content/99-Asset/VFX/ParagonMurdock/FX/Textures/Sparks/T_Spark_Soft.uasset" 768
"D:/work/project/portpolio/project-ARPG/ARPG_Hunter/Content/99-Asset/VFX/ParagonMurdock/FX/Textures/Sparks/T_Spark_Soft.uexp" 769
"D:/work/project/portpolio/project-ARPG/ARPG_Hunter/Content/99-Asset/VFX/ParagonMurdock/FX/Materials/Sparks/M_Hotdog_Spark_VLerp_Rand_Master.uasset" 770
"D:/work/project/portpolio/project-ARPG/ARPG_Hunter/Content/99-Asset/VFX/ParagonMurdock/FX/Materials/Sparks/M_Hotdog_Spark_VLerp_Rand_Master.uexp" 771
"../../../Engine/Content/Functions/Engine_MaterialFunctions01/Texturing/FlattenNormal.uasset" 772
"../../../Engine/Content/Functions/Engine_MaterialFunctions01/Texturing/FlattenNormal.uexp" 773
"D:/work/project/portpolio/project-ARPG/ARPG_Hunter/Content/99-Asset/VFX/ParagonMurdock/FX/Textures/Explosions/T_FireySmoke_01_Fire_E.ubulk" 774
"D:/work/project/portpolio/project-ARPG/ARPG_Hunter/Content/99-Asset/VFX/ParagonMurdock/FX/Textures/Explosions/T_FireySmoke_01_Fire_E.uasset" 775
"D:/work/project/portpolio/project-ARPG/ARPG_Hunter/Content/99-Asset/VFX/ParagonMurdock/FX/Textures/Explosions/T_FireySmoke_01_Fire_E.uexp" 776
"D:/work/project/portpolio/project-ARPG/ARPG_Hunter/Content/99-Asset/VFX/ParagonMurdock/FX/Textures/Explosions/T_FireySmoke_01_Smoke_Speed.ubulk" 777
"D:/work/project/portpolio/project-ARPG/ARPG_Hunter/Content/99-Asset/VFX/ParagonMurdock/FX/Textures/Explosions/T_FireySmoke_01_Smoke_Speed.uasset" 778
"D:/work/project/portpolio/project-ARPG/ARPG_Hunter/Content/99-Asset/VFX/ParagonMurdock/FX/Textures/Explosions/T_FireySmoke_01_Smoke_Speed.uexp" 779
"D:/work/project/portpolio/project-ARPG/ARPG_Hunter/Content/99-Asset/VFX/ParagonMurdock/FX/Textures/Explosions/T_FireySmoke_01_N.ubulk" 780
"D:/work/project/portpolio/project-ARPG/ARPG_Hunter/Content/99-Asset/VFX/ParagonMurdock/FX/Textures/Explosions/T_FireySmoke_01_N.uasset" 781
"D:/work/project/portpolio/project-ARPG/ARPG_Hunter/Content/99-Asset/VFX/ParagonMurdock/FX/Textures/Explosions/T_FireySmoke_01_N.uexp" 782
"D:/work/project/portpolio/project-ARPG/ARPG_Hunter/Content/99-Asset/VFX/ParagonMurdock/FX/Materials/Smoke/Hyperbreach/M_Smoke_Particles_SubUV2.uasset" 783
"D:/work/project/portpolio/project-ARPG/ARPG_Hunter/Content/99-Asset/VFX/ParagonMurdock/FX/Materials/Smoke/Hyperbreach/M_Smoke_Particles_SubUV2.uexp" 784
"D:/work/project/portpolio/project-ARPG/ARPG_Hunter/Content/99-Asset/VFX/ParagonMurdock/FX/Materials/MuzzleFlashes/M_MurdockMuzzle_02.uasset" 785
"D:/work/project/portpolio/project-ARPG/ARPG_Hunter/Content/99-Asset/VFX/ParagonMurdock/FX/Materials/MuzzleFlashes/M_MurdockMuzzle_02.uexp" 786
"D:/work/project/portpolio/project-ARPG/ARPG_Hunter/Content/99-Asset/VFX/ParagonMurdock/FX/Meshes/Heroes/Murdock/SM_ShottyMuzzleConeHalf.ubulk" 787
"D:/work/project/portpolio/project-ARPG/ARPG_Hunter/Content/99-Asset/VFX/ParagonMurdock/FX/Meshes/Heroes/Murdock/SM_ShottyMuzzleConeHalf.uasset" 788
"D:/work/project/portpolio/project-ARPG/ARPG_Hunter/Content/99-Asset/VFX/ParagonMurdock/FX/Meshes/Heroes/Murdock/SM_ShottyMuzzleConeHalf.uexp" 789
"D:/work/project/portpolio/project-ARPG/ARPG_Hunter/Content/99-Asset/VFX/ParagonMurdock/FX/Materials/ParamCollections/GlobalArtCollection.uasset" 790
"D:/work/project/portpolio/project-ARPG/ARPG_Hunter/Content/99-Asset/VFX/ParagonMurdock/FX/Materials/ParamCollections/GlobalArtCollection.uexp" 791
"D:/work/project/portpolio/project-ARPG/ARPG_Hunter/Content/99-Asset/VFX/ParagonMurdock/FX/Textures/Debris/T_Concrete_ChunkSubUV_N_TGA.ubulk" 792
"D:/work/project/portpolio/project-ARPG/ARPG_Hunter/Content/99-Asset/VFX/ParagonMurdock/FX/Textures/Debris/T_Concrete_ChunkSubUV_N_TGA.uasset" 793
"D:/work/project/portpolio/project-ARPG/ARPG_Hunter/Content/99-Asset/VFX/ParagonMurdock/FX/Textures/Debris/T_Concrete_ChunkSubUV_N_TGA.uexp" 794
"D:/work/project/portpolio/project-ARPG/ARPG_Hunter/Content/99-Asset/VFX/ParagonMurdock/FX/Textures/Debris/T_Concrete_ChunkSubUV_D.ubulk" 795
"D:/work/project/portpolio/project-ARPG/ARPG_Hunter/Content/99-Asset/VFX/ParagonMurdock/FX/Textures/Debris/T_Concrete_ChunkSubUV_D.uasset" 796
"D:/work/project/portpolio/project-ARPG/ARPG_Hunter/Content/99-Asset/VFX/ParagonMurdock/FX/Textures/Debris/T_Concrete_ChunkSubUV_D.uexp" 797
"D:/work/project/portpolio/project-ARPG/ARPG_Hunter/Content/99-Asset/VFX/ParagonMurdock/FX/Materials/Debris/M_Invis_Debris.uasset" 798
"D:/work/project/portpolio/project-ARPG/ARPG_Hunter/Content/99-Asset/VFX/ParagonMurdock/FX/Materials/Debris/M_Invis_Debris.uexp" 799
"D:/work/project/portpolio/project-ARPG/ARPG_Hunter/Content/99-Asset/VFX/ExportVFX/P_Murdock_Spreadsho_Opponent.uasset" 800
"D:/work/project/portpolio/project-ARPG/ARPG_Hunter/Content/99-Asset/VFX/ExportVFX/P_Murdock_Spreadsho_Opponent.uexp" 801
"D:/work/project/portpolio/project-ARPG/ARPG_Hunter/Content/02-BP/Monster/Animation/Sci_Fi_Defender/AM_SFD_Melee1.uasset" 802
"D:/work/project/portpolio/project-ARPG/ARPG_Hunter/Content/02-BP/Monster/Animation/Sci_Fi_Defender/AM_SFD_Melee1.uexp" 803
"D:/work/project/portpolio/project-ARPG/ARPG_Hunter/Content/03-Data/ActionData/MonsterAction/SFD_Melee1.uasset" 804
"D:/work/project/portpolio/project-ARPG/ARPG_Hunter/Content/03-Data/ActionData/MonsterAction/SFD_Melee1.uexp" 805
"D:/work/project/portpolio/project-ARPG/ARPG_Hunter/Content/02-BP/Monster/Animation/Sci_Fi_Defender/SFD_Defender_Attack_05.uasset" 806
"D:/work/project/portpolio/project-ARPG/ARPG_Hunter/Content/02-BP/Monster/Animation/Sci_Fi_Defender/SFD_Defender_Attack_05.uexp" 807
"../../../Engine/Plugins/FX/Niagara/Content/Enums/ENiagaraSphereDistributionMode.uasset" 808
"../../../Engine/Plugins/FX/Niagara/Content/Enums/ENiagaraSphereDistributionMode.uexp" 809
"../../../Engine/Plugins/FX/Niagara/Content/Enums/ENiagaraTorusDistributionMode.uasset" 810
"../../../Engine/Plugins/FX/Niagara/Content/Enums/ENiagaraTorusDistributionMode.uexp" 811
"../../../Engine/Plugins/FX/Niagara/Content/Enums/Location/ENiagara_LocationShapes.uasset" 812
"../../../Engine/Plugins/FX/Niagara/Content/Enums/Location/ENiagara_LocationShapes.uexp" 813
"../../../Engine/Plugins/FX/Niagara/Content/Enums/Location/ENiagara_CylinderMode.uasset" 814
"../../../Engine/Plugins/FX/Niagara/Content/Enums/Location/ENiagara_CylinderMode.uexp" 815
"../../../Engine/Plugins/FX/Niagara/Content/VectorFields/Assets/TilingCurl32.uasset" 816
"../../../Engine/Plugins/FX/Niagara/Content/VectorFields/Assets/TilingCurl32.uexp" 817
"../../../Engine/Plugins/FX/Niagara/Content/Enums/ENiagaraCurlNoiseQuality.uasset" 818
"../../../Engine/Plugins/FX/Niagara/Content/Enums/ENiagaraCurlNoiseQuality.uexp" 819
"../../../Engine/Plugins/FX/Niagara/Content/VectorFields/Assets/TilingCurl64.uasset" 820
"../../../Engine/Plugins/FX/Niagara/Content/VectorFields/Assets/TilingCurl64.uexp" 821
"../../../Engine/Plugins/FX/Niagara/Content/Enums/ENiagaraVector4_Channels.uasset" 822
"../../../Engine/Plugins/FX/Niagara/Content/Enums/ENiagaraVector4_Channels.uexp" 823
"../../../Engine/Plugins/FX/Niagara/Content/VectorFields/Assets/TilingCurl16.uasset" 824
"../../../Engine/Plugins/FX/Niagara/Content/VectorFields/Assets/TilingCurl16.uexp" 825
"../../../Engine/Plugins/FX/Niagara/Content/Icons/Modules/T_Icon_Solver_LimitSpeed.uasset" 826
"../../../Engine/Plugins/FX/Niagara/Content/Icons/Modules/T_Icon_Solver_LimitSpeed.uexp" 827
"../../../Engine/Plugins/FX/Niagara/Content/Icons/Modules/T_Icon_Solver_RotationalSolve.uasset" 828
"../../../Engine/Plugins/FX/Niagara/Content/Icons/Modules/T_Icon_Solver_RotationalSolve.uexp" 829
"../../../Engine/Plugins/FX/Niagara/Content/Icons/Modules/T_Icon_Solver_LimitAccel.uasset" 830
"../../../Engine/Plugins/FX/Niagara/Content/Icons/Modules/T_Icon_Solver_LimitAccel.uexp" 831
"../../../Engine/Content/Functions/Engine_MaterialFunctions01/Density/ExponentialDensity.uasset" 832
"../../../Engine/Content/Functions/Engine_MaterialFunctions01/Density/ExponentialDensity.uexp" 833
"../../../Engine/Content/Functions/Engine_MaterialFunctions01/Gradient/RadialGradientExponential.uasset" 834
"../../../Engine/Content/Functions/Engine_MaterialFunctions01/Gradient/RadialGradientExponential.uexp" 835
"D:/work/project/portpolio/project-ARPG/ARPG_Hunter/Content/99-Asset/VFX/SwordTrailVFX/Materials/M_DefaultSprite.uasset" 836
"D:/work/project/portpolio/project-ARPG/ARPG_Hunter/Content/99-Asset/VFX/SwordTrailVFX/Materials/M_DefaultSprite.uexp" 837
"../../../Engine/Plugins/FX/Niagara/Content/Enums/ENiagaraScaleColorMode.uasset" 838
"../../../Engine/Plugins/FX/Niagara/Content/Enums/ENiagaraScaleColorMode.uexp" 839
"../../../Engine/Plugins/FX/Niagara/Content/Enums/Transforms/ENiagara_ScaleMode.uasset" 840
"../../../Engine/Plugins/FX/Niagara/Content/Enums/Transforms/ENiagara_ScaleMode.uexp" 841
"D:/work/project/portpolio/project-ARPG/ARPG_Hunter/Content/99-Asset/VFX/SwordTrailVFX/Textures/Mask/T_TrailMask_20.ubulk" 842
"D:/work/project/portpolio/project-ARPG/ARPG_Hunter/Content/99-Asset/VFX/SwordTrailVFX/Textures/Mask/T_TrailMask_20.uasset" 843
"D:/work/project/portpolio/project-ARPG/ARPG_Hunter/Content/99-Asset/VFX/SwordTrailVFX/Textures/Mask/T_TrailMask_20.uexp" 844
"D:/work/project/portpolio/project-ARPG/ARPG_Hunter/Content/99-Asset/VFX/SwordTrailVFX/Textures/Mask/T_TrailMask_06.ubulk" 845
"D:/work/project/portpolio/project-ARPG/ARPG_Hunter/Content/99-Asset/VFX/SwordTrailVFX/Textures/Mask/T_TrailMask_06.uasset" 846
"D:/work/project/portpolio/project-ARPG/ARPG_Hunter/Content/99-Asset/VFX/SwordTrailVFX/Textures/Mask/T_TrailMask_06.uexp" 847
"../../../Engine/Content/Functions/Engine_MaterialFunctions02/Utility/BreakOutFloat2Components.uasset" 848
"../../../Engine/Content/Functions/Engine_MaterialFunctions02/Utility/BreakOutFloat2Components.uexp" 849
"../../../Engine/Content/Functions/Engine_MaterialFunctions01/Texturing/ScaleUVsByCenter.uasset" 850
"../../../Engine/Content/Functions/Engine_MaterialFunctions01/Texturing/ScaleUVsByCenter.uexp" 851
"D:/work/project/portpolio/project-ARPG/ARPG_Hunter/Content/99-Asset/VFX/SwordTrailVFX/Textures/RTs/RT_Draw_N_01.uasset" 852
"D:/work/project/portpolio/project-ARPG/ARPG_Hunter/Content/99-Asset/VFX/SwordTrailVFX/Textures/RTs/RT_Draw_N_01.uexp" 853
"../../../Engine/Content/Functions/Engine_MaterialFunctions02/HueShift.uasset" 854
"../../../Engine/Content/Functions/Engine_MaterialFunctions02/HueShift.uexp" 855
"D:/work/project/portpolio/project-ARPG/ARPG_Hunter/Content/99-Asset/VFX/SwordTrailVFX/Textures/Mask/T_TrailMask_04.ubulk" 856
"D:/work/project/portpolio/project-ARPG/ARPG_Hunter/Content/99-Asset/VFX/SwordTrailVFX/Textures/Mask/T_TrailMask_04.uasset" 857
"D:/work/project/portpolio/project-ARPG/ARPG_Hunter/Content/99-Asset/VFX/SwordTrailVFX/Textures/Mask/T_TrailMask_04.uexp" 858
"D:/work/project/portpolio/project-ARPG/ARPG_Hunter/Content/99-Asset/VFX/SwordTrailVFX/Textures/Mask/T_TrailMask_05.ubulk" 859
"D:/work/project/portpolio/project-ARPG/ARPG_Hunter/Content/99-Asset/VFX/SwordTrailVFX/Textures/Mask/T_TrailMask_05.uasset" 860
"D:/work/project/portpolio/project-ARPG/ARPG_Hunter/Content/99-Asset/VFX/SwordTrailVFX/Textures/Mask/T_TrailMask_05.uexp" 861
"D:/work/project/portpolio/project-ARPG/ARPG_Hunter/Content/99-Asset/VFX/SwordTrailVFX/Materials/M_Trail_Color.uasset" 862
"D:/work/project/portpolio/project-ARPG/ARPG_Hunter/Content/99-Asset/VFX/SwordTrailVFX/Materials/M_Trail_Color.uexp" 863
"D:/work/project/portpolio/project-ARPG/ARPG_Hunter/Content/99-Asset/VFX/SwordTrailVFX/Materials/Trails_MI/MI_Trail_Color_17.uasset" 864
"D:/work/project/portpolio/project-ARPG/ARPG_Hunter/Content/99-Asset/VFX/SwordTrailVFX/Materials/Trails_MI/MI_Trail_Color_17.uexp" 865
"../../../Engine/Plugins/FX/Niagara/Content/Enums/Location/ENiagara_ConeMode.uasset" 866
"../../../Engine/Plugins/FX/Niagara/Content/Enums/Location/ENiagara_ConeMode.uexp" 867
"../../../Engine/Plugins/FX/Niagara/Content/Enums/Angles/ENiagara_AngleInput.uasset" 868
"../../../Engine/Plugins/FX/Niagara/Content/Enums/Angles/ENiagara_AngleInput.uexp" 869
"../../../Engine/Plugins/FX/Niagara/Content/Enums/ENiagara_AttributeSamplingApplyOutput.uasset" 870
"../../../Engine/Plugins/FX/Niagara/Content/Enums/ENiagara_AttributeSamplingApplyOutput.uexp" 871
"../../../Engine/Plugins/FX/Niagara/Content/Enums/Transforms/ENiagara_OffsetMode.uasset" 872
"../../../Engine/Plugins/FX/Niagara/Content/Enums/Transforms/ENiagara_OffsetMode.uexp" 873
"../../../Engine/Plugins/FX/Niagara/Content/Enums/Location/ENiagara_BoxPlaneMode.uasset" 874
"../../../Engine/Plugins/FX/Niagara/Content/Enums/Location/ENiagara_BoxPlaneMode.uexp" 875
"../../../Engine/Plugins/FX/Niagara/Content/Enums/Transforms/ENiagara_TransformOrder.uasset" 876
"../../../Engine/Plugins/FX/Niagara/Content/Enums/Transforms/ENiagara_TransformOrder.uexp" 877
"../../../Engine/Plugins/FX/Niagara/Content/Enums/Location/ENiagaraRingDiscMode.uasset" 878
"../../../Engine/Plugins/FX/Niagara/Content/Enums/Location/ENiagaraRingDiscMode.uexp" 879
"../../../Engine/Plugins/FX/Niagara/Content/Enums/Transforms/ENiagara_RotationMode.uasset" 880
"../../../Engine/Plugins/FX/Niagara/Content/Enums/Transforms/ENiagara_RotationMode.uexp" 881
"../../../Engine/Plugins/FX/Niagara/Content/Enums/ENiagaraShapeTorusMode.uasset" 882
"../../../Engine/Plugins/FX/Niagara/Content/Enums/ENiagaraShapeTorusMode.uexp" 883
"../../../Engine/Plugins/FX/Niagara/Content/Enums/ENiagaraExpansionMode.uasset" 884
"../../../Engine/Plugins/FX/Niagara/Content/Enums/ENiagaraExpansionMode.uexp" 885
"../../../Engine/Plugins/FX/Niagara/Content/Enums/Transforms/ENiagara_TransformType.uasset" 886
"../../../Engine/Plugins/FX/Niagara/Content/Enums/Transforms/ENiagara_TransformType.uexp" 887
"D:/work/project/portpolio/project-ARPG/ARPG_Hunter/Content/99-Asset/VFX/ExportVFX/NS_Trail_15c.uasset" 888
"D:/work/project/portpolio/project-ARPG/ARPG_Hunter/Content/99-Asset/VFX/ExportVFX/NS_Trail_15c.uexp" 889
"D:/work/project/portpolio/project-ARPG/ARPG_Hunter/Content/02-BP/Monster/Animation/Sci_Fi_Defender/AM_SFD_Melee2.uasset" 890
"D:/work/project/portpolio/project-ARPG/ARPG_Hunter/Content/02-BP/Monster/Animation/Sci_Fi_Defender/AM_SFD_Melee2.uexp" 891
"D:/work/project/portpolio/project-ARPG/ARPG_Hunter/Content/03-Data/ActionData/MonsterAction/SFD_Melee2.uasset" 892
"D:/work/project/portpolio/project-ARPG/ARPG_Hunter/Content/03-Data/ActionData/MonsterAction/SFD_Melee2.uexp" 893
"D:/work/project/portpolio/project-ARPG/ARPG_Hunter/Content/99-Asset/Sound/SFX/FlameThrower.ubulk" 894
"D:/work/project/portpolio/project-ARPG/ARPG_Hunter/Content/99-Asset/Sound/SFX/FlameThrower.uasset" 895
"D:/work/project/portpolio/project-ARPG/ARPG_Hunter/Content/99-Asset/Sound/SFX/FlameThrower.uexp" 896
"D:/work/project/portpolio/project-ARPG/ARPG_Hunter/Content/99-Asset/VFX/Realistic_Starter_VFX_Pack_Vol2/Textures/T_Fire_F.ubulk" 897
"D:/work/project/portpolio/project-ARPG/ARPG_Hunter/Content/99-Asset/VFX/Realistic_Starter_VFX_Pack_Vol2/Textures/T_Fire_F.uasset" 898
"D:/work/project/portpolio/project-ARPG/ARPG_Hunter/Content/99-Asset/VFX/Realistic_Starter_VFX_Pack_Vol2/Textures/T_Fire_F.uexp" 899
"D:/work/project/portpolio/project-ARPG/ARPG_Hunter/Content/99-Asset/VFX/Realistic_Starter_VFX_Pack_Vol2/Textures/T_Fire_B.ubulk" 900
"D:/work/project/portpolio/project-ARPG/ARPG_Hunter/Content/99-Asset/VFX/Realistic_Starter_VFX_Pack_Vol2/Textures/T_Fire_B.uasset" 901
"D:/work/project/portpolio/project-ARPG/ARPG_Hunter/Content/99-Asset/VFX/Realistic_Starter_VFX_Pack_Vol2/Textures/T_Fire_B.uexp" 902
"D:/work/project/portpolio/project-ARPG/ARPG_Hunter/Content/99-Asset/VFX/Realistic_Starter_VFX_Pack_Vol2/Materials/M_Fire_C.uasset" 903
"D:/work/project/portpolio/project-ARPG/ARPG_Hunter/Content/99-Asset/VFX/Realistic_Starter_VFX_Pack_Vol2/Materials/M_Fire_C.uexp" 904
"D:/work/project/portpolio/project-ARPG/ARPG_Hunter/Content/99-Asset/VFX/Realistic_Starter_VFX_Pack_Vol2/Textures/T_Smoke_A.ubulk" 905
"D:/work/project/portpolio/project-ARPG/ARPG_Hunter/Content/99-Asset/VFX/Realistic_Starter_VFX_Pack_Vol2/Textures/T_Smoke_A.uasset" 906
"D:/work/project/portpolio/project-ARPG/ARPG_Hunter/Content/99-Asset/VFX/Realistic_Starter_VFX_Pack_Vol2/Textures/T_Smoke_A.uexp" 907
"D:/work/project/portpolio/project-ARPG/ARPG_Hunter/Content/99-Asset/VFX/Realistic_Starter_VFX_Pack_Vol2/Textures/T_Smoke_B.ubulk" 908
"D:/work/project/portpolio/project-ARPG/ARPG_Hunter/Content/99-Asset/VFX/Realistic_Starter_VFX_Pack_Vol2/Textures/T_Smoke_B.uasset" 909
"D:/work/project/portpolio/project-ARPG/ARPG_Hunter/Content/99-Asset/VFX/Realistic_Starter_VFX_Pack_Vol2/Textures/T_Smoke_B.uexp" 910
"D:/work/project/portpolio/project-ARPG/ARPG_Hunter/Content/99-Asset/VFX/Realistic_Starter_VFX_Pack_Vol2/Materials/M_Smoke_C.uasset" 911
"D:/work/project/portpolio/project-ARPG/ARPG_Hunter/Content/99-Asset/VFX/Realistic_Starter_VFX_Pack_Vol2/Materials/M_Smoke_C.uexp" 912
"D:/work/project/portpolio/project-ARPG/ARPG_Hunter/Content/99-Asset/VFX/Realistic_Starter_VFX_Pack_Vol2/Textures/T_NoiseNormal_B.ubulk" 913
"D:/work/project/portpolio/project-ARPG/ARPG_Hunter/Content/99-Asset/VFX/Realistic_Starter_VFX_Pack_Vol2/Textures/T_NoiseNormal_B.uasset" 914
"D:/work/project/portpolio/project-ARPG/ARPG_Hunter/Content/99-Asset/VFX/Realistic_Starter_VFX_Pack_Vol2/Textures/T_NoiseNormal_B.uexp" 915
"D:/work/project/portpolio/project-ARPG/ARPG_Hunter/Content/99-Asset/VFX/Realistic_Starter_VFX_Pack_Vol2/Materials/M_Heat_Distortion.uasset" 916
"D:/work/project/portpolio/project-ARPG/ARPG_Hunter/Content/99-Asset/VFX/Realistic_Starter_VFX_Pack_Vol2/Materials/M_Heat_Distortion.uexp" 917
"D:/work/project/portpolio/project-ARPG/ARPG_Hunter/Content/99-Asset/VFX/Realistic_Starter_VFX_Pack_Vol2/Vectorfields/VectorField_B.uasset" 918
"D:/work/project/portpolio/project-ARPG/ARPG_Hunter/Content/99-Asset/VFX/Realistic_Starter_VFX_Pack_Vol2/Vectorfields/VectorField_B.uexp" 919
"D:/work/project/portpolio/project-ARPG/ARPG_Hunter/Content/99-Asset/VFX/Realistic_Starter_VFX_Pack_Vol2/Textures/T_Flare_A.ubulk" 920
"D:/work/project/portpolio/project-ARPG/ARPG_Hunter/Content/99-Asset/VFX/Realistic_Starter_VFX_Pack_Vol2/Textures/T_Flare_A.uasset" 921
"D:/work/project/portpolio/project-ARPG/ARPG_Hunter/Content/99-Asset/VFX/Realistic_Starter_VFX_Pack_Vol2/Textures/T_Flare_A.uexp" 922
"D:/work/project/portpolio/project-ARPG/ARPG_Hunter/Content/99-Asset/VFX/Realistic_Starter_VFX_Pack_Vol2/Materials/M_Spark_A.uasset" 923
"D:/work/project/portpolio/project-ARPG/ARPG_Hunter/Content/99-Asset/VFX/Realistic_Starter_VFX_Pack_Vol2/Materials/M_Spark_A.uexp" 924
"D:/work/project/portpolio/project-ARPG/ARPG_Hunter/Content/99-Asset/VFX/ExportVFX/P_Flamethrower.uasset" 925
"D:/work/project/portpolio/project-ARPG/ARPG_Hunter/Content/99-Asset/VFX/ExportVFX/P_Flamethrower.uexp" 926
"D:/work/project/portpolio/project-ARPG/ARPG_Hunter/Content/02-BP/Monster/Animation/Sci_Fi_Defender/AM_SFD_Melee3.uasset" 927
"D:/work/project/portpolio/project-ARPG/ARPG_Hunter/Content/02-BP/Monster/Animation/Sci_Fi_Defender/AM_SFD_Melee3.uexp" 928
"D:/work/project/portpolio/project-ARPG/ARPG_Hunter/Content/03-Data/ActionData/MonsterAction/SFD_Melee3.uasset" 929
"D:/work/project/portpolio/project-ARPG/ARPG_Hunter/Content/03-Data/ActionData/MonsterAction/SFD_Melee3.uexp" 930
"D:/work/project/portpolio/project-ARPG/ARPG_Hunter/Content/99-Asset/VFX/ParagonMinions/FX/VectorFields/Galaxyspin.uasset" 931
"D:/work/project/portpolio/project-ARPG/ARPG_Hunter/Content/99-Asset/VFX/ParagonMinions/FX/VectorFields/Galaxyspin.uexp" 932
"D:/work/project/portpolio/project-ARPG/ARPG_Hunter/Content/99-Asset/VFX/ParagonMinions/FX/Materials/Functions/FX_EmissiveModulate.uasset" 933
"D:/work/project/portpolio/project-ARPG/ARPG_Hunter/Content/99-Asset/VFX/ParagonMinions/FX/Materials/Functions/FX_EmissiveModulate.uexp" 934
"D:/work/project/portpolio/project-ARPG/ARPG_Hunter/Content/99-Asset/VFX/ParagonMinions/FX/Textures/Masks/T_TankMoteNoise.ubulk" 935
"D:/work/project/portpolio/project-ARPG/ARPG_Hunter/Content/99-Asset/VFX/ParagonMinions/FX/Textures/Masks/T_TankMoteNoise.uasset" 936
"D:/work/project/portpolio/project-ARPG/ARPG_Hunter/Content/99-Asset/VFX/ParagonMinions/FX/Textures/Masks/T_TankMoteNoise.uexp" 937
"D:/work/project/portpolio/project-ARPG/ARPG_Hunter/Content/99-Asset/VFX/ParagonMinions/FX/Materials/Functions/MF_ParticleExpandDistance.uasset" 938
"D:/work/project/portpolio/project-ARPG/ARPG_Hunter/Content/99-Asset/VFX/ParagonMinions/FX/Materials/Functions/MF_ParticleExpandDistance.uexp" 939
"D:/work/project/portpolio/project-ARPG/ARPG_Hunter/Content/99-Asset/VFX/ParagonMinions/FX/Materials/Functions/MF_ParticleRandomSize.uasset" 940
"D:/work/project/portpolio/project-ARPG/ARPG_Hunter/Content/99-Asset/VFX/ParagonMinions/FX/Materials/Functions/MF_ParticleRandomSize.uexp" 941
"D:/work/project/portpolio/project-ARPG/ARPG_Hunter/Content/99-Asset/VFX/ParagonMinions/FX/Materials/Functions/MF_CameraDistanceFade.uasset" 942
"D:/work/project/portpolio/project-ARPG/ARPG_Hunter/Content/99-Asset/VFX/ParagonMinions/FX/Materials/Functions/MF_CameraDistanceFade.uexp" 943
"D:/work/project/portpolio/project-ARPG/ARPG_Hunter/Content/99-Asset/VFX/ParagonMinions/FX/Textures/Masks/T_TankMote.uasset" 944
"D:/work/project/portpolio/project-ARPG/ARPG_Hunter/Content/99-Asset/VFX/ParagonMinions/FX/Textures/Masks/T_TankMote.uexp" 945
"D:/work/project/portpolio/project-ARPG/ARPG_Hunter/Content/99-Asset/VFX/ParagonMinions/FX/Materials/Flares/M_DotsStunned.uasset" 946
"D:/work/project/portpolio/project-ARPG/ARPG_Hunter/Content/99-Asset/VFX/ParagonMinions/FX/Materials/Flares/M_DotsStunned.uexp" 947
"D:/work/project/portpolio/project-ARPG/ARPG_Hunter/Content/99-Asset/VFX/ParagonMinions/FX/Materials/Flares/MI_DotsStunned_Inst.uasset" 948
"D:/work/project/portpolio/project-ARPG/ARPG_Hunter/Content/99-Asset/VFX/ParagonMinions/FX/Materials/Flares/MI_DotsStunned_Inst.uexp" 949
"D:/work/project/portpolio/project-ARPG/ARPG_Hunter/Content/99-Asset/VFX/ParagonMinions/FX/Textures/Flares/T_blue_sharp.ubulk" 950
"D:/work/project/portpolio/project-ARPG/ARPG_Hunter/Content/99-Asset/VFX/ParagonMinions/FX/Textures/Flares/T_blue_sharp.uasset" 951
"D:/work/project/portpolio/project-ARPG/ARPG_Hunter/Content/99-Asset/VFX/ParagonMinions/FX/Textures/Flares/T_blue_sharp.uexp" 952
"D:/work/project/portpolio/project-ARPG/ARPG_Hunter/Content/99-Asset/VFX/ParagonMinions/FX/Materials/Flares/M_Lensflare_01.uasset" 953
"D:/work/project/portpolio/project-ARPG/ARPG_Hunter/Content/99-Asset/VFX/ParagonMinions/FX/Materials/Flares/M_Lensflare_01.uexp" 954
"D:/work/project/portpolio/project-ARPG/ARPG_Hunter/Content/99-Asset/VFX/ExportVFX/P_StunnedActivation.uasset" 955
"D:/work/project/portpolio/project-ARPG/ARPG_Hunter/Content/99-Asset/VFX/ExportVFX/P_StunnedActivation.uexp" 956
"D:/work/project/portpolio/project-ARPG/ARPG_Hunter/Content/02-BP/Monster/Animation/Sci_Fi_Defender/SFD_Defender_Fly_Fast_Root.uasset" 957
"D:/work/project/portpolio/project-ARPG/ARPG_Hunter/Content/02-BP/Monster/Animation/Sci_Fi_Defender/SFD_Defender_Fly_Fast_Root.uexp" 958
"D:/work/project/portpolio/project-ARPG/ARPG_Hunter/Content/02-BP/Monster/Animation/Sci_Fi_Defender/SFD_Defender_Fly_Fast_Landing.uasset" 959
"D:/work/project/portpolio/project-ARPG/ARPG_Hunter/Content/02-BP/Monster/Animation/Sci_Fi_Defender/SFD_Defender_Fly_Fast_Landing.uexp" 960
"D:/work/project/portpolio/project-ARPG/ARPG_Hunter/Content/02-BP/Monster/Animation/Sci_Fi_Defender/SFD_Defender_Dead_02.uasset" 961
"D:/work/project/portpolio/project-ARPG/ARPG_Hunter/Content/02-BP/Monster/Animation/Sci_Fi_Defender/SFD_Defender_Dead_02.uexp" 962
"D:/work/project/portpolio/project-ARPG/ARPG_Hunter/Content/02-BP/Monster/Animation/Sci_Fi_Defender/SFD_Defender_Fly_Fast_Start.uasset" 963
"D:/work/project/portpolio/project-ARPG/ARPG_Hunter/Content/02-BP/Monster/Animation/Sci_Fi_Defender/SFD_Defender_Fly_Fast_Start.uexp" 964
"D:/work/project/portpolio/project-ARPG/ARPG_Hunter/Content/99-Asset/Sound/SFX/BossMachine_Groggy.ubulk" 965
"D:/work/project/portpolio/project-ARPG/ARPG_Hunter/Content/99-Asset/Sound/SFX/BossMachine_Groggy.uasset" 966
"D:/work/project/portpolio/project-ARPG/ARPG_Hunter/Content/99-Asset/Sound/SFX/BossMachine_Groggy.uexp" 967
"D:/work/project/portpolio/project-ARPG/ARPG_Hunter/Content/99-Asset/VFX/ParagonMurdock/FX/Textures/Flares/T_sunflare.ubulk" 968
"D:/work/project/portpolio/project-ARPG/ARPG_Hunter/Content/99-Asset/VFX/ParagonMurdock/FX/Textures/Flares/T_sunflare.uasset" 969
"D:/work/project/portpolio/project-ARPG/ARPG_Hunter/Content/99-Asset/VFX/ParagonMurdock/FX/Textures/Flares/T_sunflare.uexp" 970
"D:/work/project/portpolio/project-ARPG/ARPG_Hunter/Content/99-Asset/VFX/ParagonMurdock/FX/Materials/Functions/M_Eleven_Colors.uasset" 971
"D:/work/project/portpolio/project-ARPG/ARPG_Hunter/Content/99-Asset/VFX/ParagonMurdock/FX/Materials/Functions/M_Eleven_Colors.uexp" 972
"D:/work/project/portpolio/project-ARPG/ARPG_Hunter/Content/99-Asset/VFX/ParagonMurdock/FX/Textures/Smoke/T_TileSmoke_01_Height.ubulk" 973
"D:/work/project/portpolio/project-ARPG/ARPG_Hunter/Content/99-Asset/VFX/ParagonMurdock/FX/Textures/Smoke/T_TileSmoke_01_Height.uasset" 974
"D:/work/project/portpolio/project-ARPG/ARPG_Hunter/Content/99-Asset/VFX/ParagonMurdock/FX/Textures/Smoke/T_TileSmoke_01_Height.uexp" 975
"D:/work/project/portpolio/project-ARPG/ARPG_Hunter/Content/99-Asset/VFX/ParagonMurdock/FX/Materials/Flares/M_MuzzleFlare_LDR2HDR.uasset" 976
"D:/work/project/portpolio/project-ARPG/ARPG_Hunter/Content/99-Asset/VFX/ParagonMurdock/FX/Materials/Flares/M_MuzzleFlare_LDR2HDR.uexp" 977
"../../../Engine/Content/EngineMaterials/OrientParticle.uasset" 978
"../../../Engine/Content/EngineMaterials/OrientParticle.uexp" 979
"../../../Engine/Content/EngineMaterials/DefaultParticle.uasset" 980
"../../../Engine/Content/EngineMaterials/DefaultParticle.uexp" 981
"D:/work/project/portpolio/project-ARPG/ARPG_Hunter/Content/99-Asset/VFX/ExportVFX/P_Eleven_GunDetails_PowerCanister.uasset" 982
"D:/work/project/portpolio/project-ARPG/ARPG_Hunter/Content/99-Asset/VFX/ExportVFX/P_Eleven_GunDetails_PowerCanister.uexp" 983
"D:/work/project/portpolio/project-ARPG/ARPG_Hunter/Content/02-BP/Monster/Animation/Sci_Fi_Defender/AM_SFD_Skill1_Counter.uasset" 984
"D:/work/project/portpolio/project-ARPG/ARPG_Hunter/Content/02-BP/Monster/Animation/Sci_Fi_Defender/AM_SFD_Skill1_Counter.uexp" 985
"D:/work/project/portpolio/project-ARPG/ARPG_Hunter/Content/03-Data/ActionData/MonsterAction/SFD_SkillCounter.uasset" 986
"D:/work/project/portpolio/project-ARPG/ARPG_Hunter/Content/03-Data/ActionData/MonsterAction/SFD_SkillCounter.uexp" 987
"D:/work/project/portpolio/project-ARPG/ARPG_Hunter/Content/99-Asset/Sound/SFX/BossMachine_StaggerSkill_Start.ubulk" 988
"D:/work/project/portpolio/project-ARPG/ARPG_Hunter/Content/99-Asset/Sound/SFX/BossMachine_StaggerSkill_Start.uasset" 989
"D:/work/project/portpolio/project-ARPG/ARPG_Hunter/Content/99-Asset/Sound/SFX/BossMachine_StaggerSkill_Start.uexp" 990
"D:/work/project/portpolio/project-ARPG/ARPG_Hunter/Content/99-Asset/Sound/SFX/BossMachine_StaggerSkill_Complete.ubulk" 991
"D:/work/project/portpolio/project-ARPG/ARPG_Hunter/Content/99-Asset/Sound/SFX/BossMachine_StaggerSkill_Complete.uasset" 992
"D:/work/project/portpolio/project-ARPG/ARPG_Hunter/Content/99-Asset/Sound/SFX/BossMachine_StaggerSkill_Complete.uexp" 993
"D:/work/project/portpolio/project-ARPG/ARPG_Hunter/Content/02-BP/Monster/Animation/Sci_Fi_Defender/SFD_Recall1.uasset" 994
"D:/work/project/portpolio/project-ARPG/ARPG_Hunter/Content/02-BP/Monster/Animation/Sci_Fi_Defender/SFD_Recall1.uexp" 995
"D:/work/project/portpolio/project-ARPG/ARPG_Hunter/Content/99-Asset/VFX/ParagonRiktor/FX/Meshes/Shapes/SM_BowlWave.ubulk" 996
"D:/work/project/portpolio/project-ARPG/ARPG_Hunter/Content/99-Asset/VFX/ParagonRiktor/FX/Meshes/Shapes/SM_BowlWave.uasset" 997
"D:/work/project/portpolio/project-ARPG/ARPG_Hunter/Content/99-Asset/VFX/ParagonRiktor/FX/Meshes/Shapes/SM_BowlWave.uexp" 998
"../../../Engine/Content/Functions/Engine_MaterialFunctions02/Utility/VectorLength.uasset" 999
"../../../Engine/Content/Functions/Engine_MaterialFunctions02/Utility/VectorLength.uexp" 1000
"D:/work/project/portpolio/project-ARPG/ARPG_Hunter/Content/99-Asset/VFX/ParagonRiktor/FX/Materials/Functions/MF_CameraDistanceFade.uasset" 1001
"D:/work/project/portpolio/project-ARPG/ARPG_Hunter/Content/99-Asset/VFX/ParagonRiktor/FX/Materials/Functions/MF_CameraDistanceFade.uexp" 1002
"D:/work/project/portpolio/project-ARPG/ARPG_Hunter/Content/99-Asset/VFX/ParagonRiktor/FX/Textures/Energy/Electricity/T_lightning_tile.ubulk" 1003
"D:/work/project/portpolio/project-ARPG/ARPG_Hunter/Content/99-Asset/VFX/ParagonRiktor/FX/Textures/Energy/Electricity/T_lightning_tile.uasset" 1004
"D:/work/project/portpolio/project-ARPG/ARPG_Hunter/Content/99-Asset/VFX/ParagonRiktor/FX/Textures/Energy/Electricity/T_lightning_tile.uexp" 1005
"D:/work/project/portpolio/project-ARPG/ARPG_Hunter/Content/99-Asset/VFX/ParagonRiktor/FX/Textures/Tile/Noise/T_PerlinPlasma_Noisey_Packed.ubulk" 1006
"D:/work/project/portpolio/project-ARPG/ARPG_Hunter/Content/99-Asset/VFX/ParagonRiktor/FX/Textures/Tile/Noise/T_PerlinPlasma_Noisey_Packed.uasset" 1007
"D:/work/project/portpolio/project-ARPG/ARPG_Hunter/Content/99-Asset/VFX/ParagonRiktor/FX/Textures/Tile/Noise/T_PerlinPlasma_Noisey_Packed.uexp" 1008
"D:/work/project/portpolio/project-ARPG/ARPG_Hunter/Content/99-Asset/VFX/ParagonRiktor/FX/Textures/Masks/T_NoisyBeam_M.ubulk" 1009
"D:/work/project/portpolio/project-ARPG/ARPG_Hunter/Content/99-Asset/VFX/ParagonRiktor/FX/Textures/Masks/T_NoisyBeam_M.uasset" 1010
"D:/work/project/portpolio/project-ARPG/ARPG_Hunter/Content/99-Asset/VFX/ParagonRiktor/FX/Textures/Masks/T_NoisyBeam_M.uexp" 1011
"D:/work/project/portpolio/project-ARPG/ARPG_Hunter/Content/99-Asset/VFX/ParagonRiktor/FX/Materials/Functions/MF_DitheredRefraction.uasset" 1012
"D:/work/project/portpolio/project-ARPG/ARPG_Hunter/Content/99-Asset/VFX/ParagonRiktor/FX/Materials/Functions/MF_DitheredRefraction.uexp" 1013
"D:/work/project/portpolio/project-ARPG/ARPG_Hunter/Content/99-Asset/VFX/ParagonRiktor/FX/Textures/Masks/T_Double_Shockwavetga.ubulk" 1014
"D:/work/project/portpolio/project-ARPG/ARPG_Hunter/Content/99-Asset/VFX/ParagonRiktor/FX/Textures/Masks/T_Double_Shockwavetga.uasset" 1015
"D:/work/project/portpolio/project-ARPG/ARPG_Hunter/Content/99-Asset/VFX/ParagonRiktor/FX/Textures/Masks/T_Double_Shockwavetga.uexp" 1016
"D:/work/project/portpolio/project-ARPG/ARPG_Hunter/Content/99-Asset/VFX/ParagonRiktor/FX/Materials/Functions/FX_EmissiveModulate.uasset" 1017
"D:/work/project/portpolio/project-ARPG/ARPG_Hunter/Content/99-Asset/VFX/ParagonRiktor/FX/Materials/Functions/FX_EmissiveModulate.uexp" 1018
"../../../Engine/Content/Functions/Engine_MaterialFunctions02/Utility/Swizzle.uasset" 1019
"../../../Engine/Content/Functions/Engine_MaterialFunctions02/Utility/Swizzle.uexp" 1020
"D:/work/project/portpolio/project-ARPG/ARPG_Hunter/Content/99-Asset/VFX/ParagonRiktor/FX/Materials/Shockwave/M_ShockingGround_Shockwave.uasset" 1021
"D:/work/project/portpolio/project-ARPG/ARPG_Hunter/Content/99-Asset/VFX/ParagonRiktor/FX/Materials/Shockwave/M_ShockingGround_Shockwave.uexp" 1022
"D:/work/project/portpolio/project-ARPG/ARPG_Hunter/Content/99-Asset/VFX/ParagonRiktor/FX/Textures/Tile/Noise/T_TilingNoise12.ubulk" 1023
"D:/work/project/portpolio/project-ARPG/ARPG_Hunter/Content/99-Asset/VFX/ParagonRiktor/FX/Textures/Tile/Noise/T_TilingNoise12.uasset" 1024
"D:/work/project/portpolio/project-ARPG/ARPG_Hunter/Content/99-Asset/VFX/ParagonRiktor/FX/Textures/Tile/Noise/T_TilingNoise12.uexp" 1025
"D:/work/project/portpolio/project-ARPG/ARPG_Hunter/Content/99-Asset/VFX/ParagonRiktor/FX/Materials/Shockwave/M_RiktorShockwave.uasset" 1026
"D:/work/project/portpolio/project-ARPG/ARPG_Hunter/Content/99-Asset/VFX/ParagonRiktor/FX/Materials/Shockwave/M_RiktorShockwave.uexp" 1027
"D:/work/project/portpolio/project-ARPG/ARPG_Hunter/Content/99-Asset/VFX/ParagonRiktor/FX/Meshes/Shapes/SM_Sphere_Scale_Unit_100.ubulk" 1028
"D:/work/project/portpolio/project-ARPG/ARPG_Hunter/Content/99-Asset/VFX/ParagonRiktor/FX/Meshes/Shapes/SM_Sphere_Scale_Unit_100.uasset" 1029
"D:/work/project/portpolio/project-ARPG/ARPG_Hunter/Content/99-Asset/VFX/ParagonRiktor/FX/Meshes/Shapes/SM_Sphere_Scale_Unit_100.uexp" 1030
"D:/work/project/portpolio/project-ARPG/ARPG_Hunter/Content/99-Asset/VFX/ExportVFX/P_Chains_ShockingGround_Shockwave.uasset" 1031
"D:/work/project/portpolio/project-ARPG/ARPG_Hunter/Content/99-Asset/VFX/ExportVFX/P_Chains_ShockingGround_Shockwave.uexp" 1032
"D:/work/project/portpolio/project-ARPG/ARPG_Hunter/Content/02-BP/Monster/Animation/Sci_Fi_Defender/SFD_Recall_End1.uasset" 1033
"D:/work/project/portpolio/project-ARPG/ARPG_Hunter/Content/02-BP/Monster/Animation/Sci_Fi_Defender/SFD_Recall_End1.uexp" 1034
"../../../Engine/Content/Engine_MI_Shaders/Textures/Bokeh.uasset" 1035
"../../../Engine/Content/Engine_MI_Shaders/Textures/Bokeh.uexp" 1036
"../../../Engine/Content/Functions/Engine_MaterialFunctions01/Coordinates/WorldUnitsInPixel.uasset" 1037
"../../../Engine/Content/Functions/Engine_MaterialFunctions01/Coordinates/WorldUnitsInPixel.uexp" 1038
"D:/work/project/portpolio/project-ARPG/ARPG_Hunter/Content/99-Asset/VFX/ParagonRiktor/FX/Textures/Sparks/T_SparkSingle.ubulk" 1039
"D:/work/project/portpolio/project-ARPG/ARPG_Hunter/Content/99-Asset/VFX/ParagonRiktor/FX/Textures/Sparks/T_SparkSingle.uasset" 1040
"D:/work/project/portpolio/project-ARPG/ARPG_Hunter/Content/99-Asset/VFX/ParagonRiktor/FX/Textures/Sparks/T_SparkSingle.uexp" 1041
"D:/work/project/portpolio/project-ARPG/ARPG_Hunter/Content/99-Asset/VFX/ParagonRiktor/FX/Materials/Functions/MF_ParticleRandomSize.uasset" 1042
"D:/work/project/portpolio/project-ARPG/ARPG_Hunter/Content/99-Asset/VFX/ParagonRiktor/FX/Materials/Functions/MF_ParticleRandomSize.uexp" 1043
"D:/work/project/portpolio/project-ARPG/ARPG_Hunter/Content/99-Asset/VFX/ParagonRiktor/FX/Textures/Sparks/T_Spark_Soft.ubulk" 1044
"D:/work/project/portpolio/project-ARPG/ARPG_Hunter/Content/99-Asset/VFX/ParagonRiktor/FX/Textures/Sparks/T_Spark_Soft.uasset" 1045
"D:/work/project/portpolio/project-ARPG/ARPG_Hunter/Content/99-Asset/VFX/ParagonRiktor/FX/Textures/Sparks/T_Spark_Soft.uexp" 1046
"../../../Engine/Content/Functions/Engine_MaterialFunctions01/Coordinates/PixelInWorldUnits.uasset" 1047
"../../../Engine/Content/Functions/Engine_MaterialFunctions01/Coordinates/PixelInWorldUnits.uexp" 1048
"../../../Engine/Content/Functions/Engine_MaterialFunctions03/Particles/ParticleDOF.uasset" 1049
"../../../Engine/Content/Functions/Engine_MaterialFunctions03/Particles/ParticleDOF.uexp" 1050
"D:/work/project/portpolio/project-ARPG/ARPG_Hunter/Content/99-Asset/VFX/ParagonRiktor/FX/Materials/Sparks/M_Hotdog_Spark_VLerp_DOF_Rand_Master.uasset" 1051
"D:/work/project/portpolio/project-ARPG/ARPG_Hunter/Content/99-Asset/VFX/ParagonRiktor/FX/Materials/Sparks/M_Hotdog_Spark_VLerp_DOF_Rand_Master.uexp" 1052
"D:/work/project/portpolio/project-ARPG/ARPG_Hunter/Content/99-Asset/VFX/ParagonRiktor/FX/Meshes/Splines/SM_Electrical_Spline_Arc_01.ubulk" 1053
"D:/work/project/portpolio/project-ARPG/ARPG_Hunter/Content/99-Asset/VFX/ParagonRiktor/FX/Meshes/Splines/SM_Electrical_Spline_Arc_01.uasset" 1054
"D:/work/project/portpolio/project-ARPG/ARPG_Hunter/Content/99-Asset/VFX/ParagonRiktor/FX/Meshes/Splines/SM_Electrical_Spline_Arc_01.uexp" 1055
"D:/work/project/portpolio/project-ARPG/ARPG_Hunter/Content/99-Asset/VFX/ParagonRiktor/FX/Textures/Smoke/T_SoftSmoke_04.ubulk" 1056
"D:/work/project/portpolio/project-ARPG/ARPG_Hunter/Content/99-Asset/VFX/ParagonRiktor/FX/Textures/Smoke/T_SoftSmoke_04.uasset" 1057
"D:/work/project/portpolio/project-ARPG/ARPG_Hunter/Content/99-Asset/VFX/ParagonRiktor/FX/Textures/Smoke/T_SoftSmoke_04.uexp" 1058
"D:/work/project/portpolio/project-ARPG/ARPG_Hunter/Content/99-Asset/VFX/ParagonRiktor/FX/Textures/Smoke/T_TilingClouds_01.ubulk" 1059
"D:/work/project/portpolio/project-ARPG/ARPG_Hunter/Content/99-Asset/VFX/ParagonRiktor/FX/Textures/Smoke/T_TilingClouds_01.uasset" 1060
"D:/work/project/portpolio/project-ARPG/ARPG_Hunter/Content/99-Asset/VFX/ParagonRiktor/FX/Textures/Smoke/T_TilingClouds_01.uexp" 1061
"D:/work/project/portpolio/project-ARPG/ARPG_Hunter/Content/99-Asset/VFX/ParagonRiktor/FX/Textures/Smoke/T_SoftSmoke.ubulk" 1062
"D:/work/project/portpolio/project-ARPG/ARPG_Hunter/Content/99-Asset/VFX/ParagonRiktor/FX/Textures/Smoke/T_SoftSmoke.uasset" 1063
"D:/work/project/portpolio/project-ARPG/ARPG_Hunter/Content/99-Asset/VFX/ParagonRiktor/FX/Textures/Smoke/T_SoftSmoke.uexp" 1064
"D:/work/project/portpolio/project-ARPG/ARPG_Hunter/Content/99-Asset/VFX/ParagonRiktor/FX/Materials/Functions/FadeBasedOnViewAngle.uasset" 1065
"D:/work/project/portpolio/project-ARPG/ARPG_Hunter/Content/99-Asset/VFX/ParagonRiktor/FX/Materials/Functions/FadeBasedOnViewAngle.uexp" 1066
"D:/work/project/portpolio/project-ARPG/ARPG_Hunter/Content/99-Asset/VFX/ParagonRiktor/FX/Materials/Smoke/M_Lit_SmokeMeshBall.uasset" 1067
"D:/work/project/portpolio/project-ARPG/ARPG_Hunter/Content/99-Asset/VFX/ParagonRiktor/FX/Materials/Smoke/M_Lit_SmokeMeshBall.uexp" 1068
"D:/work/project/portpolio/project-ARPG/ARPG_Hunter/Content/99-Asset/VFX/ParagonRiktor/FX/Meshes/Splines/SM_Electric_Spline_Complex_03.ubulk" 1069
"D:/work/project/portpolio/project-ARPG/ARPG_Hunter/Content/99-Asset/VFX/ParagonRiktor/FX/Meshes/Splines/SM_Electric_Spline_Complex_03.uasset" 1070
"D:/work/project/portpolio/project-ARPG/ARPG_Hunter/Content/99-Asset/VFX/ParagonRiktor/FX/Meshes/Splines/SM_Electric_Spline_Complex_03.uexp" 1071
"D:/work/project/portpolio/project-ARPG/ARPG_Hunter/Content/99-Asset/VFX/ParagonRiktor/FX/Materials/Flares/m_flare_01.uasset" 1072
"D:/work/project/portpolio/project-ARPG/ARPG_Hunter/Content/99-Asset/VFX/ParagonRiktor/FX/Materials/Flares/m_flare_01.uexp" 1073
"../../../Engine/Content/Functions/Engine_MaterialFunctions02/Math/Transform3x3Matrix.uasset" 1074
"../../../Engine/Content/Functions/Engine_MaterialFunctions02/Math/Transform3x3Matrix.uexp" 1075
"D:/work/project/portpolio/project-ARPG/ARPG_Hunter/Content/99-Asset/VFX/ParagonRiktor/FX/Textures/Tile/Noise/T_AtmosphericCloudNoise03.ubulk" 1076
"D:/work/project/portpolio/project-ARPG/ARPG_Hunter/Content/99-Asset/VFX/ParagonRiktor/FX/Textures/Tile/Noise/T_AtmosphericCloudNoise03.uasset" 1077
"D:/work/project/portpolio/project-ARPG/ARPG_Hunter/Content/99-Asset/VFX/ParagonRiktor/FX/Textures/Tile/Noise/T_AtmosphericCloudNoise03.uexp" 1078
"../../../Engine/Content/Functions/Engine_MaterialFunctions02/Utility/BlendAngleCorrectedNormals.uasset" 1079
"../../../Engine/Content/Functions/Engine_MaterialFunctions02/Utility/BlendAngleCorrectedNormals.uexp" 1080
"../../../Engine/Content/Functions/Engine_MaterialFunctions02/SafeNormalize.uasset" 1081
"../../../Engine/Content/Functions/Engine_MaterialFunctions02/SafeNormalize.uexp" 1082
"../../../Engine/Content/Functions/Engine_MaterialFunctions02/Math/CreateThirdOrthogonalVector.uasset" 1083
"../../../Engine/Content/Functions/Engine_MaterialFunctions02/Math/CreateThirdOrthogonalVector.uexp" 1084
"../../../Engine/Content/Functions/Engine_MaterialFunctions02/TangentBasis.uasset" 1085
"../../../Engine/Content/Functions/Engine_MaterialFunctions02/TangentBasis.uexp" 1086
"../../../Engine/Content/Functions/Engine_MaterialFunctions01/WorldPositionOffset/SplineThicken.uasset" 1087
"../../../Engine/Content/Functions/Engine_MaterialFunctions01/WorldPositionOffset/SplineThicken.uexp" 1088
"D:/work/project/portpolio/project-ARPG/ARPG_Hunter/Content/99-Asset/VFX/ParagonRiktor/FX/Textures/Energy/Electricity/T_Electric_TileY.ubulk" 1089
"D:/work/project/portpolio/project-ARPG/ARPG_Hunter/Content/99-Asset/VFX/ParagonRiktor/FX/Textures/Energy/Electricity/T_Electric_TileY.uasset" 1090
"D:/work/project/portpolio/project-ARPG/ARPG_Hunter/Content/99-Asset/VFX/ParagonRiktor/FX/Textures/Energy/Electricity/T_Electric_TileY.uexp" 1091
"D:/work/project/portpolio/project-ARPG/ARPG_Hunter/Content/99-Asset/VFX/ParagonRiktor/FX/Materials/Functions/MF_ElecWave.uasset" 1092
"D:/work/project/portpolio/project-ARPG/ARPG_Hunter/Content/99-Asset/VFX/ParagonRiktor/FX/Materials/Functions/MF_ElecWave.uexp" 1093
"D:/work/project/portpolio/project-ARPG/ARPG_Hunter/Content/99-Asset/VFX/ParagonRiktor/FX/Materials/Functions/MF_Chains_Colors.uasset" 1094
"D:/work/project/portpolio/project-ARPG/ARPG_Hunter/Content/99-Asset/VFX/ParagonRiktor/FX/Materials/Functions/MF_Chains_Colors.uexp" 1095
"D:/work/project/portpolio/project-ARPG/ARPG_Hunter/Content/99-Asset/VFX/ParagonRiktor/FX/Textures/Masks/T_SplineThickness_Mask.ubulk" 1096
"D:/work/project/portpolio/project-ARPG/ARPG_Hunter/Content/99-Asset/VFX/ParagonRiktor/FX/Textures/Masks/T_SplineThickness_Mask.uasset" 1097
"D:/work/project/portpolio/project-ARPG/ARPG_Hunter/Content/99-Asset/VFX/ParagonRiktor/FX/Textures/Masks/T_SplineThickness_Mask.uexp" 1098
"D:/work/project/portpolio/project-ARPG/ARPG_Hunter/Content/99-Asset/VFX/ParagonRiktor/FX/Materials/Functions/MF_Tile_Isolate_XY.uasset" 1099
"D:/work/project/portpolio/project-ARPG/ARPG_Hunter/Content/99-Asset/VFX/ParagonRiktor/FX/Materials/Functions/MF_Tile_Isolate_XY.uexp" 1100
"D:/work/project/portpolio/project-ARPG/ARPG_Hunter/Content/99-Asset/VFX/ParagonRiktor/FX/Materials/Energy/Electricity/M_Riktor_Radial_Electricity_MASTER.uasset" 1101
"D:/work/project/portpolio/project-ARPG/ARPG_Hunter/Content/99-Asset/VFX/ParagonRiktor/FX/Materials/Energy/Electricity/M_Riktor_Radial_Electricity_MASTER.uexp" 1102
"D:/work/project/portpolio/project-ARPG/ARPG_Hunter/Content/99-Asset/VFX/ParagonRiktor/FX/Materials/Energy/Electricity/M_Riktor_Radial_Electricity_Inst.uasset" 1103
"D:/work/project/portpolio/project-ARPG/ARPG_Hunter/Content/99-Asset/VFX/ParagonRiktor/FX/Materials/Energy/Electricity/M_Riktor_Radial_Electricity_Inst.uexp" 1104
"D:/work/project/portpolio/project-ARPG/ARPG_Hunter/Content/99-Asset/VFX/ParagonRiktor/FX/Textures/Coords/T_Turbulence_AdditiveWarp_Linear.ubulk" 1105
"D:/work/project/portpolio/project-ARPG/ARPG_Hunter/Content/99-Asset/VFX/ParagonRiktor/FX/Textures/Coords/T_Turbulence_AdditiveWarp_Linear.uasset" 1106
"D:/work/project/portpolio/project-ARPG/ARPG_Hunter/Content/99-Asset/VFX/ParagonRiktor/FX/Textures/Coords/T_Turbulence_AdditiveWarp_Linear.uexp" 1107
"D:/work/project/portpolio/project-ARPG/ARPG_Hunter/Content/99-Asset/VFX/ParagonRiktor/FX/Textures/Smoke/T_MinionSmokeTile.ubulk" 1108
"D:/work/project/portpolio/project-ARPG/ARPG_Hunter/Content/99-Asset/VFX/ParagonRiktor/FX/Textures/Smoke/T_MinionSmokeTile.uasset" 1109
"D:/work/project/portpolio/project-ARPG/ARPG_Hunter/Content/99-Asset/VFX/ParagonRiktor/FX/Textures/Smoke/T_MinionSmokeTile.uexp" 1110
"D:/work/project/portpolio/project-ARPG/ARPG_Hunter/Content/99-Asset/VFX/ParagonRiktor/FX/Textures/Smoke/T_MinionSmokeMask_Test.ubulk" 1111
"D:/work/project/portpolio/project-ARPG/ARPG_Hunter/Content/99-Asset/VFX/ParagonRiktor/FX/Textures/Smoke/T_MinionSmokeMask_Test.uasset" 1112
"D:/work/project/portpolio/project-ARPG/ARPG_Hunter/Content/99-Asset/VFX/ParagonRiktor/FX/Textures/Smoke/T_MinionSmokeMask_Test.uexp" 1113
"D:/work/project/portpolio/project-ARPG/ARPG_Hunter/Content/99-Asset/VFX/ParagonRiktor/FX/Materials/Smoke/M_LingerSmoke_MasterAdditiveWarp_Simple.uasset" 1114
"D:/work/project/portpolio/project-ARPG/ARPG_Hunter/Content/99-Asset/VFX/ParagonRiktor/FX/Materials/Smoke/M_LingerSmoke_MasterAdditiveWarp_Simple.uexp" 1115
"../../../Engine/Content/Functions/Engine_MaterialFunctions02/Utility/Sign.uasset" 1116
"../../../Engine/Content/Functions/Engine_MaterialFunctions02/Utility/Sign.uexp" 1117
"../../../Engine/Content/Functions/Engine_MaterialFunctions02/Utility/Round.uasset" 1118
"../../../Engine/Content/Functions/Engine_MaterialFunctions02/Utility/Round.uexp" 1119
"D:/work/project/portpolio/project-ARPG/ARPG_Hunter/Content/99-Asset/VFX/ParagonRiktor/FX/Materials/Functions/MF_RandomSubUV_GPUSprites.uasset" 1120
"D:/work/project/portpolio/project-ARPG/ARPG_Hunter/Content/99-Asset/VFX/ParagonRiktor/FX/Materials/Functions/MF_RandomSubUV_GPUSprites.uexp" 1121
"D:/work/project/portpolio/project-ARPG/ARPG_Hunter/Content/99-Asset/VFX/ParagonRiktor/FX/Textures/Energy/Electricity/T_Semicircle_Arcs_2x2.ubulk" 1122
"D:/work/project/portpolio/project-ARPG/ARPG_Hunter/Content/99-Asset/VFX/ParagonRiktor/FX/Textures/Energy/Electricity/T_Semicircle_Arcs_2x2.uasset" 1123
"D:/work/project/portpolio/project-ARPG/ARPG_Hunter/Content/99-Asset/VFX/ParagonRiktor/FX/Textures/Energy/Electricity/T_Semicircle_Arcs_2x2.uexp" 1124
"D:/work/project/portpolio/project-ARPG/ARPG_Hunter/Content/99-Asset/VFX/ParagonRiktor/FX/Materials/Energy/Electricity/M_Electric_GPU_SubUV.uasset" 1125
"D:/work/project/portpolio/project-ARPG/ARPG_Hunter/Content/99-Asset/VFX/ParagonRiktor/FX/Materials/Energy/Electricity/M_Electric_GPU_SubUV.uexp" 1126
"D:/work/project/portpolio/project-ARPG/ARPG_Hunter/Content/99-Asset/VFX/ParagonRiktor/FX/Materials/Energy/Electricity/M_Riktor_Radial_Electricity_Arc_Inst.uasset" 1127
"D:/work/project/portpolio/project-ARPG/ARPG_Hunter/Content/99-Asset/VFX/ParagonRiktor/FX/Materials/Energy/Electricity/M_Riktor_Radial_Electricity_Arc_Inst.uexp" 1128
"D:/work/project/portpolio/project-ARPG/ARPG_Hunter/Content/99-Asset/VFX/ParagonRiktor/FX/Materials/Energy/Electricity/M_Electrical_Beams.uasset" 1129
"D:/work/project/portpolio/project-ARPG/ARPG_Hunter/Content/99-Asset/VFX/ParagonRiktor/FX/Materials/Energy/Electricity/M_Electrical_Beams.uexp" 1130
"D:/work/project/portpolio/project-ARPG/ARPG_Hunter/Content/99-Asset/VFX/ParagonRiktor/FX/Materials/PhysMats/PM_ShallowWater.uasset" 1131
"D:/work/project/portpolio/project-ARPG/ARPG_Hunter/Content/99-Asset/VFX/ParagonRiktor/FX/Materials/PhysMats/PM_ShallowWater.uexp" 1132
"D:/work/project/portpolio/project-ARPG/ARPG_Hunter/Content/99-Asset/VFX/ParagonRiktor/FX/Meshes/Shapes/SM_SmokeSphere_2UVs.ubulk" 1133
"D:/work/project/portpolio/project-ARPG/ARPG_Hunter/Content/99-Asset/VFX/ParagonRiktor/FX/Meshes/Shapes/SM_SmokeSphere_2UVs.uasset" 1134
"D:/work/project/portpolio/project-ARPG/ARPG_Hunter/Content/99-Asset/VFX/ParagonRiktor/FX/Meshes/Shapes/SM_SmokeSphere_2UVs.uexp" 1135
"D:/work/project/portpolio/project-ARPG/ARPG_Hunter/Content/99-Asset/VFX/ParagonRiktor/FX/VectorFields/Shape/VelocityGrid60.uasset" 1136
"D:/work/project/portpolio/project-ARPG/ARPG_Hunter/Content/99-Asset/VFX/ParagonRiktor/FX/VectorFields/Shape/VelocityGrid60.uexp" 1137
"D:/work/project/portpolio/project-ARPG/ARPG_Hunter/Content/99-Asset/VFX/ExportVFX/P_Chains_ShockingGround_ElectricFeet.uasset" 1138
"D:/work/project/portpolio/project-ARPG/ARPG_Hunter/Content/99-Asset/VFX/ExportVFX/P_Chains_ShockingGround_ElectricFeet.uexp" 1139
"D:/work/project/portpolio/project-ARPG/ARPG_Hunter/Content/02-BP/Monster/Animation/Sci_Fi_Defender/AM_SFD_Skill2_Stagger.uasset" 1140
"D:/work/project/portpolio/project-ARPG/ARPG_Hunter/Content/02-BP/Monster/Animation/Sci_Fi_Defender/AM_SFD_Skill2_Stagger.uexp" 1141
"D:/work/project/portpolio/project-ARPG/ARPG_Hunter/Content/03-Data/ActionData/MonsterAction/SFD_SkillStagger.uasset" 1142
"D:/work/project/portpolio/project-ARPG/ARPG_Hunter/Content/03-Data/ActionData/MonsterAction/SFD_SkillStagger.uexp" 1143
"../../../Engine/Plugins/FX/Niagara/Content/Enums/SpriteRenderer/ENiagara_ScaleSpriteSize.uasset" 1144
"../../../Engine/Plugins/FX/Niagara/Content/Enums/SpriteRenderer/ENiagara_ScaleSpriteSize.uexp" 1145
"../../../Engine/Plugins/FX/Niagara/Content/Enums/ENiagaraCollisionRadiusOptions.uasset" 1146
"../../../Engine/Plugins/FX/Niagara/Content/Enums/ENiagaraCollisionRadiusOptions.uexp" 1147
"../../../Engine/Plugins/FX/Niagara/Content/Enums/Utility/ENiagara_IntegerConversion.uasset" 1148
"../../../Engine/Plugins/FX/Niagara/Content/Enums/Utility/ENiagara_IntegerConversion.uexp" 1149
"../../../Engine/Plugins/FX/Niagara/Content/Enums/ENiagaraFrictionMergeType.uasset" 1150
"../../../Engine/Plugins/FX/Niagara/Content/Enums/ENiagaraFrictionMergeType.uexp" 1151
"../../../Engine/Plugins/FX/Niagara/Content/Enums/ENiagara_GPUCollisionType.uasset" 1152
"../../../Engine/Plugins/FX/Niagara/Content/Enums/ENiagara_GPUCollisionType.uexp" 1153
"../../../Engine/Plugins/FX/Niagara/Content/Enums/Utility/ENiagara_VelocityMode.uasset" 1154
"../../../Engine/Plugins/FX/Niagara/Content/Enums/Utility/ENiagara_VelocityMode.uexp" 1155
"../../../Engine/Plugins/FX/Niagara/Content/Enums/Collision/SceneDepthCollisionQueryMethod.uasset" 1156
"../../../Engine/Plugins/FX/Niagara/Content/Enums/Collision/SceneDepthCollisionQueryMethod.uexp" 1157
"../../../Engine/Plugins/FX/Niagara/Content/Enums/ENiagaraCalculateRadiusOptions.uasset" 1158
"../../../Engine/Plugins/FX/Niagara/Content/Enums/ENiagaraCalculateRadiusOptions.uexp" 1159
"../../../Engine/Plugins/FX/Niagara/Content/Enums/ENiagara_CPUCollisionType.uasset" 1160
"../../../Engine/Plugins/FX/Niagara/Content/Enums/ENiagara_CPUCollisionType.uexp" 1161
"../../../Engine/Plugins/FX/Niagara/Content/Enums/ENiagaraRestitutionMergeType.uasset" 1162
"../../../Engine/Plugins/FX/Niagara/Content/Enums/ENiagaraRestitutionMergeType.uexp" 1163
"D:/work/project/portpolio/project-ARPG/ARPG_Hunter/Content/99-Asset/VFX/Pack_Simple_Particle_Burst/00_Materials/00_MM_Black.uasset" 1164
"D:/work/project/portpolio/project-ARPG/ARPG_Hunter/Content/99-Asset/VFX/Pack_Simple_Particle_Burst/00_Materials/00_MM_Black.uexp" 1165
"D:/work/project/portpolio/project-ARPG/ARPG_Hunter/Content/99-Asset/VFX/Pack_Simple_Particle_Burst/01_Niagara_Systems/NET_Basic.uasset" 1166
"D:/work/project/portpolio/project-ARPG/ARPG_Hunter/Content/99-Asset/VFX/Pack_Simple_Particle_Burst/01_Niagara_Systems/NET_Basic.uexp" 1167
"../../../Engine/Plugins/FX/Niagara/Content/Enums/ENiagara_Float4Channel.uasset" 1168
"../../../Engine/Plugins/FX/Niagara/Content/Enums/ENiagara_Float4Channel.uexp" 1169
"D:/work/project/portpolio/project-ARPG/ARPG_Hunter/Content/99-Asset/VFX/Pack_Simple_Particle_Burst/01_Niagara_Systems/NS_Simple_Burst_Black.uasset" 1170
"D:/work/project/portpolio/project-ARPG/ARPG_Hunter/Content/99-Asset/VFX/Pack_Simple_Particle_Burst/01_Niagara_Systems/NS_Simple_Burst_Black.uexp" 1171
"D:/work/project/portpolio/project-ARPG/ARPG_Hunter/Content/05-Material/M_SimpleEMI.uasset" 1172
"D:/work/project/portpolio/project-ARPG/ARPG_Hunter/Content/05-Material/M_SimpleEMI.uexp" 1173
"D:/work/project/portpolio/project-ARPG/ARPG_Hunter/Content/99-Asset/Prop/bullet/MI_SimpleBullet.uasset" 1174
"D:/work/project/portpolio/project-ARPG/ARPG_Hunter/Content/99-Asset/Prop/bullet/MI_SimpleBullet.uexp" 1175
"D:/work/project/portpolio/project-ARPG/ARPG_Hunter/Content/99-Asset/Prop/bullet/SM_Bullet.ubulk" 1176
"D:/work/project/portpolio/project-ARPG/ARPG_Hunter/Content/99-Asset/Prop/bullet/SM_Bullet.uasset" 1177
"D:/work/project/portpolio/project-ARPG/ARPG_Hunter/Content/99-Asset/Prop/bullet/SM_Bullet.uexp" 1178
"D:/work/project/portpolio/project-ARPG/ARPG_Hunter/Content/03-Data/SubObjectConfig/SOC_Bullet.uasset" 1179
"D:/work/project/portpolio/project-ARPG/ARPG_Hunter/Content/03-Data/SubObjectConfig/SOC_Bullet.uexp" 1180
"D:/work/project/portpolio/project-ARPG/ARPG_Hunter/Content/02-BP/Projectile/BP_Projectile.uasset" 1181
"D:/work/project/portpolio/project-ARPG/ARPG_Hunter/Content/02-BP/Projectile/BP_Projectile.uexp" 1182
"D:/work/project/portpolio/project-ARPG/ARPG_Hunter/Content/99-Asset/Sound/SFX/Gun_Fire_2.ubulk" 1183
"D:/work/project/portpolio/project-ARPG/ARPG_Hunter/Content/99-Asset/Sound/SFX/Gun_Fire_2.uasset" 1184
"D:/work/project/portpolio/project-ARPG/ARPG_Hunter/Content/99-Asset/Sound/SFX/Gun_Fire_2.uexp" 1185
"D:/work/project/portpolio/project-ARPG/ARPG_Hunter/Content/99-Asset/Sound/SFX/Gun_Fire_2_Cue.uasset" 1186
"D:/work/project/portpolio/project-ARPG/ARPG_Hunter/Content/99-Asset/Sound/SFX/Gun_Fire_2_Cue.uexp" 1187
"D:/work/project/portpolio/project-ARPG/ARPG_Hunter/Content/99-Asset/VFX/ParagonMurdock/FX/Materials/Sparks/M_Spark_VelocityLerp_WorldColor_GunShield_Inst.uasset" 1188
"D:/work/project/portpolio/project-ARPG/ARPG_Hunter/Content/99-Asset/VFX/ParagonMurdock/FX/Materials/Sparks/M_Spark_VelocityLerp_WorldColor_GunShield_Inst.uexp" 1189
"../../../Engine/Content/EngineMaterials/FlatNormal.uasset" 1190
"../../../Engine/Content/EngineMaterials/FlatNormal.uexp" 1191
"D:/work/project/portpolio/project-ARPG/ARPG_Hunter/Content/99-Asset/VFX/ParagonMurdock/FX/Materials/Functions/MF_Tile_Isolate_XY.uasset" 1192
"D:/work/project/portpolio/project-ARPG/ARPG_Hunter/Content/99-Asset/VFX/ParagonMurdock/FX/Materials/Functions/MF_Tile_Isolate_XY.uexp" 1193
"D:/work/project/portpolio/project-ARPG/ARPG_Hunter/Content/99-Asset/VFX/ParagonMurdock/FX/Materials/Smoke/DirectionalLit/M_Directional_Lit_DepthSmoke_Master.uasset" 1194
"D:/work/project/portpolio/project-ARPG/ARPG_Hunter/Content/99-Asset/VFX/ParagonMurdock/FX/Materials/Smoke/DirectionalLit/M_Directional_Lit_DepthSmoke_Master.uexp" 1195
"D:/work/project/portpolio/project-ARPG/ARPG_Hunter/Content/99-Asset/VFX/ParagonMurdock/FX/Textures/Smoke/T_SmokeJet_Element_01.ubulk" 1196
"D:/work/project/portpolio/project-ARPG/ARPG_Hunter/Content/99-Asset/VFX/ParagonMurdock/FX/Textures/Smoke/T_SmokeJet_Element_01.uasset" 1197
"D:/work/project/portpolio/project-ARPG/ARPG_Hunter/Content/99-Asset/VFX/ParagonMurdock/FX/Textures/Smoke/T_SmokeJet_Element_01.uexp" 1198
"D:/work/project/portpolio/project-ARPG/ARPG_Hunter/Content/99-Asset/VFX/ParagonMurdock/FX/Textures/Smoke/T_SmokeJet_Element_01_Depth.ubulk" 1199
"D:/work/project/portpolio/project-ARPG/ARPG_Hunter/Content/99-Asset/VFX/ParagonMurdock/FX/Textures/Smoke/T_SmokeJet_Element_01_Depth.uasset" 1200
"D:/work/project/portpolio/project-ARPG/ARPG_Hunter/Content/99-Asset/VFX/ParagonMurdock/FX/Textures/Smoke/T_SmokeJet_Element_01_Depth.uexp" 1201
"D:/work/project/portpolio/project-ARPG/ARPG_Hunter/Content/99-Asset/VFX/ParagonMurdock/FX/Textures/Flares/T_FlareWide_04.ubulk" 1202
"D:/work/project/portpolio/project-ARPG/ARPG_Hunter/Content/99-Asset/VFX/ParagonMurdock/FX/Textures/Flares/T_FlareWide_04.uasset" 1203
"D:/work/project/portpolio/project-ARPG/ARPG_Hunter/Content/99-Asset/VFX/ParagonMurdock/FX/Textures/Flares/T_FlareWide_04.uexp" 1204
"D:/work/project/portpolio/project-ARPG/ARPG_Hunter/Content/99-Asset/VFX/ParagonMurdock/FX/Textures/Smoke/T_SmokeJet_Element_01_N.ubulk" 1205
"D:/work/project/portpolio/project-ARPG/ARPG_Hunter/Content/99-Asset/VFX/ParagonMurdock/FX/Textures/Smoke/T_SmokeJet_Element_01_N.uasset" 1206
"D:/work/project/portpolio/project-ARPG/ARPG_Hunter/Content/99-Asset/VFX/ParagonMurdock/FX/Textures/Smoke/T_SmokeJet_Element_01_N.uexp" 1207
"D:/work/project/portpolio/project-ARPG/ARPG_Hunter/Content/99-Asset/VFX/ParagonMurdock/FX/Materials/Smoke/DirectionalLit/M_Directional_Lit_Depth_SmokeElement_Inst2.uasset" 1208
"D:/work/project/portpolio/project-ARPG/ARPG_Hunter/Content/99-Asset/VFX/ParagonMurdock/FX/Materials/Smoke/DirectionalLit/M_Directional_Lit_Depth_SmokeElement_Inst2.uexp" 1209
"D:/work/project/portpolio/project-ARPG/ARPG_Hunter/Content/99-Asset/VFX/ParagonMurdock/FX/Materials/Functions/MF_ExplosionColor.uasset" 1210
"D:/work/project/portpolio/project-ARPG/ARPG_Hunter/Content/99-Asset/VFX/ParagonMurdock/FX/Materials/Functions/MF_ExplosionColor.uexp" 1211
"../../../Engine/Content/Functions/Engine_MaterialFunctions02/Utility/MakeFloat3.uasset" 1212
"../../../Engine/Content/Functions/Engine_MaterialFunctions02/Utility/MakeFloat3.uexp" 1213
"D:/work/project/portpolio/project-ARPG/ARPG_Hunter/Content/99-Asset/VFX/ParagonMurdock/FX/Textures/Explosions/T_Explosion_Test_v1_Temperature.ubulk" 1214
"D:/work/project/portpolio/project-ARPG/ARPG_Hunter/Content/99-Asset/VFX/ParagonMurdock/FX/Textures/Explosions/T_Explosion_Test_v1_Temperature.uasset" 1215
"D:/work/project/portpolio/project-ARPG/ARPG_Hunter/Content/99-Asset/VFX/ParagonMurdock/FX/Textures/Explosions/T_Explosion_Test_v1_Temperature.uexp" 1216
"D:/work/project/portpolio/project-ARPG/ARPG_Hunter/Content/99-Asset/VFX/ParagonMurdock/FX/Materials/Smoke/Hyperbreach/M_Smoke_Offset_Particles_SubUV_LIT.uasset" 1217
"D:/work/project/portpolio/project-ARPG/ARPG_Hunter/Content/99-Asset/VFX/ParagonMurdock/FX/Materials/Smoke/Hyperbreach/M_Smoke_Offset_Particles_SubUV_LIT.uexp" 1218
"D:/work/project/portpolio/project-ARPG/ARPG_Hunter/Content/99-Asset/VFX/ParagonMurdock/FX/Materials/Smoke/DirectionalLit/M_Directional_Lit_Depth_Smoke_Spikey_Inst.uasset" 1219
"D:/work/project/portpolio/project-ARPG/ARPG_Hunter/Content/99-Asset/VFX/ParagonMurdock/FX/Materials/Smoke/DirectionalLit/M_Directional_Lit_Depth_Smoke_Spikey_Inst.uexp" 1220
"D:/work/project/portpolio/project-ARPG/ARPG_Hunter/Content/99-Asset/VFX/ParagonMurdock/FX/Textures/Coords/T_Turbulence_AdditiveWarp_Linear.ubulk" 1221
"D:/work/project/portpolio/project-ARPG/ARPG_Hunter/Content/99-Asset/VFX/ParagonMurdock/FX/Textures/Coords/T_Turbulence_AdditiveWarp_Linear.uasset" 1222
"D:/work/project/portpolio/project-ARPG/ARPG_Hunter/Content/99-Asset/VFX/ParagonMurdock/FX/Textures/Coords/T_Turbulence_AdditiveWarp_Linear.uexp" 1223
"D:/work/project/portpolio/project-ARPG/ARPG_Hunter/Content/99-Asset/VFX/ParagonMurdock/FX/Materials/Smoke/M_LingerSmoke_MasterAdditiveWarp_Simple.uasset" 1224
"D:/work/project/portpolio/project-ARPG/ARPG_Hunter/Content/99-Asset/VFX/ParagonMurdock/FX/Materials/Smoke/M_LingerSmoke_MasterAdditiveWarp_Simple.uexp" 1225
"D:/work/project/portpolio/project-ARPG/ARPG_Hunter/Content/99-Asset/VFX/ParagonMurdock/FX/Materials/Sparks/M_Hotdog_VLerp_DirectionTint.uasset" 1226
"D:/work/project/portpolio/project-ARPG/ARPG_Hunter/Content/99-Asset/VFX/ParagonMurdock/FX/Materials/Sparks/M_Hotdog_VLerp_DirectionTint.uexp" 1227
"D:/work/project/portpolio/project-ARPG/ARPG_Hunter/Content/99-Asset/VFX/ParagonMurdock/FX/Textures/Tile/T_TilingNoise12.ubulk" 1228
"D:/work/project/portpolio/project-ARPG/ARPG_Hunter/Content/99-Asset/VFX/ParagonMurdock/FX/Textures/Tile/T_TilingNoise12.uasset" 1229
"D:/work/project/portpolio/project-ARPG/ARPG_Hunter/Content/99-Asset/VFX/ParagonMurdock/FX/Textures/Tile/T_TilingNoise12.uexp" 1230
"D:/work/project/portpolio/project-ARPG/ARPG_Hunter/Content/99-Asset/VFX/ParagonMurdock/FX/Textures/Environment/Snow/T_Snow01_Packed.ubulk" 1231
"D:/work/project/portpolio/project-ARPG/ARPG_Hunter/Content/99-Asset/VFX/ParagonMurdock/FX/Textures/Environment/Snow/T_Snow01_Packed.uasset" 1232
"D:/work/project/portpolio/project-ARPG/ARPG_Hunter/Content/99-Asset/VFX/ParagonMurdock/FX/Textures/Environment/Snow/T_Snow01_Packed.uexp" 1233
"D:/work/project/portpolio/project-ARPG/ARPG_Hunter/Content/99-Asset/VFX/ParagonMurdock/FX/Materials/Sparks/M_Spark_VelocityLerp.uasset" 1234
"D:/work/project/portpolio/project-ARPG/ARPG_Hunter/Content/99-Asset/VFX/ParagonMurdock/FX/Materials/Sparks/M_Spark_VelocityLerp.uexp" 1235
"D:/work/project/portpolio/project-ARPG/ARPG_Hunter/Content/99-Asset/VFX/ParagonMurdock/FX/Materials/Flares/M_MuzzleFlare.uasset" 1236
"D:/work/project/portpolio/project-ARPG/ARPG_Hunter/Content/99-Asset/VFX/ParagonMurdock/FX/Materials/Flares/M_MuzzleFlare.uexp" 1237
"D:/work/project/portpolio/project-ARPG/ARPG_Hunter/Content/99-Asset/VFX/ExportVFX/P_SpreadShotImpact.uasset" 1238
"D:/work/project/portpolio/project-ARPG/ARPG_Hunter/Content/99-Asset/VFX/ExportVFX/P_SpreadShotImpact.uexp" 1239
"D:/work/project/portpolio/project-ARPG/ARPG_Hunter/Content/02-BP/Monster/Animation/Sci_Fi_Defender/SFD_Defender_Shot_01.uasset" 1240
"D:/work/project/portpolio/project-ARPG/ARPG_Hunter/Content/02-BP/Monster/Animation/Sci_Fi_Defender/SFD_Defender_Shot_01.uexp" 1241
"D:/work/project/portpolio/project-ARPG/ARPG_Hunter/Content/99-Asset/VFX/ParagonMurdock/FX/VectorFields/VF_RandomNoise_01_90.uasset" 1242
"D:/work/project/portpolio/project-ARPG/ARPG_Hunter/Content/99-Asset/VFX/ParagonMurdock/FX/VectorFields/VF_RandomNoise_01_90.uexp" 1243
"D:/work/project/portpolio/project-ARPG/ARPG_Hunter/Content/99-Asset/VFX/ExportVFX/P_SpreadShotImpact_Radial.uasset" 1244
"D:/work/project/portpolio/project-ARPG/ARPG_Hunter/Content/99-Asset/VFX/ExportVFX/P_SpreadShotImpact_Radial.uexp" 1245
"D:/work/project/portpolio/project-ARPG/ARPG_Hunter/Content/02-BP/Monster/Animation/Sci_Fi_Defender/SFD_Defender_Shot_02.uasset" 1246
"D:/work/project/portpolio/project-ARPG/ARPG_Hunter/Content/02-BP/Monster/Animation/Sci_Fi_Defender/SFD_Defender_Shot_02.uexp" 1247
"D:/work/project/portpolio/project-ARPG/ARPG_Hunter/Content/02-BP/Monster/Animation/Sci_Fi_Defender/SFD_Defender_Idle_01_Anim.uasset" 1248
"D:/work/project/portpolio/project-ARPG/ARPG_Hunter/Content/02-BP/Monster/Animation/Sci_Fi_Defender/SFD_Defender_Idle_01_Anim.uexp" 1249
"D:/work/project/portpolio/project-ARPG/ARPG_Hunter/Content/02-BP/Monster/Animation/Sci_Fi_Defender/AM_SFD_Ranged1.uasset" 1250
"D:/work/project/portpolio/project-ARPG/ARPG_Hunter/Content/02-BP/Monster/Animation/Sci_Fi_Defender/AM_SFD_Ranged1.uexp" 1251
"D:/work/project/portpolio/project-ARPG/ARPG_Hunter/Content/03-Data/ActionData/MonsterAction/SFD_Range1.uasset" 1252
"D:/work/project/portpolio/project-ARPG/ARPG_Hunter/Content/03-Data/ActionData/MonsterAction/SFD_Range1.uexp" 1253
"D:/work/project/portpolio/project-ARPG/ARPG_Hunter/Content/99-Asset/Sound/SFX/Explosion_1.ubulk" 1254
"D:/work/project/portpolio/project-ARPG/ARPG_Hunter/Content/99-Asset/Sound/SFX/Explosion_1.uasset" 1255
"D:/work/project/portpolio/project-ARPG/ARPG_Hunter/Content/99-Asset/Sound/SFX/Explosion_1.uexp" 1256
"D:/work/project/portpolio/project-ARPG/ARPG_Hunter/Content/99-Asset/Sound/SFX/Explosion_2.ubulk" 1257
"D:/work/project/portpolio/project-ARPG/ARPG_Hunter/Content/99-Asset/Sound/SFX/Explosion_2.uasset" 1258
"D:/work/project/portpolio/project-ARPG/ARPG_Hunter/Content/99-Asset/Sound/SFX/Explosion_2.uexp" 1259
"D:/work/project/portpolio/project-ARPG/ARPG_Hunter/Content/99-Asset/Sound/SFX/Explosion_Cue.uasset" 1260
"D:/work/project/portpolio/project-ARPG/ARPG_Hunter/Content/99-Asset/Sound/SFX/Explosion_Cue.uexp" 1261
"D:/work/project/portpolio/project-ARPG/ARPG_Hunter/Content/99-Asset/VFX/Realistic_Starter_VFX_Pack_Vol2/Textures/T_Smoke_Wisp.ubulk" 1262
"D:/work/project/portpolio/project-ARPG/ARPG_Hunter/Content/99-Asset/VFX/Realistic_Starter_VFX_Pack_Vol2/Textures/T_Smoke_Wisp.uasset" 1263
"D:/work/project/portpolio/project-ARPG/ARPG_Hunter/Content/99-Asset/VFX/Realistic_Starter_VFX_Pack_Vol2/Textures/T_Smoke_Wisp.uexp" 1264
"D:/work/project/portpolio/project-ARPG/ARPG_Hunter/Content/99-Asset/VFX/Realistic_Starter_VFX_Pack_Vol2/Materials/M_Smoke_Wisp.uasset" 1265
"D:/work/project/portpolio/project-ARPG/ARPG_Hunter/Content/99-Asset/VFX/Realistic_Starter_VFX_Pack_Vol2/Materials/M_Smoke_Wisp.uexp" 1266
"D:/work/project/portpolio/project-ARPG/ARPG_Hunter/Content/99-Asset/VFX/Realistic_Starter_VFX_Pack_Vol2/Textures/T_Impact.ubulk" 1267
"D:/work/project/portpolio/project-ARPG/ARPG_Hunter/Content/99-Asset/VFX/Realistic_Starter_VFX_Pack_Vol2/Textures/T_Impact.uasset" 1268
"D:/work/project/portpolio/project-ARPG/ARPG_Hunter/Content/99-Asset/VFX/Realistic_Starter_VFX_Pack_Vol2/Textures/T_Impact.uexp" 1269
"D:/work/project/portpolio/project-ARPG/ARPG_Hunter/Content/99-Asset/VFX/Realistic_Starter_VFX_Pack_Vol2/Materials/M_Impact_C.uasset" 1270
"D:/work/project/portpolio/project-ARPG/ARPG_Hunter/Content/99-Asset/VFX/Realistic_Starter_VFX_Pack_Vol2/Materials/M_Impact_C.uexp" 1271
"D:/work/project/portpolio/project-ARPG/ARPG_Hunter/Content/99-Asset/VFX/Realistic_Starter_VFX_Pack_Vol2/Textures/T_Spark_B.uasset" 1272
"D:/work/project/portpolio/project-ARPG/ARPG_Hunter/Content/99-Asset/VFX/Realistic_Starter_VFX_Pack_Vol2/Textures/T_Spark_B.uexp" 1273
"D:/work/project/portpolio/project-ARPG/ARPG_Hunter/Content/99-Asset/VFX/Realistic_Starter_VFX_Pack_Vol2/Materials/M_Glow_C.uasset" 1274
"D:/work/project/portpolio/project-ARPG/ARPG_Hunter/Content/99-Asset/VFX/Realistic_Starter_VFX_Pack_Vol2/Materials/M_Glow_C.uexp" 1275
"D:/work/project/portpolio/project-ARPG/ARPG_Hunter/Content/99-Asset/VFX/Realistic_Starter_VFX_Pack_Vol2/Materials/M_Glow_C_Inst.uasset" 1276
"D:/work/project/portpolio/project-ARPG/ARPG_Hunter/Content/99-Asset/VFX/Realistic_Starter_VFX_Pack_Vol2/Materials/M_Glow_C_Inst.uexp" 1277
"D:/work/project/portpolio/project-ARPG/ARPG_Hunter/Content/99-Asset/VFX/Realistic_Starter_VFX_Pack_Vol2/Textures/T_Epxlosion_B_packed.ubulk" 1278
"D:/work/project/portpolio/project-ARPG/ARPG_Hunter/Content/99-Asset/VFX/Realistic_Starter_VFX_Pack_Vol2/Textures/T_Epxlosion_B_packed.uasset" 1279
"D:/work/project/portpolio/project-ARPG/ARPG_Hunter/Content/99-Asset/VFX/Realistic_Starter_VFX_Pack_Vol2/Textures/T_Epxlosion_B_packed.uexp" 1280
"D:/work/project/portpolio/project-ARPG/ARPG_Hunter/Content/99-Asset/VFX/Realistic_Starter_VFX_Pack_Vol2/Textures/T_Epxlosion_B_color.ubulk" 1281
"D:/work/project/portpolio/project-ARPG/ARPG_Hunter/Content/99-Asset/VFX/Realistic_Starter_VFX_Pack_Vol2/Textures/T_Epxlosion_B_color.uasset" 1282
"D:/work/project/portpolio/project-ARPG/ARPG_Hunter/Content/99-Asset/VFX/Realistic_Starter_VFX_Pack_Vol2/Textures/T_Epxlosion_B_color.uexp" 1283
"D:/work/project/portpolio/project-ARPG/ARPG_Hunter/Content/99-Asset/VFX/Realistic_Starter_VFX_Pack_Vol2/Materials/M_Explosion_B.uasset" 1284
"D:/work/project/portpolio/project-ARPG/ARPG_Hunter/Content/99-Asset/VFX/Realistic_Starter_VFX_Pack_Vol2/Materials/M_Explosion_B.uexp" 1285
"D:/work/project/portpolio/project-ARPG/ARPG_Hunter/Content/99-Asset/VFX/Realistic_Starter_VFX_Pack_Vol2/Textures/T_Rocks.ubulk" 1286
"D:/work/project/portpolio/project-ARPG/ARPG_Hunter/Content/99-Asset/VFX/Realistic_Starter_VFX_Pack_Vol2/Textures/T_Rocks.uasset" 1287
"D:/work/project/portpolio/project-ARPG/ARPG_Hunter/Content/99-Asset/VFX/Realistic_Starter_VFX_Pack_Vol2/Textures/T_Rocks.uexp" 1288
"D:/work/project/portpolio/project-ARPG/ARPG_Hunter/Content/99-Asset/VFX/Realistic_Starter_VFX_Pack_Vol2/Textures/T_Rocks_NM.uasset" 1289
"D:/work/project/portpolio/project-ARPG/ARPG_Hunter/Content/99-Asset/VFX/Realistic_Starter_VFX_Pack_Vol2/Textures/T_Rocks_NM.uexp" 1290
"D:/work/project/portpolio/project-ARPG/ARPG_Hunter/Content/99-Asset/VFX/Realistic_Starter_VFX_Pack_Vol2/Materials/M_Rock_B.uasset" 1291
"D:/work/project/portpolio/project-ARPG/ARPG_Hunter/Content/99-Asset/VFX/Realistic_Starter_VFX_Pack_Vol2/Materials/M_Rock_B.uexp" 1292
"../../../Engine/Content/Functions/Engine_MaterialFunctions01/Gradient/SphereGradient-2D.uasset" 1293
"../../../Engine/Content/Functions/Engine_MaterialFunctions01/Gradient/SphereGradient-2D.uexp" 1294
"D:/work/project/portpolio/project-ARPG/ARPG_Hunter/Content/99-Asset/VFX/Realistic_Starter_VFX_Pack_Vol2/Materials/M_Distortion.uasset" 1295
"D:/work/project/portpolio/project-ARPG/ARPG_Hunter/Content/99-Asset/VFX/Realistic_Starter_VFX_Pack_Vol2/Materials/M_Distortion.uexp" 1296
"D:/work/project/portpolio/project-ARPG/ARPG_Hunter/Content/99-Asset/VFX/Realistic_Starter_VFX_Pack_Vol2/Vectorfields/VectorField_A.uasset" 1297
"D:/work/project/portpolio/project-ARPG/ARPG_Hunter/Content/99-Asset/VFX/Realistic_Starter_VFX_Pack_Vol2/Vectorfields/VectorField_A.uexp" 1298
"D:/work/project/portpolio/project-ARPG/ARPG_Hunter/Content/99-Asset/VFX/Realistic_Starter_VFX_Pack_Vol2/Materials/M_Smoke_A.uasset" 1299
"D:/work/project/portpolio/project-ARPG/ARPG_Hunter/Content/99-Asset/VFX/Realistic_Starter_VFX_Pack_Vol2/Materials/M_Smoke_A.uexp" 1300
"D:/work/project/portpolio/project-ARPG/ARPG_Hunter/Content/99-Asset/VFX/ExportVFX/P_Explosion_Big_A.uasset" 1301
"D:/work/project/portpolio/project-ARPG/ARPG_Hunter/Content/99-Asset/VFX/ExportVFX/P_Explosion_Big_A.uexp" 1302
"D:/work/project/portpolio/project-ARPG/ARPG_Hunter/Content/02-BP/Monster/Animation/Sci_Fi_Defender/SFD_Defender_Dead_01.uasset" 1303
"D:/work/project/portpolio/project-ARPG/ARPG_Hunter/Content/02-BP/Monster/Animation/Sci_Fi_Defender/SFD_Defender_Dead_01.uexp" 1304
"D:/work/project/portpolio/project-ARPG/ARPG_Hunter/Content/99-Asset/VFX/Realistic_Starter_VFX_Pack_Vol2/Textures/T_Smoke_Ground.ubulk" 1305
"D:/work/project/portpolio/project-ARPG/ARPG_Hunter/Content/99-Asset/VFX/Realistic_Starter_VFX_Pack_Vol2/Textures/T_Smoke_Ground.uasset" 1306
"D:/work/project/portpolio/project-ARPG/ARPG_Hunter/Content/99-Asset/VFX/Realistic_Starter_VFX_Pack_Vol2/Textures/T_Smoke_Ground.uexp" 1307
"D:/work/project/portpolio/project-ARPG/ARPG_Hunter/Content/99-Asset/VFX/Realistic_Starter_VFX_Pack_Vol2/Materials/M_Smoke_Ground.uasset" 1308
"D:/work/project/portpolio/project-ARPG/ARPG_Hunter/Content/99-Asset/VFX/Realistic_Starter_VFX_Pack_Vol2/Materials/M_Smoke_Ground.uexp" 1309
"D:/work/project/portpolio/project-ARPG/ARPG_Hunter/Content/99-Asset/VFX/Realistic_Starter_VFX_Pack_Vol2/Textures/T_Epxlosion_F.ubulk" 1310
"D:/work/project/portpolio/project-ARPG/ARPG_Hunter/Content/99-Asset/VFX/Realistic_Starter_VFX_Pack_Vol2/Textures/T_Epxlosion_F.uasset" 1311
"D:/work/project/portpolio/project-ARPG/ARPG_Hunter/Content/99-Asset/VFX/Realistic_Starter_VFX_Pack_Vol2/Textures/T_Epxlosion_F.uexp" 1312
"D:/work/project/portpolio/project-ARPG/ARPG_Hunter/Content/99-Asset/VFX/Realistic_Starter_VFX_Pack_Vol2/Materials/M_Explosion_D.uasset" 1313
"D:/work/project/portpolio/project-ARPG/ARPG_Hunter/Content/99-Asset/VFX/Realistic_Starter_VFX_Pack_Vol2/Materials/M_Explosion_D.uexp" 1314
"D:/work/project/portpolio/project-ARPG/ARPG_Hunter/Content/99-Asset/VFX/ExportVFX/P_Explosion_Big_B.uasset" 1315
"D:/work/project/portpolio/project-ARPG/ARPG_Hunter/Content/99-Asset/VFX/ExportVFX/P_Explosion_Big_B.uexp" 1316
"D:/work/project/portpolio/project-ARPG/ARPG_Hunter/Content/02-BP/Monster/Animation/Sci_Fi_Defender/AM_SFD_Hit.uasset" 1317
"D:/work/project/portpolio/project-ARPG/ARPG_Hunter/Content/02-BP/Monster/Animation/Sci_Fi_Defender/AM_SFD_Hit.uexp" 1318
"D:/work/project/portpolio/project-ARPG/ARPG_Hunter/Content/02-BP/Monster/Animation/Sci_Fi_Defender/SFD_Defender_Walk.uasset" 1319
"D:/work/project/portpolio/project-ARPG/ARPG_Hunter/Content/02-BP/Monster/Animation/Sci_Fi_Defender/SFD_Defender_Walk.uexp" 1320
"D:/work/project/portpolio/project-ARPG/ARPG_Hunter/Content/02-BP/Monster/Animation/Sci_Fi_Defender/SFD_Defender_Run.uasset" 1321
"D:/work/project/portpolio/project-ARPG/ARPG_Hunter/Content/02-BP/Monster/Animation/Sci_Fi_Defender/SFD_Defender_Run.uexp" 1322
"D:/work/project/portpolio/project-ARPG/ARPG_Hunter/Content/02-BP/Monster/Animation/Sci_Fi_Defender/BS_SFD_Move.uasset" 1323
"D:/work/project/portpolio/project-ARPG/ARPG_Hunter/Content/02-BP/Monster/Animation/Sci_Fi_Defender/BS_SFD_Move.uexp" 1324
"D:/work/project/portpolio/project-ARPG/ARPG_Hunter/Content/02-BP/Monster/Animation/ABP_MonsterTemplate.uasset" 1325
"D:/work/project/portpolio/project-ARPG/ARPG_Hunter/Content/02-BP/Monster/Animation/ABP_MonsterTemplate.uexp" 1326
"D:/work/project/portpolio/project-ARPG/ARPG_Hunter/Content/02-BP/Monster/Animation/Sci_Fi_Defender/SFD_Dead_Pose.uasset" 1327
"D:/work/project/portpolio/project-ARPG/ARPG_Hunter/Content/02-BP/Monster/Animation/Sci_Fi_Defender/SFD_Dead_Pose.uexp" 1328
"D:/work/project/portpolio/project-ARPG/ARPG_Hunter/Content/02-BP/Monster/Animation/Sci_Fi_Defender/ABP_SFD.uasset" 1329
"D:/work/project/portpolio/project-ARPG/ARPG_Hunter/Content/02-BP/Monster/Animation/Sci_Fi_Defender/ABP_SFD.uexp" 1330
"D:/work/project/portpolio/project-ARPG/ARPG_Hunter/Content/03-Data/MonsterConfig/1003_BossMachine.uasset" 1331
"D:/work/project/portpolio/project-ARPG/ARPG_Hunter/Content/03-Data/MonsterConfig/1003_BossMachine.uexp" 1332
"D:/work/project/portpolio/project-ARPG/ARPG_Hunter/Content/99-Asset/Character/CyberSoldier/Monster/Sci_Fi_Monster/Sci_Fi_Monster_Mesh_Skeleton.uasset" 1333
"D:/work/project/portpolio/project-ARPG/ARPG_Hunter/Content/99-Asset/Character/CyberSoldier/Monster/Sci_Fi_Monster/Sci_Fi_Monster_Mesh_Skeleton.uexp" 1334
"D:/work/project/portpolio/project-ARPG/ARPG_Hunter/Content/02-BP/Monster/Animation/Sci_Fi_Monster1/SFM1_Mutant_Dying_Anim.uasset" 1335
"D:/work/project/portpolio/project-ARPG/ARPG_Hunter/Content/02-BP/Monster/Animation/Sci_Fi_Monster1/SFM1_Mutant_Dying_Anim.uexp" 1336
"D:/work/project/portpolio/project-ARPG/ARPG_Hunter/Content/99-Asset/Sound/SFX/Monster_Hit_1.ubulk" 1337
"D:/work/project/portpolio/project-ARPG/ARPG_Hunter/Content/99-Asset/Sound/SFX/Monster_Hit_1.uasset" 1338
"D:/work/project/portpolio/project-ARPG/ARPG_Hunter/Content/99-Asset/Sound/SFX/Monster_Hit_1.uexp" 1339
"D:/work/project/portpolio/project-ARPG/ARPG_Hunter/Content/99-Asset/Sound/SFX/Monster_Hit_Cue.uasset" 1340
"D:/work/project/portpolio/project-ARPG/ARPG_Hunter/Content/99-Asset/Sound/SFX/Monster_Hit_Cue.uexp" 1341
"D:/work/project/portpolio/project-ARPG/ARPG_Hunter/Content/02-BP/Monster/Animation/Sci_Fi_Monster1/SFM1_Hit_F_Seq.uasset" 1342
"D:/work/project/portpolio/project-ARPG/ARPG_Hunter/Content/02-BP/Monster/Animation/Sci_Fi_Monster1/SFM1_Hit_F_Seq.uexp" 1343
"D:/work/project/portpolio/project-ARPG/ARPG_Hunter/Content/99-Asset/Sound/SFX/Monster_Gworl_1.ubulk" 1344
"D:/work/project/portpolio/project-ARPG/ARPG_Hunter/Content/99-Asset/Sound/SFX/Monster_Gworl_1.uasset" 1345
"D:/work/project/portpolio/project-ARPG/ARPG_Hunter/Content/99-Asset/Sound/SFX/Monster_Gworl_1.uexp" 1346
"D:/work/project/portpolio/project-ARPG/ARPG_Hunter/Content/02-BP/Monster/Animation/Sci_Fi_Monster1/AM_SFM1_Hit.uasset" 1347
"D:/work/project/portpolio/project-ARPG/ARPG_Hunter/Content/02-BP/Monster/Animation/Sci_Fi_Monster1/AM_SFM1_Hit.uexp" 1348
"D:/work/project/portpolio/project-ARPG/ARPG_Hunter/Content/99-Asset/Character/CyberSoldier/Monster/Sci_Fi_Monster/Sci_Fi_Monster_Mesh_PhysicsAsset.uasset" 1349
"D:/work/project/portpolio/project-ARPG/ARPG_Hunter/Content/99-Asset/Character/CyberSoldier/Monster/Sci_Fi_Monster/Sci_Fi_Monster_Mesh_PhysicsAsset.uexp" 1350
"D:/work/project/portpolio/project-ARPG/ARPG_Hunter/Content/99-Asset/Character/CyberSoldier/Monster/Sci_Fi_Monster/Sci_Fi_Monster_Emissive.ubulk" 1351
"D:/work/project/portpolio/project-ARPG/ARPG_Hunter/Content/99-Asset/Character/CyberSoldier/Monster/Sci_Fi_Monster/Sci_Fi_Monster_Emissive.uasset" 1352
"D:/work/project/portpolio/project-ARPG/ARPG_Hunter/Content/99-Asset/Character/CyberSoldier/Monster/Sci_Fi_Monster/Sci_Fi_Monster_Emissive.uexp" 1353
"D:/work/project/portpolio/project-ARPG/ARPG_Hunter/Content/99-Asset/Character/CyberSoldier/Monster/Sci_Fi_Monster/Sci_Fi_Monster_Albedo_01.ubulk" 1354
"D:/work/project/portpolio/project-ARPG/ARPG_Hunter/Content/99-Asset/Character/CyberSoldier/Monster/Sci_Fi_Monster/Sci_Fi_Monster_Albedo_01.uasset" 1355
"D:/work/project/portpolio/project-ARPG/ARPG_Hunter/Content/99-Asset/Character/CyberSoldier/Monster/Sci_Fi_Monster/Sci_Fi_Monster_Albedo_01.uexp" 1356
"D:/work/project/portpolio/project-ARPG/ARPG_Hunter/Content/99-Asset/Character/CyberSoldier/Monster/Sci_Fi_Monster/Sci_Fi_Monster_Metallic.ubulk" 1357
"D:/work/project/portpolio/project-ARPG/ARPG_Hunter/Content/99-Asset/Character/CyberSoldier/Monster/Sci_Fi_Monster/Sci_Fi_Monster_Metallic.uasset" 1358
"D:/work/project/portpolio/project-ARPG/ARPG_Hunter/Content/99-Asset/Character/CyberSoldier/Monster/Sci_Fi_Monster/Sci_Fi_Monster_Metallic.uexp" 1359
"D:/work/project/portpolio/project-ARPG/ARPG_Hunter/Content/99-Asset/Character/CyberSoldier/Monster/Sci_Fi_Monster/Sci_Fi_Monster_Normals.ubulk" 1360
"D:/work/project/portpolio/project-ARPG/ARPG_Hunter/Content/99-Asset/Character/CyberSoldier/Monster/Sci_Fi_Monster/Sci_Fi_Monster_Normals.uasset" 1361
"D:/work/project/portpolio/project-ARPG/ARPG_Hunter/Content/99-Asset/Character/CyberSoldier/Monster/Sci_Fi_Monster/Sci_Fi_Monster_Normals.uexp" 1362
"D:/work/project/portpolio/project-ARPG/ARPG_Hunter/Content/99-Asset/Character/CyberSoldier/Monster/Sci_Fi_Monster/Sci_Fi_Monster_Ao.ubulk" 1363
"D:/work/project/portpolio/project-ARPG/ARPG_Hunter/Content/99-Asset/Character/CyberSoldier/Monster/Sci_Fi_Monster/Sci_Fi_Monster_Ao.uasset" 1364
"D:/work/project/portpolio/project-ARPG/ARPG_Hunter/Content/99-Asset/Character/CyberSoldier/Monster/Sci_Fi_Monster/Sci_Fi_Monster_Ao.uexp" 1365
"D:/work/project/portpolio/project-ARPG/ARPG_Hunter/Content/99-Asset/Character/CyberSoldier/Monster/Sci_Fi_Monster/MI_Sci_Fi_Monster_1.uasset" 1366
"D:/work/project/portpolio/project-ARPG/ARPG_Hunter/Content/99-Asset/Character/CyberSoldier/Monster/Sci_Fi_Monster/MI_Sci_Fi_Monster_1.uexp" 1367
"D:/work/project/portpolio/project-ARPG/ARPG_Hunter/Content/99-Asset/Character/CyberSoldier/Monster/Sci_Fi_Monster/Sci_Fi_Monster_Mesh.uasset" 1368
"D:/work/project/portpolio/project-ARPG/ARPG_Hunter/Content/99-Asset/Character/CyberSoldier/Monster/Sci_Fi_Monster/Sci_Fi_Monster_Mesh.uexp" 1369
"D:/work/project/portpolio/project-ARPG/ARPG_Hunter/Content/99-Asset/Character/CyberSoldier/Weapon/Sword_1/SK_Sci_Fi_Sword_02_Mesh.uasset" 1370
"D:/work/project/portpolio/project-ARPG/ARPG_Hunter/Content/99-Asset/Character/CyberSoldier/Weapon/Sword_1/SK_Sci_Fi_Sword_02_Mesh.uexp" 1371
"D:/work/project/portpolio/project-ARPG/ARPG_Hunter/Content/99-Asset/Character/CyberSoldier/Weapon/Sword_1/Sword_02_Ao.ubulk" 1372
"D:/work/project/portpolio/project-ARPG/ARPG_Hunter/Content/99-Asset/Character/CyberSoldier/Weapon/Sword_1/Sword_02_Ao.uasset" 1373
"D:/work/project/portpolio/project-ARPG/ARPG_Hunter/Content/99-Asset/Character/CyberSoldier/Weapon/Sword_1/Sword_02_Ao.uexp" 1374
"D:/work/project/portpolio/project-ARPG/ARPG_Hunter/Content/99-Asset/Character/CyberSoldier/Weapon/Sword_1/Sword_02_Metallic.ubulk" 1375
"D:/work/project/portpolio/project-ARPG/ARPG_Hunter/Content/99-Asset/Character/CyberSoldier/Weapon/Sword_1/Sword_02_Metallic.uasset" 1376
"D:/work/project/portpolio/project-ARPG/ARPG_Hunter/Content/99-Asset/Character/CyberSoldier/Weapon/Sword_1/Sword_02_Metallic.uexp" 1377
"D:/work/project/portpolio/project-ARPG/ARPG_Hunter/Content/99-Asset/Character/CyberSoldier/Weapon/Sword_1/Sword_02_Albedo.ubulk" 1378
"D:/work/project/portpolio/project-ARPG/ARPG_Hunter/Content/99-Asset/Character/CyberSoldier/Weapon/Sword_1/Sword_02_Albedo.uasset" 1379
"D:/work/project/portpolio/project-ARPG/ARPG_Hunter/Content/99-Asset/Character/CyberSoldier/Weapon/Sword_1/Sword_02_Albedo.uexp" 1380
"D:/work/project/portpolio/project-ARPG/ARPG_Hunter/Content/99-Asset/Character/CyberSoldier/Weapon/Sword_1/Sword_02_Emissive.ubulk" 1381
"D:/work/project/portpolio/project-ARPG/ARPG_Hunter/Content/99-Asset/Character/CyberSoldier/Weapon/Sword_1/Sword_02_Emissive.uasset" 1382
"D:/work/project/portpolio/project-ARPG/ARPG_Hunter/Content/99-Asset/Character/CyberSoldier/Weapon/Sword_1/Sword_02_Emissive.uexp" 1383
"D:/work/project/portpolio/project-ARPG/ARPG_Hunter/Content/99-Asset/Character/CyberSoldier/Weapon/Sword_1/Sword_02_Normals.ubulk" 1384
"D:/work/project/portpolio/project-ARPG/ARPG_Hunter/Content/99-Asset/Character/CyberSoldier/Weapon/Sword_1/Sword_02_Normals.uasset" 1385
"D:/work/project/portpolio/project-ARPG/ARPG_Hunter/Content/99-Asset/Character/CyberSoldier/Weapon/Sword_1/Sword_02_Normals.uexp" 1386
"D:/work/project/portpolio/project-ARPG/ARPG_Hunter/Content/99-Asset/Character/CyberSoldier/Weapon/Sword_1/MI_SF_Sword_02.uasset" 1387
"D:/work/project/portpolio/project-ARPG/ARPG_Hunter/Content/99-Asset/Character/CyberSoldier/Weapon/Sword_1/MI_SF_Sword_02.uexp" 1388
"D:/work/project/portpolio/project-ARPG/ARPG_Hunter/Content/99-Asset/Character/CyberSoldier/Weapon/Sword_1/SKM_Sci_Fi_Sword_02_Mesh.uasset" 1389
"D:/work/project/portpolio/project-ARPG/ARPG_Hunter/Content/99-Asset/Character/CyberSoldier/Weapon/Sword_1/SKM_Sci_Fi_Sword_02_Mesh.uexp" 1390
"D:/work/project/portpolio/project-ARPG/ARPG_Hunter/Content/02-BP/Monster/Animation/Sci_Fi_Monster1/SFM1_Mutant_Dying_LastFrame.uasset" 1391
"D:/work/project/portpolio/project-ARPG/ARPG_Hunter/Content/02-BP/Monster/Animation/Sci_Fi_Monster1/SFM1_Mutant_Dying_LastFrame.uexp" 1392
"D:/work/project/portpolio/project-ARPG/ARPG_Hunter/Content/02-BP/Monster/Animation/Sci_Fi_Monster1/SFM1_Mutant_Run_Anim.uasset" 1393
"D:/work/project/portpolio/project-ARPG/ARPG_Hunter/Content/02-BP/Monster/Animation/Sci_Fi_Monster1/SFM1_Mutant_Run_Anim.uexp" 1394
"D:/work/project/portpolio/project-ARPG/ARPG_Hunter/Content/02-BP/Monster/Animation/Sci_Fi_Monster1/SFM1_Mutant_Walking_Anim.uasset" 1395
"D:/work/project/portpolio/project-ARPG/ARPG_Hunter/Content/02-BP/Monster/Animation/Sci_Fi_Monster1/SFM1_Mutant_Walking_Anim.uexp" 1396
"D:/work/project/portpolio/project-ARPG/ARPG_Hunter/Content/02-BP/Monster/Animation/Sci_Fi_Monster1/SFM1_Standing_Idle.uasset" 1397
"D:/work/project/portpolio/project-ARPG/ARPG_Hunter/Content/02-BP/Monster/Animation/Sci_Fi_Monster1/SFM1_Standing_Idle.uexp" 1398
"D:/work/project/portpolio/project-ARPG/ARPG_Hunter/Content/02-BP/Monster/Animation/Sci_Fi_Monster1/BS_SFM1_Move.uasset" 1399
"D:/work/project/portpolio/project-ARPG/ARPG_Hunter/Content/02-BP/Monster/Animation/Sci_Fi_Monster1/BS_SFM1_Move.uexp" 1400
"D:/work/project/portpolio/project-ARPG/ARPG_Hunter/Content/02-BP/Monster/Animation/Sci_Fi_Monster1/ABP_SFM1.uasset" 1401
"D:/work/project/portpolio/project-ARPG/ARPG_Hunter/Content/02-BP/Monster/Animation/Sci_Fi_Monster1/ABP_SFM1.uexp" 1402
"D:/work/project/portpolio/project-ARPG/ARPG_Hunter/Content/02-BP/Monster/Animation/Sci_Fi_Monster1/SFM1_Standing_Melee_Attack_Horizontal.uasset" 1403
"D:/work/project/portpolio/project-ARPG/ARPG_Hunter/Content/02-BP/Monster/Animation/Sci_Fi_Monster1/SFM1_Standing_Melee_Attack_Horizontal.uexp" 1404
"D:/work/project/portpolio/project-ARPG/ARPG_Hunter/Content/99-Asset/VFX/SwordTrailVFX/Textures/Mask/T_TrailMask_09.ubulk" 1405
"D:/work/project/portpolio/project-ARPG/ARPG_Hunter/Content/99-Asset/VFX/SwordTrailVFX/Textures/Mask/T_TrailMask_09.uasset" 1406
"D:/work/project/portpolio/project-ARPG/ARPG_Hunter/Content/99-Asset/VFX/SwordTrailVFX/Textures/Mask/T_TrailMask_09.uexp" 1407
"D:/work/project/portpolio/project-ARPG/ARPG_Hunter/Content/99-Asset/VFX/SwordTrailVFX/Materials/Trails_MI/MI_Trail_Color_04.uasset" 1408
"D:/work/project/portpolio/project-ARPG/ARPG_Hunter/Content/99-Asset/VFX/SwordTrailVFX/Materials/Trails_MI/MI_Trail_Color_04.uexp" 1409
"D:/work/project/portpolio/project-ARPG/ARPG_Hunter/Content/99-Asset/VFX/SwordTrailVFX/Materials/M_Trail_Refraction.uasset" 1410
"D:/work/project/portpolio/project-ARPG/ARPG_Hunter/Content/99-Asset/VFX/SwordTrailVFX/Materials/M_Trail_Refraction.uexp" 1411
"D:/work/project/portpolio/project-ARPG/ARPG_Hunter/Content/99-Asset/VFX/ExportVFX/NS_Trail_6c.uasset" 1412
"D:/work/project/portpolio/project-ARPG/ARPG_Hunter/Content/99-Asset/VFX/ExportVFX/NS_Trail_6c.uexp" 1413
"D:/work/project/portpolio/project-ARPG/ARPG_Hunter/Content/02-BP/Monster/Animation/Sci_Fi_Monster1/AM_SFM1_Melee_Attack.uasset" 1414
"D:/work/project/portpolio/project-ARPG/ARPG_Hunter/Content/02-BP/Monster/Animation/Sci_Fi_Monster1/AM_SFM1_Melee_Attack.uexp" 1415
"D:/work/project/portpolio/project-ARPG/ARPG_Hunter/Content/03-Data/ActionData/MonsterAction/SFM1_Attack.uasset" 1416
"D:/work/project/portpolio/project-ARPG/ARPG_Hunter/Content/03-Data/ActionData/MonsterAction/SFM1_Attack.uexp" 1417
"D:/work/project/portpolio/project-ARPG/ARPG_Hunter/Content/03-Data/MonsterConfig/1001_ArmedMutant.uasset" 1418
"D:/work/project/portpolio/project-ARPG/ARPG_Hunter/Content/03-Data/MonsterConfig/1001_ArmedMutant.uexp" 1419
"D:/work/project/portpolio/project-ARPG/ARPG_Hunter/Content/99-Asset/Character/CyberSoldier/Monster/Sci_Fi_Soldier/Sci_Fi_Character_02_Mesh_Skeleton.uasset" 1420
"D:/work/project/portpolio/project-ARPG/ARPG_Hunter/Content/99-Asset/Character/CyberSoldier/Monster/Sci_Fi_Soldier/Sci_Fi_Character_02_Mesh_Skeleton.uexp" 1421
"../../../Engine/Content/Animation/DefaultAnimBoneCompressionSettings.uasset" 1422
"../../../Engine/Content/Animation/DefaultAnimBoneCompressionSettings.uexp" 1423
"D:/work/project/portpolio/project-ARPG/ARPG_Hunter/Content/02-BP/Monster/Animation/Sci_Fi_Monster2/SFM2_MM_Rifle_Fire.uasset" 1424
"D:/work/project/portpolio/project-ARPG/ARPG_Hunter/Content/02-BP/Monster/Animation/Sci_Fi_Monster2/SFM2_MM_Rifle_Fire.uexp" 1425
"D:/work/project/portpolio/project-ARPG/ARPG_Hunter/Content/99-Asset/Character/CyberSoldier/Monster/Sci_Fi_Soldier/SFM2_Fire_Pose.uasset" 1426
"D:/work/project/portpolio/project-ARPG/ARPG_Hunter/Content/99-Asset/Character/CyberSoldier/Monster/Sci_Fi_Soldier/SFM2_Fire_Pose.uexp" 1427
"D:/work/project/portpolio/project-ARPG/ARPG_Hunter/Content/02-BP/Monster/Animation/Sci_Fi_Monster2/AM_SFM2_Attack.uasset" 1428
"D:/work/project/portpolio/project-ARPG/ARPG_Hunter/Content/02-BP/Monster/Animation/Sci_Fi_Monster2/AM_SFM2_Attack.uexp" 1429
"D:/work/project/portpolio/project-ARPG/ARPG_Hunter/Content/03-Data/ActionData/MonsterAction/SFM2_Attack.uasset" 1430
"D:/work/project/portpolio/project-ARPG/ARPG_Hunter/Content/03-Data/ActionData/MonsterAction/SFM2_Attack.uexp" 1431
"D:/work/project/portpolio/project-ARPG/ARPG_Hunter/Content/99-Asset/Character/CyberSoldier/Monster/Sci_Fi_Soldier/Sci_Fi_Character_02_Mesh_PhysicsAsset.uasset" 1432
"D:/work/project/portpolio/project-ARPG/ARPG_Hunter/Content/99-Asset/Character/CyberSoldier/Monster/Sci_Fi_Soldier/Sci_Fi_Character_02_Mesh_PhysicsAsset.uexp" 1433
"D:/work/project/portpolio/project-ARPG/ARPG_Hunter/Content/99-Asset/Character/CyberSoldier/Monster/Sci_Fi_Soldier/Sci_Fi_Character_02_Albedo_01.ubulk" 1434
"D:/work/project/portpolio/project-ARPG/ARPG_Hunter/Content/99-Asset/Character/CyberSoldier/Monster/Sci_Fi_Soldier/Sci_Fi_Character_02_Albedo_01.uasset" 1435
"D:/work/project/portpolio/project-ARPG/ARPG_Hunter/Content/99-Asset/Character/CyberSoldier/Monster/Sci_Fi_Soldier/Sci_Fi_Character_02_Albedo_01.uexp" 1436
"D:/work/project/portpolio/project-ARPG/ARPG_Hunter/Content/99-Asset/Character/CyberSoldier/Monster/Sci_Fi_Soldier/Sci_Fi_Character_02_Normals.ubulk" 1437
"D:/work/project/portpolio/project-ARPG/ARPG_Hunter/Content/99-Asset/Character/CyberSoldier/Monster/Sci_Fi_Soldier/Sci_Fi_Character_02_Normals.uasset" 1438
"D:/work/project/portpolio/project-ARPG/ARPG_Hunter/Content/99-Asset/Character/CyberSoldier/Monster/Sci_Fi_Soldier/Sci_Fi_Character_02_Normals.uexp" 1439
"D:/work/project/portpolio/project-ARPG/ARPG_Hunter/Content/99-Asset/Character/CyberSoldier/Monster/Sci_Fi_Soldier/Sci_Fi_Character_02_Ao.ubulk" 1440
"D:/work/project/portpolio/project-ARPG/ARPG_Hunter/Content/99-Asset/Character/CyberSoldier/Monster/Sci_Fi_Soldier/Sci_Fi_Character_02_Ao.uasset" 1441
"D:/work/project/portpolio/project-ARPG/ARPG_Hunter/Content/99-Asset/Character/CyberSoldier/Monster/Sci_Fi_Soldier/Sci_Fi_Character_02_Ao.uexp" 1442
"D:/work/project/portpolio/project-ARPG/ARPG_Hunter/Content/99-Asset/Character/CyberSoldier/Monster/Sci_Fi_Soldier/Sci_Fi_Character_02_Emissive.ubulk" 1443
"D:/work/project/portpolio/project-ARPG/ARPG_Hunter/Content/99-Asset/Character/CyberSoldier/Monster/Sci_Fi_Soldier/Sci_Fi_Character_02_Emissive.uasset" 1444
"D:/work/project/portpolio/project-ARPG/ARPG_Hunter/Content/99-Asset/Character/CyberSoldier/Monster/Sci_Fi_Soldier/Sci_Fi_Character_02_Emissive.uexp" 1445
"D:/work/project/portpolio/project-ARPG/ARPG_Hunter/Content/99-Asset/Character/CyberSoldier/Monster/Sci_Fi_Soldier/Sci_Fi_Character_02_Metallic.ubulk" 1446
"D:/work/project/portpolio/project-ARPG/ARPG_Hunter/Content/99-Asset/Character/CyberSoldier/Monster/Sci_Fi_Soldier/Sci_Fi_Character_02_Metallic.uasset" 1447
"D:/work/project/portpolio/project-ARPG/ARPG_Hunter/Content/99-Asset/Character/CyberSoldier/Monster/Sci_Fi_Soldier/Sci_Fi_Character_02_Metallic.uexp" 1448
"D:/work/project/portpolio/project-ARPG/ARPG_Hunter/Content/99-Asset/Character/CyberSoldier/Monster/Sci_Fi_Soldier/MI_Sci_Fi_Soldier.uasset" 1449
"D:/work/project/portpolio/project-ARPG/ARPG_Hunter/Content/99-Asset/Character/CyberSoldier/Monster/Sci_Fi_Soldier/MI_Sci_Fi_Soldier.uexp" 1450
"D:/work/project/portpolio/project-ARPG/ARPG_Hunter/Content/99-Asset/Character/CyberSoldier/Monster/Sci_Fi_Soldier/Sci_Fi_Character_02_Mesh.uasset" 1451
"D:/work/project/portpolio/project-ARPG/ARPG_Hunter/Content/99-Asset/Character/CyberSoldier/Monster/Sci_Fi_Soldier/Sci_Fi_Character_02_Mesh.uexp" 1452
"D:/work/project/portpolio/project-ARPG/ARPG_Hunter/Content/02-BP/Monster/Animation/Sci_Fi_Monster2/SFM2_MF_Rifle_Idle_ADS.uasset" 1453
"D:/work/project/portpolio/project-ARPG/ARPG_Hunter/Content/02-BP/Monster/Animation/Sci_Fi_Monster2/SFM2_MF_Rifle_Idle_ADS.uexp" 1454
"D:/work/project/portpolio/project-ARPG/ARPG_Hunter/Content/02-BP/Monster/Animation/Sci_Fi_Monster2/SFM2_Death_Pose.uasset" 1455
"D:/work/project/portpolio/project-ARPG/ARPG_Hunter/Content/02-BP/Monster/Animation/Sci_Fi_Monster2/SFM2_Death_Pose.uexp" 1456
"D:/work/project/portpolio/project-ARPG/ARPG_Hunter/Content/02-BP/Monster/Animation/Sci_Fi_Monster2/SFM2_MF_Rifle_Jog_Fwd.uasset" 1457
"D:/work/project/portpolio/project-ARPG/ARPG_Hunter/Content/02-BP/Monster/Animation/Sci_Fi_Monster2/SFM2_MF_Rifle_Jog_Fwd.uexp" 1458
"D:/work/project/portpolio/project-ARPG/ARPG_Hunter/Content/02-BP/Monster/Animation/Sci_Fi_Monster2/SFM2_MF_Rifle_Walk_Fwd.uasset" 1459
"D:/work/project/portpolio/project-ARPG/ARPG_Hunter/Content/02-BP/Monster/Animation/Sci_Fi_Monster2/SFM2_MF_Rifle_Walk_Fwd.uexp" 1460
"D:/work/project/portpolio/project-ARPG/ARPG_Hunter/Content/02-BP/Monster/Animation/Sci_Fi_Monster2/BS_SFM2_Move.uasset" 1461
"D:/work/project/portpolio/project-ARPG/ARPG_Hunter/Content/02-BP/Monster/Animation/Sci_Fi_Monster2/BS_SFM2_Move.uexp" 1462
"D:/work/project/portpolio/project-ARPG/ARPG_Hunter/Content/02-BP/Monster/Animation/Sci_Fi_Monster2/ABP_SFM2.uasset" 1463
"D:/work/project/portpolio/project-ARPG/ARPG_Hunter/Content/02-BP/Monster/Animation/Sci_Fi_Monster2/ABP_SFM2.uexp" 1464
"D:/work/project/portpolio/project-ARPG/ARPG_Hunter/Content/99-Asset/Character/CyberSoldier/Weapon/Rifle_1/Marauder_Rifle_Full_Skeleton.uasset" 1465
"D:/work/project/portpolio/project-ARPG/ARPG_Hunter/Content/99-Asset/Character/CyberSoldier/Weapon/Rifle_1/Marauder_Rifle_Full_Skeleton.uexp" 1466
"D:/work/project/portpolio/project-ARPG/ARPG_Hunter/Content/99-Asset/Character/CyberSoldier/Weapon/Rifle_1/Marauder_Rifle_Full_PhysicsAsset.uasset" 1467
"D:/work/project/portpolio/project-ARPG/ARPG_Hunter/Content/99-Asset/Character/CyberSoldier/Weapon/Rifle_1/Marauder_Rifle_Full_PhysicsAsset.uexp" 1468
"D:/work/project/portpolio/project-ARPG/ARPG_Hunter/Content/99-Asset/Character/CyberSoldier/Weapon/Rifle_1/Marauder_Weapon_Emissive.ubulk" 1469
"D:/work/project/portpolio/project-ARPG/ARPG_Hunter/Content/99-Asset/Character/CyberSoldier/Weapon/Rifle_1/Marauder_Weapon_Emissive.uasset" 1470
"D:/work/project/portpolio/project-ARPG/ARPG_Hunter/Content/99-Asset/Character/CyberSoldier/Weapon/Rifle_1/Marauder_Weapon_Emissive.uexp" 1471
"D:/work/project/portpolio/project-ARPG/ARPG_Hunter/Content/99-Asset/Character/CyberSoldier/Weapon/Rifle_1/Marauder_Weapon_Albedo_01.ubulk" 1472
"D:/work/project/portpolio/project-ARPG/ARPG_Hunter/Content/99-Asset/Character/CyberSoldier/Weapon/Rifle_1/Marauder_Weapon_Albedo_01.uasset" 1473
"D:/work/project/portpolio/project-ARPG/ARPG_Hunter/Content/99-Asset/Character/CyberSoldier/Weapon/Rifle_1/Marauder_Weapon_Albedo_01.uexp" 1474
"D:/work/project/portpolio/project-ARPG/ARPG_Hunter/Content/99-Asset/Character/CyberSoldier/Weapon/Rifle_1/Marauder_Weapon_Metallic.ubulk" 1475
"D:/work/project/portpolio/project-ARPG/ARPG_Hunter/Content/99-Asset/Character/CyberSoldier/Weapon/Rifle_1/Marauder_Weapon_Metallic.uasset" 1476
"D:/work/project/portpolio/project-ARPG/ARPG_Hunter/Content/99-Asset/Character/CyberSoldier/Weapon/Rifle_1/Marauder_Weapon_Metallic.uexp" 1477
"D:/work/project/portpolio/project-ARPG/ARPG_Hunter/Content/99-Asset/Character/CyberSoldier/Weapon/Rifle_1/Marauder_Weapon_Ao.uexp" 1478
"D:/work/project/portpolio/project-ARPG/ARPG_Hunter/Content/99-Asset/Character/CyberSoldier/Weapon/Rifle_1/Marauder_Weapon_Ao.ubulk" 1479
"D:/work/project/portpolio/project-ARPG/ARPG_Hunter/Content/99-Asset/Character/CyberSoldier/Weapon/Rifle_1/Marauder_Weapon_Ao.uasset" 1480
"D:/work/project/portpolio/project-ARPG/ARPG_Hunter/Content/99-Asset/Character/CyberSoldier/Weapon/Rifle_1/Marauder_Weapon_Ao.uptnl" 1481
"D:/work/project/portpolio/project-ARPG/ARPG_Hunter/Content/99-Asset/Character/CyberSoldier/Weapon/Rifle_1/Marauder_Weapon_Normals.ubulk" 1482
"D:/work/project/portpolio/project-ARPG/ARPG_Hunter/Content/99-Asset/Character/CyberSoldier/Weapon/Rifle_1/Marauder_Weapon_Normals.uasset" 1483
"D:/work/project/portpolio/project-ARPG/ARPG_Hunter/Content/99-Asset/Character/CyberSoldier/Weapon/Rifle_1/Marauder_Weapon_Normals.uexp" 1484
"D:/work/project/portpolio/project-ARPG/ARPG_Hunter/Content/99-Asset/Character/CyberSoldier/Weapon/Rifle_1/MI_Rifle1.uasset" 1485
"D:/work/project/portpolio/project-ARPG/ARPG_Hunter/Content/99-Asset/Character/CyberSoldier/Weapon/Rifle_1/MI_Rifle1.uexp" 1486
"D:/work/project/portpolio/project-ARPG/ARPG_Hunter/Content/99-Asset/Character/CyberSoldier/Weapon/Rifle_1/Marauder_Rifle_Full.uasset" 1487
"D:/work/project/portpolio/project-ARPG/ARPG_Hunter/Content/99-Asset/Character/CyberSoldier/Weapon/Rifle_1/Marauder_Rifle_Full.uexp" 1488
"D:/work/project/portpolio/project-ARPG/ARPG_Hunter/Content/02-BP/Monster/Animation/Sci_Fi_Monster2/SFM2_SFM1_Hit_Death_Seq.uasset" 1489
"D:/work/project/portpolio/project-ARPG/ARPG_Hunter/Content/02-BP/Monster/Animation/Sci_Fi_Monster2/SFM2_SFM1_Hit_Death_Seq.uexp" 1490
"D:/work/project/portpolio/project-ARPG/ARPG_Hunter/Content/02-BP/Monster/Animation/Sci_Fi_Monster2/SFM2_SFM1_Hit_R_Seq.uasset" 1491
"D:/work/project/portpolio/project-ARPG/ARPG_Hunter/Content/02-BP/Monster/Animation/Sci_Fi_Monster2/SFM2_SFM1_Hit_R_Seq.uexp" 1492
"D:/work/project/portpolio/project-ARPG/ARPG_Hunter/Content/99-Asset/Sound/SFX/Monster_Gworl_2.ubulk" 1493
"D:/work/project/portpolio/project-ARPG/ARPG_Hunter/Content/99-Asset/Sound/SFX/Monster_Gworl_2.uasset" 1494
"D:/work/project/portpolio/project-ARPG/ARPG_Hunter/Content/99-Asset/Sound/SFX/Monster_Gworl_2.uexp" 1495
"D:/work/project/portpolio/project-ARPG/ARPG_Hunter/Content/02-BP/Monster/Animation/Sci_Fi_Monster2/AM_SFM2_Hit.uasset" 1496
"D:/work/project/portpolio/project-ARPG/ARPG_Hunter/Content/02-BP/Monster/Animation/Sci_Fi_Monster2/AM_SFM2_Hit.uexp" 1497
"D:/work/project/portpolio/project-ARPG/ARPG_Hunter/Content/03-Data/MonsterConfig/1002_ArmedMutantRanger.uasset" 1498
"D:/work/project/portpolio/project-ARPG/ARPG_Hunter/Content/03-Data/MonsterConfig/1002_ArmedMutantRanger.uexp" 1499
"D:/work/project/portpolio/project-ARPG/ARPG_Hunter/Content/03-Data/DT_MonsterData.uasset" 1500
"D:/work/project/portpolio/project-ARPG/ARPG_Hunter/Content/03-Data/DT_MonsterData.uexp" 1501
"D:/work/project/portpolio/project-ARPG/ARPG_Hunter/Content/03-Data/DT_ItemProductData.uasset" 1502
"D:/work/project/portpolio/project-ARPG/ARPG_Hunter/Content/03-Data/DT_ItemProductData.uexp" 1503
"D:/work/project/portpolio/project-ARPG/ARPG_Hunter/Content/99-Asset/Fab/Sword/SK_sword.uasset" 1504
"D:/work/project/portpolio/project-ARPG/ARPG_Hunter/Content/99-Asset/Fab/Sword/SK_sword.uexp" 1505
"D:/work/project/portpolio/project-ARPG/ARPG_Hunter/Content/99-Asset/Fab/Sword/sword_texture_0.ubulk" 1506
"D:/work/project/portpolio/project-ARPG/ARPG_Hunter/Content/99-Asset/Fab/Sword/sword_texture_0.uasset" 1507
"D:/work/project/portpolio/project-ARPG/ARPG_Hunter/Content/99-Asset/Fab/Sword/sword_texture_0.uexp" 1508
"D:/work/project/portpolio/project-ARPG/ARPG_Hunter/Content/99-Asset/Fab/Sword/sword_texture_1.ubulk" 1509
"D:/work/project/portpolio/project-ARPG/ARPG_Hunter/Content/99-Asset/Fab/Sword/sword_texture_1.uasset" 1510
"D:/work/project/portpolio/project-ARPG/ARPG_Hunter/Content/99-Asset/Fab/Sword/sword_texture_1.uexp" 1511
"D:/work/project/portpolio/project-ARPG/ARPG_Hunter/Content/99-Asset/Fab/Sword/sword_texture_2.ubulk" 1512
"D:/work/project/portpolio/project-ARPG/ARPG_Hunter/Content/99-Asset/Fab/Sword/sword_texture_2.uasset" 1513
"D:/work/project/portpolio/project-ARPG/ARPG_Hunter/Content/99-Asset/Fab/Sword/sword_texture_2.uexp" 1514
"../../../Engine/Plugins/Interchange/Assets/Content/Utilities/New_LUT.uasset" 1515
"../../../Engine/Plugins/Interchange/Assets/Content/Utilities/New_LUT.uexp" 1516
"../../../Engine/Plugins/Interchange/Assets/Content/gltf/Textures/T_White_srgb.uasset" 1517
"../../../Engine/Plugins/Interchange/Assets/Content/gltf/Textures/T_White_srgb.uexp" 1518
"../../../Engine/Plugins/Interchange/Assets/Content/gltf/MaterialFunctions/MF_Specular.uasset" 1519
"../../../Engine/Plugins/Interchange/Assets/Content/gltf/MaterialFunctions/MF_Specular.uexp" 1520
"../../../Engine/Plugins/Interchange/Assets/Content/gltf/Textures/T_Anisotropy_Direction_Linear.uasset" 1521
"../../../Engine/Plugins/Interchange/Assets/Content/gltf/Textures/T_Anisotropy_Direction_Linear.uexp" 1522
"../../../Engine/Plugins/Interchange/Assets/Content/gltf/MaterialFunctions/MF_SpecularAnisotropy.uasset" 1523
"../../../Engine/Plugins/Interchange/Assets/Content/gltf/MaterialFunctions/MF_SpecularAnisotropy.uexp" 1524
"../../../Engine/Plugins/Interchange/Assets/Content/gltf/Textures/T_White_Linear.uasset" 1525
"../../../Engine/Plugins/Interchange/Assets/Content/gltf/Textures/T_White_Linear.uexp" 1526
"../../../Engine/Plugins/Interchange/Assets/Content/gltf/MaterialFunctions/MF_MetallicRoughness.uasset" 1527
"../../../Engine/Plugins/Interchange/Assets/Content/gltf/MaterialFunctions/MF_MetallicRoughness.uexp" 1528
"../../../Engine/Plugins/Interchange/Assets/Content/gltf/Textures/T_Generic_N.uasset" 1529
"../../../Engine/Plugins/Interchange/Assets/Content/gltf/Textures/T_Generic_N.uexp" 1530
"../../../Engine/Plugins/Interchange/Assets/Content/gltf/MaterialFunctions/MF_ScaleNormal.uasset" 1531
"../../../Engine/Plugins/Interchange/Assets/Content/gltf/MaterialFunctions/MF_ScaleNormal.uexp" 1532
"../../../Engine/Plugins/Interchange/Assets/Content/gltf/MaterialFunctions/MF_BaseColor.uasset" 1533
"../../../Engine/Plugins/Interchange/Assets/Content/gltf/MaterialFunctions/MF_BaseColor.uexp" 1534
"../../../Engine/Content/Functions/Engine_MaterialFunctions03/Math/RemapValueRange.uasset" 1535
"../../../Engine/Content/Functions/Engine_MaterialFunctions03/Math/RemapValueRange.uexp" 1536
"../../../Engine/Plugins/Interchange/Assets/Content/Functions/MF_Iridescence.uasset" 1537
"../../../Engine/Plugins/Interchange/Assets/Content/Functions/MF_Iridescence.uexp" 1538
"../../../Engine/Plugins/Interchange/Assets/Content/gltf/MaterialFunctions/MF_Iridescence.uasset" 1539
"../../../Engine/Plugins/Interchange/Assets/Content/gltf/MaterialFunctions/MF_Iridescence.uexp" 1540
"../../../Engine/Plugins/Interchange/Assets/Content/gltf/MaterialFunctions/MF_Occlusion.uasset" 1541
"../../../Engine/Plugins/Interchange/Assets/Content/gltf/MaterialFunctions/MF_Occlusion.uexp" 1542
"../../../Engine/Plugins/Interchange/Assets/Content/gltf/MaterialFunctions/MF_IOR.uasset" 1543
"../../../Engine/Plugins/Interchange/Assets/Content/gltf/MaterialFunctions/MF_IOR.uexp" 1544
"../../../Engine/Plugins/Interchange/Assets/Content/gltf/MaterialFunctions/MF_RotateV2.uasset" 1545
"../../../Engine/Plugins/Interchange/Assets/Content/gltf/MaterialFunctions/MF_RotateV2.uexp" 1546
"../../../Engine/Plugins/Interchange/Assets/Content/gltf/MaterialFunctions/MF_TransformUVs.uasset" 1547
"../../../Engine/Plugins/Interchange/Assets/Content/gltf/MaterialFunctions/MF_TransformUVs.uexp" 1548
"../../../Engine/Plugins/Interchange/Assets/Content/gltf/MaterialFunctions/MF_Emissive.uasset" 1549
"../../../Engine/Plugins/Interchange/Assets/Content/gltf/MaterialFunctions/MF_Emissive.uexp" 1550
"../../../Engine/Plugins/Interchange/Assets/Content/gltf/MaterialFunctions/MF_RotateNormals_TS.uasset" 1551
"../../../Engine/Plugins/Interchange/Assets/Content/gltf/MaterialFunctions/MF_RotateNormals_TS.uexp" 1552
"../../../Engine/Plugins/Interchange/Assets/Content/gltf/MaterialFunctions/MF_Normals.uasset" 1553
"../../../Engine/Plugins/Interchange/Assets/Content/gltf/MaterialFunctions/MF_Normals.uexp" 1554
"../../../Engine/Plugins/Interchange/Assets/Content/gltf/MaterialBodies/MF_Default_Body.uasset" 1555
"../../../Engine/Plugins/Interchange/Assets/Content/gltf/MaterialBodies/MF_Default_Body.uexp" 1556
"../../../Engine/Plugins/Interchange/Assets/Content/gltf/M_Default.uasset" 1557
"../../../Engine/Plugins/Interchange/Assets/Content/gltf/M_Default.uexp" 1558
"../../../Engine/Plugins/Interchange/Assets/Content/gltf/MaterialInstances/MI_Default_Opaque_DS.uasset" 1559
"../../../Engine/Plugins/Interchange/Assets/Content/gltf/MaterialInstances/MI_Default_Opaque_DS.uexp" 1560
"D:/work/project/portpolio/project-ARPG/ARPG_Hunter/Content/99-Asset/Fab/Sword/Material.uasset" 1561
"D:/work/project/portpolio/project-ARPG/ARPG_Hunter/Content/99-Asset/Fab/Sword/Material.uexp" 1562
"D:/work/project/portpolio/project-ARPG/ARPG_Hunter/Content/99-Asset/Fab/Sword/SKM_rustic_sword.uasset" 1563
"D:/work/project/portpolio/project-ARPG/ARPG_Hunter/Content/99-Asset/Fab/Sword/SKM_rustic_sword.uexp" 1564
"D:/work/project/portpolio/project-ARPG/ARPG_Hunter/Content/99-Asset/Item/Img/weapon_basicSword.ubulk" 1565
"D:/work/project/portpolio/project-ARPG/ARPG_Hunter/Content/99-Asset/Item/Img/weapon_basicSword.uasset" 1566
"D:/work/project/portpolio/project-ARPG/ARPG_Hunter/Content/99-Asset/Item/Img/weapon_basicSword.uexp" 1567
"D:/work/project/portpolio/project-ARPG/ARPG_Hunter/Content/03-Data/ItemConfig/4001_RusticSword.uasset" 1568
"D:/work/project/portpolio/project-ARPG/ARPG_Hunter/Content/03-Data/ItemConfig/4001_RusticSword.uexp" 1569
"D:/work/project/portpolio/project-ARPG/ARPG_Hunter/Content/99-Asset/Item/Img/item_wood.ubulk" 1570
"D:/work/project/portpolio/project-ARPG/ARPG_Hunter/Content/99-Asset/Item/Img/item_wood.uasset" 1571
"D:/work/project/portpolio/project-ARPG/ARPG_Hunter/Content/99-Asset/Item/Img/item_wood.uexp" 1572
"D:/work/project/portpolio/project-ARPG/ARPG_Hunter/Content/03-Data/ItemConfig/1002_Wood.uasset" 1573
"D:/work/project/portpolio/project-ARPG/ARPG_Hunter/Content/03-Data/ItemConfig/1002_Wood.uexp" 1574
"D:/work/project/portpolio/project-ARPG/ARPG_Hunter/Content/99-Asset/Character/CyberSoldier/Character/Textures/Body/Cyber_Soldier_Albedo_1.ubulk" 1575
"D:/work/project/portpolio/project-ARPG/ARPG_Hunter/Content/99-Asset/Character/CyberSoldier/Character/Textures/Body/Cyber_Soldier_Albedo_1.uasset" 1576
"D:/work/project/portpolio/project-ARPG/ARPG_Hunter/Content/99-Asset/Character/CyberSoldier/Character/Textures/Body/Cyber_Soldier_Albedo_1.uexp" 1577
"D:/work/project/portpolio/project-ARPG/ARPG_Hunter/Content/99-Asset/Character/CyberSoldier/Character/Textures/Body/MI_Cyber_Soldier1.uasset" 1578
"D:/work/project/portpolio/project-ARPG/ARPG_Hunter/Content/99-Asset/Character/CyberSoldier/Character/Textures/Body/MI_Cyber_Soldier1.uexp" 1579
"D:/work/project/portpolio/project-ARPG/ARPG_Hunter/Content/99-Asset/Character/CyberSoldier/Character/Mesh/Seperates/Cyber_Soldier_Top.uasset" 1580
"D:/work/project/portpolio/project-ARPG/ARPG_Hunter/Content/99-Asset/Character/CyberSoldier/Character/Mesh/Seperates/Cyber_Soldier_Top.uexp" 1581
"D:/work/project/portpolio/project-ARPG/ARPG_Hunter/Content/99-Asset/Item/Img/armor_basicTop.ubulk" 1582
"D:/work/project/portpolio/project-ARPG/ARPG_Hunter/Content/99-Asset/Item/Img/armor_basicTop.uasset" 1583
"D:/work/project/portpolio/project-ARPG/ARPG_Hunter/Content/99-Asset/Item/Img/armor_basicTop.uexp" 1584
"D:/work/project/portpolio/project-ARPG/ARPG_Hunter/Content/03-Data/ItemConfig/3002_BasicTop.uasset" 1585
"D:/work/project/portpolio/project-ARPG/ARPG_Hunter/Content/03-Data/ItemConfig/3002_BasicTop.uexp" 1586
"D:/work/project/portpolio/project-ARPG/ARPG_Hunter/Content/99-Asset/VFX/ParagonMinions/FX/Meshes/Shapes/SM_CleanseBubble.ubulk" 1587
"D:/work/project/portpolio/project-ARPG/ARPG_Hunter/Content/99-Asset/VFX/ParagonMinions/FX/Meshes/Shapes/SM_CleanseBubble.uasset" 1588
"D:/work/project/portpolio/project-ARPG/ARPG_Hunter/Content/99-Asset/VFX/ParagonMinions/FX/Meshes/Shapes/SM_CleanseBubble.uexp" 1589
"D:/work/project/portpolio/project-ARPG/ARPG_Hunter/Content/99-Asset/VFX/ParagonMinions/FX/Textures/Masks/T_SoftEdge_M.ubulk" 1590
"D:/work/project/portpolio/project-ARPG/ARPG_Hunter/Content/99-Asset/VFX/ParagonMinions/FX/Textures/Masks/T_SoftEdge_M.uasset" 1591
"D:/work/project/portpolio/project-ARPG/ARPG_Hunter/Content/99-Asset/VFX/ParagonMinions/FX/Textures/Masks/T_SoftEdge_M.uexp" 1592
"D:/work/project/portpolio/project-ARPG/ARPG_Hunter/Content/99-Asset/VFX/ParagonMinions/FX/Textures/Energy/Plasma/T_Plasma_Aurora_Seamless.ubulk" 1593
"D:/work/project/portpolio/project-ARPG/ARPG_Hunter/Content/99-Asset/VFX/ParagonMinions/FX/Textures/Energy/Plasma/T_Plasma_Aurora_Seamless.uasset" 1594
"D:/work/project/portpolio/project-ARPG/ARPG_Hunter/Content/99-Asset/VFX/ParagonMinions/FX/Textures/Energy/Plasma/T_Plasma_Aurora_Seamless.uexp" 1595
"D:/work/project/portpolio/project-ARPG/ARPG_Hunter/Content/99-Asset/VFX/ParagonMinions/FX/Textures/Tile/Noise/T_SmokeRend_N.ubulk" 1596
"D:/work/project/portpolio/project-ARPG/ARPG_Hunter/Content/99-Asset/VFX/ParagonMinions/FX/Textures/Tile/Noise/T_SmokeRend_N.uasset" 1597
"D:/work/project/portpolio/project-ARPG/ARPG_Hunter/Content/99-Asset/VFX/ParagonMinions/FX/Textures/Tile/Noise/T_SmokeRend_N.uexp" 1598
"D:/work/project/portpolio/project-ARPG/ARPG_Hunter/Content/99-Asset/VFX/ParagonMinions/FX/Textures/Masks/T_NoisyRamp.ubulk" 1599
"D:/work/project/portpolio/project-ARPG/ARPG_Hunter/Content/99-Asset/VFX/ParagonMinions/FX/Textures/Masks/T_NoisyRamp.uasset" 1600
"D:/work/project/portpolio/project-ARPG/ARPG_Hunter/Content/99-Asset/VFX/ParagonMinions/FX/Textures/Masks/T_NoisyRamp.uexp" 1601
"D:/work/project/portpolio/project-ARPG/ARPG_Hunter/Content/99-Asset/VFX/ParagonMinions/FX/Materials/Shockwaves/M_CleanseBubble.uasset" 1602
"D:/work/project/portpolio/project-ARPG/ARPG_Hunter/Content/99-Asset/VFX/ParagonMinions/FX/Materials/Shockwaves/M_CleanseBubble.uexp" 1603
"D:/work/project/portpolio/project-ARPG/ARPG_Hunter/Content/99-Asset/VFX/ParagonMinions/FX/Textures/Sparks/T_Spark_Soft.ubulk" 1604
"D:/work/project/portpolio/project-ARPG/ARPG_Hunter/Content/99-Asset/VFX/ParagonMinions/FX/Textures/Sparks/T_Spark_Soft.uasset" 1605
"D:/work/project/portpolio/project-ARPG/ARPG_Hunter/Content/99-Asset/VFX/ParagonMinions/FX/Textures/Sparks/T_Spark_Soft.uexp" 1606
"D:/work/project/portpolio/project-ARPG/ARPG_Hunter/Content/99-Asset/VFX/ParagonMinions/FX/Materials/Sparks/M_Soft_Spark_Glow.uasset" 1607
"D:/work/project/portpolio/project-ARPG/ARPG_Hunter/Content/99-Asset/VFX/ParagonMinions/FX/Materials/Sparks/M_Soft_Spark_Glow.uexp" 1608
"D:/work/project/portpolio/project-ARPG/ARPG_Hunter/Content/99-Asset/VFX/ParagonMinions/FX/Materials/Flares/M_TacticiaAirglow.uasset" 1609
"D:/work/project/portpolio/project-ARPG/ARPG_Hunter/Content/99-Asset/VFX/ParagonMinions/FX/Materials/Flares/M_TacticiaAirglow.uexp" 1610
"D:/work/project/portpolio/project-ARPG/ARPG_Hunter/Content/99-Asset/VFX/ParagonMinions/FX/VectorFields/VF_TurbulentNoise_1_55.uasset" 1611
"D:/work/project/portpolio/project-ARPG/ARPG_Hunter/Content/99-Asset/VFX/ParagonMinions/FX/VectorFields/VF_TurbulentNoise_1_55.uexp" 1612
"D:/work/project/portpolio/project-ARPG/ARPG_Hunter/Content/99-Asset/VFX/ExportVFX/P_GainYellow.uasset" 1613
"D:/work/project/portpolio/project-ARPG/ARPG_Hunter/Content/99-Asset/VFX/ExportVFX/P_GainYellow.uexp" 1614
"D:/work/project/portpolio/project-ARPG/ARPG_Hunter/Content/99-Asset/UI/Icon/Icon_Effect_Attack.ubulk" 1615
"D:/work/project/portpolio/project-ARPG/ARPG_Hunter/Content/99-Asset/UI/Icon/Icon_Effect_Attack.uasset" 1616
"D:/work/project/portpolio/project-ARPG/ARPG_Hunter/Content/99-Asset/UI/Icon/Icon_Effect_Attack.uexp" 1617
"D:/work/project/portpolio/project-ARPG/ARPG_Hunter/Content/03-Data/EffectData/AddAttack_10s_100.uasset" 1618
"D:/work/project/portpolio/project-ARPG/ARPG_Hunter/Content/03-Data/EffectData/AddAttack_10s_100.uexp" 1619
"D:/work/project/portpolio/project-ARPG/ARPG_Hunter/Content/99-Asset/Item/Img/consume_atkBuff.ubulk" 1620
"D:/work/project/portpolio/project-ARPG/ARPG_Hunter/Content/99-Asset/Item/Img/consume_atkBuff.uasset" 1621
"D:/work/project/portpolio/project-ARPG/ARPG_Hunter/Content/99-Asset/Item/Img/consume_atkBuff.uexp" 1622
"D:/work/project/portpolio/project-ARPG/ARPG_Hunter/Content/03-Data/ItemConfig/2002_AtkBuff.uasset" 1623
"D:/work/project/portpolio/project-ARPG/ARPG_Hunter/Content/03-Data/ItemConfig/2002_AtkBuff.uexp" 1624
"D:/work/project/portpolio/project-ARPG/ARPG_Hunter/Content/99-Asset/Character/CyberSoldier/Character/Textures/Heads/Cyber_Soldier_Heads_Albedo2.ubulk" 1625
"D:/work/project/portpolio/project-ARPG/ARPG_Hunter/Content/99-Asset/Character/CyberSoldier/Character/Textures/Heads/Cyber_Soldier_Heads_Albedo2.uasset" 1626
"D:/work/project/portpolio/project-ARPG/ARPG_Hunter/Content/99-Asset/Character/CyberSoldier/Character/Textures/Heads/Cyber_Soldier_Heads_Albedo2.uexp" 1627
"D:/work/project/portpolio/project-ARPG/ARPG_Hunter/Content/99-Asset/Character/CyberSoldier/Character/Textures/Heads/MI_Cyber_Soldier_Head1.uasset" 1628
"D:/work/project/portpolio/project-ARPG/ARPG_Hunter/Content/99-Asset/Character/CyberSoldier/Character/Textures/Heads/MI_Cyber_Soldier_Head1.uexp" 1629
"D:/work/project/portpolio/project-ARPG/ARPG_Hunter/Content/99-Asset/Character/CyberSoldier/Character/Textures/Heads/MI_Cyber_Soldier_Head2.uasset" 1630
"D:/work/project/portpolio/project-ARPG/ARPG_Hunter/Content/99-Asset/Character/CyberSoldier/Character/Textures/Heads/MI_Cyber_Soldier_Head2.uexp" 1631
"D:/work/project/portpolio/project-ARPG/ARPG_Hunter/Content/99-Asset/Character/CyberSoldier/Character/Mesh/Seperates/Cyber_Soldier_Head.uasset" 1632
"D:/work/project/portpolio/project-ARPG/ARPG_Hunter/Content/99-Asset/Character/CyberSoldier/Character/Mesh/Seperates/Cyber_Soldier_Head.uexp" 1633
"D:/work/project/portpolio/project-ARPG/ARPG_Hunter/Content/99-Asset/Item/Img/armor_basicHelmet.ubulk" 1634
"D:/work/project/portpolio/project-ARPG/ARPG_Hunter/Content/99-Asset/Item/Img/armor_basicHelmet.uasset" 1635
"D:/work/project/portpolio/project-ARPG/ARPG_Hunter/Content/99-Asset/Item/Img/armor_basicHelmet.uexp" 1636
"D:/work/project/portpolio/project-ARPG/ARPG_Hunter/Content/03-Data/ItemConfig/3001_BasicHelmet.uasset" 1637
"D:/work/project/portpolio/project-ARPG/ARPG_Hunter/Content/03-Data/ItemConfig/3001_BasicHelmet.uexp" 1638
"D:/work/project/portpolio/project-ARPG/ARPG_Hunter/Content/03-Data/ItemConfig/4002_SoldierSword.uasset" 1639
"D:/work/project/portpolio/project-ARPG/ARPG_Hunter/Content/03-Data/ItemConfig/4002_SoldierSword.uexp" 1640
"D:/work/project/portpolio/project-ARPG/ARPG_Hunter/Content/99-Asset/UI/Icon/Icon_Effect_Defense.ubulk" 1641
"D:/work/project/portpolio/project-ARPG/ARPG_Hunter/Content/99-Asset/UI/Icon/Icon_Effect_Defense.uasset" 1642
"D:/work/project/portpolio/project-ARPG/ARPG_Hunter/Content/99-Asset/UI/Icon/Icon_Effect_Defense.uexp" 1643
"D:/work/project/portpolio/project-ARPG/ARPG_Hunter/Content/03-Data/EffectData/AddDefense_30s_100.uasset" 1644
"D:/work/project/portpolio/project-ARPG/ARPG_Hunter/Content/03-Data/EffectData/AddDefense_30s_100.uexp" 1645
"D:/work/project/portpolio/project-ARPG/ARPG_Hunter/Content/99-Asset/Item/Img/consume_defBuff.ubulk" 1646
"D:/work/project/portpolio/project-ARPG/ARPG_Hunter/Content/99-Asset/Item/Img/consume_defBuff.uasset" 1647
"D:/work/project/portpolio/project-ARPG/ARPG_Hunter/Content/99-Asset/Item/Img/consume_defBuff.uexp" 1648
"D:/work/project/portpolio/project-ARPG/ARPG_Hunter/Content/99-Asset/VFX/ExportVFX/P_GainBlue.uasset" 1649
"D:/work/project/portpolio/project-ARPG/ARPG_Hunter/Content/99-Asset/VFX/ExportVFX/P_GainBlue.uexp" 1650
"D:/work/project/portpolio/project-ARPG/ARPG_Hunter/Content/03-Data/ItemConfig/2003_DefBuff.uasset" 1651
"D:/work/project/portpolio/project-ARPG/ARPG_Hunter/Content/03-Data/ItemConfig/2003_DefBuff.uexp" 1652
"D:/work/project/portpolio/project-ARPG/ARPG_Hunter/Content/03-Data/ItemConfig/3007_BasicHelmet2.uasset" 1653
"D:/work/project/portpolio/project-ARPG/ARPG_Hunter/Content/03-Data/ItemConfig/3007_BasicHelmet2.uexp" 1654
"D:/work/project/portpolio/project-ARPG/ARPG_Hunter/Content/99-Asset/Item/Img/armor_basicPants.ubulk" 1655
"D:/work/project/portpolio/project-ARPG/ARPG_Hunter/Content/99-Asset/Item/Img/armor_basicPants.uasset" 1656
"D:/work/project/portpolio/project-ARPG/ARPG_Hunter/Content/99-Asset/Item/Img/armor_basicPants.uexp" 1657
"D:/work/project/portpolio/project-ARPG/ARPG_Hunter/Content/03-Data/ItemConfig/3009_BasicPants2.uasset" 1658
"D:/work/project/portpolio/project-ARPG/ARPG_Hunter/Content/03-Data/ItemConfig/3009_BasicPants2.uexp" 1659
"D:/work/project/portpolio/project-ARPG/ARPG_Hunter/Content/03-Data/ItemConfig/3008_BasicTop2.uasset" 1660
"D:/work/project/portpolio/project-ARPG/ARPG_Hunter/Content/03-Data/ItemConfig/3008_BasicTop2.uexp" 1661
"D:/work/project/portpolio/project-ARPG/ARPG_Hunter/Content/99-Asset/Item/Img/item_circuit.ubulk" 1662
"D:/work/project/portpolio/project-ARPG/ARPG_Hunter/Content/99-Asset/Item/Img/item_circuit.uasset" 1663
"D:/work/project/portpolio/project-ARPG/ARPG_Hunter/Content/99-Asset/Item/Img/item_circuit.uexp" 1664
"D:/work/project/portpolio/project-ARPG/ARPG_Hunter/Content/03-Data/ItemConfig/1003_Circuit.uasset" 1665
"D:/work/project/portpolio/project-ARPG/ARPG_Hunter/Content/03-Data/ItemConfig/1003_Circuit.uexp" 1666
"D:/work/project/portpolio/project-ARPG/ARPG_Hunter/Content/99-Asset/Fab/Scifi_Katana/SK_scifi_katana1.uasset" 1667
"D:/work/project/portpolio/project-ARPG/ARPG_Hunter/Content/99-Asset/Fab/Scifi_Katana/SK_scifi_katana1.uexp" 1668
"D:/work/project/portpolio/project-ARPG/ARPG_Hunter/Content/99-Asset/Fab/Scifi_Katana/scifi_katana_texture_0.ubulk" 1669
"D:/work/project/portpolio/project-ARPG/ARPG_Hunter/Content/99-Asset/Fab/Scifi_Katana/scifi_katana_texture_0.uasset" 1670
"D:/work/project/portpolio/project-ARPG/ARPG_Hunter/Content/99-Asset/Fab/Scifi_Katana/scifi_katana_texture_0.uexp" 1671
"D:/work/project/portpolio/project-ARPG/ARPG_Hunter/Content/99-Asset/Fab/Scifi_Katana/scifi_katana_texture_1.ubulk" 1672
"D:/work/project/portpolio/project-ARPG/ARPG_Hunter/Content/99-Asset/Fab/Scifi_Katana/scifi_katana_texture_1.uasset" 1673
"D:/work/project/portpolio/project-ARPG/ARPG_Hunter/Content/99-Asset/Fab/Scifi_Katana/scifi_katana_texture_1.uexp" 1674
"D:/work/project/portpolio/project-ARPG/ARPG_Hunter/Content/99-Asset/Fab/Scifi_Katana/scifi_katana_texture_2.ubulk" 1675
"D:/work/project/portpolio/project-ARPG/ARPG_Hunter/Content/99-Asset/Fab/Scifi_Katana/scifi_katana_texture_2.uasset" 1676
"D:/work/project/portpolio/project-ARPG/ARPG_Hunter/Content/99-Asset/Fab/Scifi_Katana/scifi_katana_texture_2.uexp" 1677
"D:/work/project/portpolio/project-ARPG/ARPG_Hunter/Content/99-Asset/Fab/Scifi_Katana/SwordBase_001.uasset" 1678
"D:/work/project/portpolio/project-ARPG/ARPG_Hunter/Content/99-Asset/Fab/Scifi_Katana/SwordBase_001.uexp" 1679
"D:/work/project/portpolio/project-ARPG/ARPG_Hunter/Content/99-Asset/Fab/Scifi_Katana/SKM_scifi_katana1.uasset" 1680
"D:/work/project/portpolio/project-ARPG/ARPG_Hunter/Content/99-Asset/Fab/Scifi_Katana/SKM_scifi_katana1.uexp" 1681
"D:/work/project/portpolio/project-ARPG/ARPG_Hunter/Content/03-Data/ItemConfig/4003_HeatBlade.uasset" 1682
"D:/work/project/portpolio/project-ARPG/ARPG_Hunter/Content/03-Data/ItemConfig/4003_HeatBlade.uexp" 1683
"D:/work/project/portpolio/project-ARPG/ARPG_Hunter/Content/03-Data/ItemConfig/3006_BasicPants1.uasset" 1684
"D:/work/project/portpolio/project-ARPG/ARPG_Hunter/Content/03-Data/ItemConfig/3006_BasicPants1.uexp" 1685
"D:/work/project/portpolio/project-ARPG/ARPG_Hunter/Content/99-Asset/Character/CyberSoldier/Character/Mesh/Seperates/Cyber_Soldier_Bottom.uasset" 1686
"D:/work/project/portpolio/project-ARPG/ARPG_Hunter/Content/99-Asset/Character/CyberSoldier/Character/Mesh/Seperates/Cyber_Soldier_Bottom.uexp" 1687
"D:/work/project/portpolio/project-ARPG/ARPG_Hunter/Content/03-Data/ItemConfig/3003_BasicPants.uasset" 1688
"D:/work/project/portpolio/project-ARPG/ARPG_Hunter/Content/03-Data/ItemConfig/3003_BasicPants.uexp" 1689
"D:/work/project/portpolio/project-ARPG/ARPG_Hunter/Content/99-Asset/VFX/ExportVFX/P_GainRed.uasset" 1690
"D:/work/project/portpolio/project-ARPG/ARPG_Hunter/Content/99-Asset/VFX/ExportVFX/P_GainRed.uexp" 1691
"D:/work/project/portpolio/project-ARPG/ARPG_Hunter/Content/03-Data/EffectData/RecoverHealth_100.uasset" 1692
"D:/work/project/portpolio/project-ARPG/ARPG_Hunter/Content/03-Data/EffectData/RecoverHealth_100.uexp" 1693
"D:/work/project/portpolio/project-ARPG/ARPG_Hunter/Content/99-Asset/Item/Img/consume_hpRecover.ubulk" 1694
"D:/work/project/portpolio/project-ARPG/ARPG_Hunter/Content/99-Asset/Item/Img/consume_hpRecover.uasset" 1695
"D:/work/project/portpolio/project-ARPG/ARPG_Hunter/Content/99-Asset/Item/Img/consume_hpRecover.uexp" 1696
"D:/work/project/portpolio/project-ARPG/ARPG_Hunter/Content/03-Data/ItemConfig/2001_HpRecover.uasset" 1697
"D:/work/project/portpolio/project-ARPG/ARPG_Hunter/Content/03-Data/ItemConfig/2001_HpRecover.uexp" 1698
"D:/work/project/portpolio/project-ARPG/ARPG_Hunter/Content/99-Asset/Item/Img/consume_cirticalBuff.ubulk" 1699
"D:/work/project/portpolio/project-ARPG/ARPG_Hunter/Content/99-Asset/Item/Img/consume_cirticalBuff.uasset" 1700
"D:/work/project/portpolio/project-ARPG/ARPG_Hunter/Content/99-Asset/Item/Img/consume_cirticalBuff.uexp" 1701
"D:/work/project/portpolio/project-ARPG/ARPG_Hunter/Content/99-Asset/UI/Icon/Icon_Effect_CritPer.ubulk" 1702
"D:/work/project/portpolio/project-ARPG/ARPG_Hunter/Content/99-Asset/UI/Icon/Icon_Effect_CritPer.uasset" 1703
"D:/work/project/portpolio/project-ARPG/ARPG_Hunter/Content/99-Asset/UI/Icon/Icon_Effect_CritPer.uexp" 1704
"D:/work/project/portpolio/project-ARPG/ARPG_Hunter/Content/03-Data/EffectData/CriticalBuff_10s_50.uasset" 1705
"D:/work/project/portpolio/project-ARPG/ARPG_Hunter/Content/03-Data/EffectData/CriticalBuff_10s_50.uexp" 1706
"D:/work/project/portpolio/project-ARPG/ARPG_Hunter/Content/99-Asset/VFX/ExportVFX/P_GainGreen.uasset" 1707
"D:/work/project/portpolio/project-ARPG/ARPG_Hunter/Content/99-Asset/VFX/ExportVFX/P_GainGreen.uexp" 1708
"D:/work/project/portpolio/project-ARPG/ARPG_Hunter/Content/03-Data/ItemConfig/2004_Adrenaline.uasset" 1709
"D:/work/project/portpolio/project-ARPG/ARPG_Hunter/Content/03-Data/ItemConfig/2004_Adrenaline.uexp" 1710
"D:/work/project/portpolio/project-ARPG/ARPG_Hunter/Content/99-Asset/Item/Img/item_scrap.ubulk" 1711
"D:/work/project/portpolio/project-ARPG/ARPG_Hunter/Content/99-Asset/Item/Img/item_scrap.uasset" 1712
"D:/work/project/portpolio/project-ARPG/ARPG_Hunter/Content/99-Asset/Item/Img/item_scrap.uexp" 1713
"D:/work/project/portpolio/project-ARPG/ARPG_Hunter/Content/03-Data/ItemConfig/1001_Scrap.uasset" 1714
"D:/work/project/portpolio/project-ARPG/ARPG_Hunter/Content/03-Data/ItemConfig/1001_Scrap.uexp" 1715
"D:/work/project/portpolio/project-ARPG/ARPG_Hunter/Content/99-Asset/Character/CyberSoldier/Character/Mesh/Seperates/Cyber_Soldier_Head1.uasset" 1716
"D:/work/project/portpolio/project-ARPG/ARPG_Hunter/Content/99-Asset/Character/CyberSoldier/Character/Mesh/Seperates/Cyber_Soldier_Head1.uexp" 1717
"D:/work/project/portpolio/project-ARPG/ARPG_Hunter/Content/03-Data/ItemConfig/3004_BasicHelmet1.uasset" 1718
"D:/work/project/portpolio/project-ARPG/ARPG_Hunter/Content/03-Data/ItemConfig/3004_BasicHelmet1.uexp" 1719
"D:/work/project/portpolio/project-ARPG/ARPG_Hunter/Content/99-Asset/Item/Img/item_acid.ubulk" 1720
"D:/work/project/portpolio/project-ARPG/ARPG_Hunter/Content/99-Asset/Item/Img/item_acid.uasset" 1721
"D:/work/project/portpolio/project-ARPG/ARPG_Hunter/Content/99-Asset/Item/Img/item_acid.uexp" 1722
"D:/work/project/portpolio/project-ARPG/ARPG_Hunter/Content/03-Data/ItemConfig/1004_AcidBlood.uasset" 1723
"D:/work/project/portpolio/project-ARPG/ARPG_Hunter/Content/03-Data/ItemConfig/1004_AcidBlood.uexp" 1724
"D:/work/project/portpolio/project-ARPG/ARPG_Hunter/Content/99-Asset/Character/CyberSoldier/Character/Mesh/Seperates/Cyber_Soldier_Top1.uasset" 1725
"D:/work/project/portpolio/project-ARPG/ARPG_Hunter/Content/99-Asset/Character/CyberSoldier/Character/Mesh/Seperates/Cyber_Soldier_Top1.uexp" 1726
"D:/work/project/portpolio/project-ARPG/ARPG_Hunter/Content/03-Data/ItemConfig/3005_BasicTop1.uasset" 1727
"D:/work/project/portpolio/project-ARPG/ARPG_Hunter/Content/03-Data/ItemConfig/3005_BasicTop1.uexp" 1728
"D:/work/project/portpolio/project-ARPG/ARPG_Hunter/Content/03-Data/DT_ItemData.uasset" 1729
"D:/work/project/portpolio/project-ARPG/ARPG_Hunter/Content/03-Data/DT_ItemData.uexp" 1730
"D:/work/project/portpolio/project-ARPG/ARPG_Hunter/Content/03-Data/DT_EquipmentUpgrade.uasset" 1731
"D:/work/project/portpolio/project-ARPG/ARPG_Hunter/Content/03-Data/DT_EquipmentUpgrade.uexp" 1732
"D:/work/project/portpolio/project-ARPG/ARPG_Hunter/Content/03-Data/DT_DialogData.uasset" 1733
"D:/work/project/portpolio/project-ARPG/ARPG_Hunter/Content/03-Data/DT_DialogData.uexp" 1734
"D:/work/project/portpolio/project-ARPG/ARPG_Hunter/Content/03-Data/CT_PlayerLevel.uasset" 1735
"D:/work/project/portpolio/project-ARPG/ARPG_Hunter/Content/03-Data/CT_PlayerLevel.uexp" 1736
"D:/work/project/portpolio/project-ARPG/ARPG_Hunter/Content/03-Data/CT_MonsterLevel.uasset" 1737
"D:/work/project/portpolio/project-ARPG/ARPG_Hunter/Content/03-Data/CT_MonsterLevel.uexp" 1738
"../../../Engine/Plugins/Runtime/MeshModelingToolset/Content/Materials/M_DynamicMeshComponentVtxColor.uasset" 1739
"../../../Engine/Plugins/Runtime/MeshModelingToolset/Content/Materials/M_DynamicMeshComponentVtxColor.uexp" 1740
"../../../Engine/Plugins/Runtime/HairStrands/Content/Materials/HairMeshesDefaultMaterial.uasset" 1741
"../../../Engine/Plugins/Runtime/HairStrands/Content/Materials/HairMeshesDefaultMaterial.uexp" 1742
"../../../Engine/Plugins/Runtime/HairStrands/Content/Materials/HairDefaultMaterial.uasset" 1743
"../../../Engine/Plugins/Runtime/HairStrands/Content/Materials/HairDefaultMaterial.uexp" 1744
"../../../Engine/Plugins/Runtime/HairStrands/Content/Materials/HairGroupColors.uasset" 1745
"../../../Engine/Plugins/Runtime/HairStrands/Content/Materials/HairGroupColors.uexp" 1746
"../../../Engine/Content/Functions/Engine_MaterialFunctions02/Utility/MakeFloat2.uasset" 1747
"../../../Engine/Content/Functions/Engine_MaterialFunctions02/Utility/MakeFloat2.uexp" 1748
"../../../Engine/Content/EngineMaterials/HairColorMap.uasset" 1749
"../../../Engine/Content/EngineMaterials/HairColorMap.uexp" 1750
"../../../Engine/Content/EngineMaterials/HairDebugColor.uasset" 1751
"../../../Engine/Content/EngineMaterials/HairDebugColor.uexp" 1752
"../../../Engine/Plugins/Runtime/HairStrands/Content/Materials/HairDebugMaterial.uasset" 1753
"../../../Engine/Plugins/Runtime/HairStrands/Content/Materials/HairDebugMaterial.uexp" 1754
"../../../Engine/Plugins/Runtime/HairStrands/Content/Materials/HairCardsDefaultMaterial.uasset" 1755
"../../../Engine/Plugins/Runtime/HairStrands/Content/Materials/HairCardsDefaultMaterial.uexp" 1756
"../../../Engine/Content/Functions/Engine_MaterialFunctions02/Texturing/CustomRotator.uasset" 1757
"../../../Engine/Content/Functions/Engine_MaterialFunctions02/Texturing/CustomRotator.uexp" 1758
"../../../Engine/Plugins/Runtime/AudioWidgets/Content/AudioMaterialSlate/Functions/MF_SingleLine_Smooth.uasset" 1759
"../../../Engine/Plugins/Runtime/AudioWidgets/Content/AudioMaterialSlate/Functions/MF_SingleLine_Smooth.uexp" 1760
"../../../Engine/Plugins/Runtime/AudioWidgets/Content/AudioMaterialSlate/Functions/MF_AngleGradient.uasset" 1761
"../../../Engine/Plugins/Runtime/AudioWidgets/Content/AudioMaterialSlate/Functions/MF_AngleGradient.uexp" 1762
"../../../Engine/Plugins/Runtime/AudioWidgets/Content/AudioMaterialSlate/Functions/MF_SingleLine.uasset" 1763
"../../../Engine/Plugins/Runtime/AudioWidgets/Content/AudioMaterialSlate/Functions/MF_SingleLine.uexp" 1764
"../../../Engine/Plugins/Runtime/AudioWidgets/Content/AudioMaterialSlate/M_AudioMaterialToggleButton.uasset" 1765
"../../../Engine/Plugins/Runtime/AudioWidgets/Content/AudioMaterialSlate/M_AudioMaterialToggleButton.uexp" 1766
"../../../Engine/Plugins/Runtime/AudioWidgets/Content/AudioMaterialSlate/MI_AudioMaterialToggleButton.uasset" 1767
"../../../Engine/Plugins/Runtime/AudioWidgets/Content/AudioMaterialSlate/MI_AudioMaterialToggleButton.uexp" 1768
"../../../Engine/Content/Functions/Engine_MaterialFunctions01/Gradient/GeneratedRoundRect.uasset" 1769
"../../../Engine/Content/Functions/Engine_MaterialFunctions01/Gradient/GeneratedRoundRect.uexp" 1770
"../../../Engine/Plugins/Runtime/AudioWidgets/Content/AudioMaterialSlate/M_AudioMaterialRoundedSlider.uasset" 1771
"../../../Engine/Plugins/Runtime/AudioWidgets/Content/AudioMaterialSlate/M_AudioMaterialRoundedSlider.uexp" 1772
"../../../Engine/Plugins/Runtime/AudioWidgets/Content/AudioMaterialSlate/MI_AudioMaterialRoundedSlider.uasset" 1773
"../../../Engine/Plugins/Runtime/AudioWidgets/Content/AudioMaterialSlate/MI_AudioMaterialRoundedSlider.uexp" 1774
"../../../Engine/Plugins/Runtime/AudioWidgets/Content/AudioMaterialSlate/Functions/MF_Lines.uasset" 1775
"../../../Engine/Plugins/Runtime/AudioWidgets/Content/AudioMaterialSlate/Functions/MF_Lines.uexp" 1776
"../../../Engine/Content/Functions/Engine_MaterialFunctions02/Lerp_3Color.uasset" 1777
"../../../Engine/Content/Functions/Engine_MaterialFunctions02/Lerp_3Color.uexp" 1778
"../../../Engine/Plugins/Runtime/AudioWidgets/Content/AudioMaterialSlate/M_AudioMaterialMeter.uasset" 1779
"../../../Engine/Plugins/Runtime/AudioWidgets/Content/AudioMaterialSlate/M_AudioMaterialMeter.uexp" 1780
"../../../Engine/Plugins/Runtime/AudioWidgets/Content/AudioMaterialSlate/MI_AudioMaterialMeter.uasset" 1781
"../../../Engine/Plugins/Runtime/AudioWidgets/Content/AudioMaterialSlate/MI_AudioMaterialMeter.uexp" 1782
"../../../Engine/Plugins/Runtime/AudioWidgets/Content/AudioMaterialSlate/M_AudioMaterialKnob.uasset" 1783
"../../../Engine/Plugins/Runtime/AudioWidgets/Content/AudioMaterialSlate/M_AudioMaterialKnob.uexp" 1784
"../../../Engine/Plugins/Runtime/AudioWidgets/Content/AudioMaterialSlate/MI_AudioMaterialKnob.uasset" 1785
"../../../Engine/Plugins/Runtime/AudioWidgets/Content/AudioMaterialSlate/MI_AudioMaterialKnob.uexp" 1786
"../../../Engine/Plugins/Runtime/AudioWidgets/Content/AudioMaterialSlate/Functions/MF_DotOutlined.uasset" 1787
"../../../Engine/Plugins/Runtime/AudioWidgets/Content/AudioMaterialSlate/Functions/MF_DotOutlined.uexp" 1788
"../../../Engine/Plugins/Runtime/AudioWidgets/Content/AudioMaterialSlate/M_AudioMaterialEnvelope_ADSR.uasset" 1789
"../../../Engine/Plugins/Runtime/AudioWidgets/Content/AudioMaterialSlate/M_AudioMaterialEnvelope_ADSR.uexp" 1790
"../../../Engine/Plugins/Runtime/AudioWidgets/Content/AudioMaterialSlate/MI_AudioMaterialEnvelope_ADSR.uasset" 1791
"../../../Engine/Plugins/Runtime/AudioWidgets/Content/AudioMaterialSlate/MI_AudioMaterialEnvelope_ADSR.uexp" 1792
"../../../Engine/Plugins/Interchange/Assets/Content/Functions/MX_UsdPreviewSurface.uasset" 1793
"../../../Engine/Plugins/Interchange/Assets/Content/Functions/MX_UsdPreviewSurface.uexp" 1794
"../../../Engine/Plugins/Interchange/Assets/Content/Functions/MX_UniformEDF.uasset" 1795
"../../../Engine/Plugins/Interchange/Assets/Content/Functions/MX_UniformEDF.uexp" 1796
"../../../Engine/Plugins/Interchange/Assets/Content/Functions/MX_TranslucentBSDF.uasset" 1797
"../../../Engine/Plugins/Interchange/Assets/Content/Functions/MX_TranslucentBSDF.uexp" 1798
"../../../Engine/Plugins/Interchange/Assets/Content/Functions/MX_ThinFilmBSDF.uasset" 1799
"../../../Engine/Plugins/Interchange/Assets/Content/Functions/MX_ThinFilmBSDF.uexp" 1800
"../../../Engine/Plugins/Interchange/Assets/Content/Functions/MX_SurfaceUnlit.uasset" 1801
"../../../Engine/Plugins/Interchange/Assets/Content/Functions/MX_SurfaceUnlit.uexp" 1802
"../../../Engine/Plugins/Interchange/Assets/Content/Functions/MX_Surface.uasset" 1803
"../../../Engine/Plugins/Interchange/Assets/Content/Functions/MX_Surface.uexp" 1804
"../../../Engine/Plugins/Interchange/Assets/Content/Functions/MX_SubsurfaceBSDF.uasset" 1805
"../../../Engine/Plugins/Interchange/Assets/Content/Functions/MX_SubsurfaceBSDF.uexp" 1806
"../../../Engine/Plugins/Interchange/Assets/Content/Functions/MX_SheenBSDF.uasset" 1807
"../../../Engine/Plugins/Interchange/Assets/Content/Functions/MX_SheenBSDF.uexp" 1808
"../../../Engine/Plugins/Interchange/Assets/Content/Functions/MX_OrenNayarBSDF.uasset" 1809
"../../../Engine/Plugins/Interchange/Assets/Content/Functions/MX_OrenNayarBSDF.uexp" 1810
"../../../Engine/Plugins/Interchange/Assets/Content/Functions/MX_StandardSurface.uasset" 1811
"../../../Engine/Plugins/Interchange/Assets/Content/Functions/MX_StandardSurface.uexp" 1812
"../../../Engine/Plugins/Interchange/Assets/Content/Functions/MX_TransmissionSurface.uasset" 1813
"../../../Engine/Plugins/Interchange/Assets/Content/Functions/MX_TransmissionSurface.uexp" 1814
"../../../Engine/Plugins/Interchange/Assets/Content/Functions/MX_OpenPBR_Translucent.uasset" 1815
"../../../Engine/Plugins/Interchange/Assets/Content/Functions/MX_OpenPBR_Translucent.uexp" 1816
"../../../Engine/Plugins/Interchange/Assets/Content/Functions/MX_OpenPBR_Opaque.uasset" 1817
"../../../Engine/Plugins/Interchange/Assets/Content/Functions/MX_OpenPBR_Opaque.uexp" 1818
"../../../Engine/Plugins/Interchange/Assets/Content/Functions/MX_MeasuredEDF.uasset" 1819
"../../../Engine/Plugins/Interchange/Assets/Content/Functions/MX_MeasuredEDF.uexp" 1820
"../../../Engine/Plugins/Interchange/Assets/Content/Functions/MX_GeneralizedSchlickBSDF.uasset" 1821
"../../../Engine/Plugins/Interchange/Assets/Content/Functions/MX_GeneralizedSchlickBSDF.uexp" 1822
"../../../Engine/Plugins/Interchange/Assets/Content/Functions/MX_DielectricBSDF.uasset" 1823
"../../../Engine/Plugins/Interchange/Assets/Content/Functions/MX_DielectricBSDF.uexp" 1824
"../../../Engine/Plugins/Interchange/Assets/Content/Functions/MX_ConicalEDF.uasset" 1825
"../../../Engine/Plugins/Interchange/Assets/Content/Functions/MX_ConicalEDF.uexp" 1826
"../../../Engine/Plugins/Interchange/Assets/Content/Functions/MX_ConductorBSDF.uasset" 1827
"../../../Engine/Plugins/Interchange/Assets/Content/Functions/MX_ConductorBSDF.uexp" 1828
"../../../Engine/Plugins/Interchange/Assets/Content/Functions/MX_BurleyDiffuseBSDF.uasset" 1829
"../../../Engine/Plugins/Interchange/Assets/Content/Functions/MX_BurleyDiffuseBSDF.uexp" 1830
"../../../Engine/Plugins/Interchange/Assets/Content/Functions/MX_AnisotropicVDF.uasset" 1831
"../../../Engine/Plugins/Interchange/Assets/Content/Functions/MX_AnisotropicVDF.uexp" 1832
"../../../Engine/Plugins/Interchange/Assets/Content/Functions/MX_AbsorptionVDF.uasset" 1833
"../../../Engine/Plugins/Interchange/Assets/Content/Functions/MX_AbsorptionVDF.uexp" 1834
"../../../Engine/Plugins/Editor/SpeedTreeImporter/Content/SpeedTree9/game_wind_noise.ubulk" 1835
"../../../Engine/Plugins/Editor/SpeedTreeImporter/Content/SpeedTree9/game_wind_noise.uasset" 1836
"../../../Engine/Plugins/Editor/SpeedTreeImporter/Content/SpeedTree9/game_wind_noise.uexp" 1837
"../../../Engine/Plugins/Editor/SpeedTreeImporter/Content/SpeedTree9/UnpackDirection.uasset" 1838
"../../../Engine/Plugins/Editor/SpeedTreeImporter/Content/SpeedTree9/UnpackDirection.uexp" 1839
"../../../Engine/Content/Functions/Engine_MaterialFunctions02/ObjectLocalBounds.uasset" 1840
"../../../Engine/Content/Functions/Engine_MaterialFunctions02/ObjectLocalBounds.uexp" 1841
"../../../Engine/Content/Functions/Engine_MaterialFunctions02/UVs/BoundingBoxBased_0-1_UVW.uasset" 1842
"../../../Engine/Content/Functions/Engine_MaterialFunctions02/UVs/BoundingBoxBased_0-1_UVW.uexp" 1843
"../../../Engine/Plugins/Editor/SpeedTreeImporter/Content/SpeedTree9/UnpackInteger3.uasset" 1844
"../../../Engine/Plugins/Editor/SpeedTreeImporter/Content/SpeedTree9/UnpackInteger3.uexp" 1845
"../../../Engine/Plugins/Editor/SpeedTreeImporter/Content/SpeedTree9/SpeedTreeCameraFacing.uasset" 1846
"../../../Engine/Plugins/Editor/SpeedTreeImporter/Content/SpeedTree9/SpeedTreeCameraFacing.uexp" 1847
"../../../Engine/Content/Functions/Engine_MaterialFunctions02/WorldPositionOffset/ObjectScale.uasset" 1848
"../../../Engine/Content/Functions/Engine_MaterialFunctions02/WorldPositionOffset/ObjectScale.uexp" 1849
"../../../Engine/Plugins/Editor/SpeedTreeImporter/Content/SpeedTree9/SpeedTreeWindMotion.uasset" 1850
"../../../Engine/Plugins/Editor/SpeedTreeImporter/Content/SpeedTree9/SpeedTreeWindMotion.uexp" 1851
"../../../Engine/Plugins/Editor/SpeedTreeImporter/Content/SpeedTree9/SpeedTreeBranchMotion.uasset" 1852
"../../../Engine/Plugins/Editor/SpeedTreeImporter/Content/SpeedTree9/SpeedTreeBranchMotion.uexp" 1853
"../../../Engine/Plugins/Editor/SpeedTreeImporter/Content/SpeedTree9/SpeedTreeWind.uasset" 1854
"../../../Engine/Plugins/Editor/SpeedTreeImporter/Content/SpeedTree9/SpeedTreeWind.uexp" 1855
"../../../Engine/Plugins/Editor/SpeedTreeImporter/Content/SpeedTree9/EmptyNormal.uasset" 1856
"../../../Engine/Plugins/Editor/SpeedTreeImporter/Content/SpeedTree9/EmptyNormal.uexp" 1857
"../../../Engine/Plugins/Editor/SpeedTreeImporter/Content/SpeedTree9/Empty.uasset" 1858
"../../../Engine/Plugins/Editor/SpeedTreeImporter/Content/SpeedTree9/Empty.uexp" 1859
"../../../Engine/Plugins/Editor/SpeedTreeImporter/Content/SpeedTree9/SpeedTreeMaster.uasset" 1860
"../../../Engine/Plugins/Editor/SpeedTreeImporter/Content/SpeedTree9/SpeedTreeMaster.uexp" 1861
"../../../Engine/Plugins/Editor/SpeedTreeImporter/Content/SpeedTree9/SpeedTreeBillboard.uasset" 1862
"../../../Engine/Plugins/Editor/SpeedTreeImporter/Content/SpeedTree9/SpeedTreeBillboard.uexp" 1863
"../../../Engine/Plugins/Editor/SpeedTreeImporter/Content/SpeedTree9/SpeedTreeBillboardMaster.uasset" 1864
"../../../Engine/Plugins/Editor/SpeedTreeImporter/Content/SpeedTree9/SpeedTreeBillboardMaster.uexp" 1865
"../../../Engine/Plugins/Animation/ControlRig/Content/Controls/ControlRig_Wedge_solid.ubulk" 1866
"../../../Engine/Plugins/Animation/ControlRig/Content/Controls/ControlRig_Wedge_solid.uasset" 1867
"../../../Engine/Plugins/Animation/ControlRig/Content/Controls/ControlRig_Wedge_solid.uexp" 1868
"../../../Engine/Plugins/Animation/ControlRig/Content/Controls/ControlRig_Wedge_3mm.ubulk" 1869
"../../../Engine/Plugins/Animation/ControlRig/Content/Controls/ControlRig_Wedge_3mm.uasset" 1870
"../../../Engine/Plugins/Animation/ControlRig/Content/Controls/ControlRig_Wedge_3mm.uexp" 1871
"../../../Engine/Plugins/Animation/ControlRig/Content/Controls/ControlRig_Wedge_1mm.ubulk" 1872
"../../../Engine/Plugins/Animation/ControlRig/Content/Controls/ControlRig_Wedge_1mm.uasset" 1873
"../../../Engine/Plugins/Animation/ControlRig/Content/Controls/ControlRig_Wedge_1mm.uexp" 1874
"../../../Engine/Plugins/Animation/ControlRig/Content/Controls/ControlRig_Triangle_solid.ubulk" 1875
"../../../Engine/Plugins/Animation/ControlRig/Content/Controls/ControlRig_Triangle_solid.uasset" 1876
"../../../Engine/Plugins/Animation/ControlRig/Content/Controls/ControlRig_Triangle_solid.uexp" 1877
"../../../Engine/Plugins/Animation/ControlRig/Content/Controls/ControlRig_Triangle_3mm.ubulk" 1878
"../../../Engine/Plugins/Animation/ControlRig/Content/Controls/ControlRig_Triangle_3mm.uasset" 1879
"../../../Engine/Plugins/Animation/ControlRig/Content/Controls/ControlRig_Triangle_3mm.uexp" 1880
"../../../Engine/Plugins/Animation/ControlRig/Content/Controls/ControlRig_Triangle_1mm.ubulk" 1881
"../../../Engine/Plugins/Animation/ControlRig/Content/Controls/ControlRig_Triangle_1mm.uasset" 1882
"../../../Engine/Plugins/Animation/ControlRig/Content/Controls/ControlRig_Triangle_1mm.uexp" 1883
"../../../Engine/Plugins/Animation/ControlRig/Content/Controls/ControlRig_Star4_solid.ubulk" 1884
"../../../Engine/Plugins/Animation/ControlRig/Content/Controls/ControlRig_Star4_solid.uasset" 1885
"../../../Engine/Plugins/Animation/ControlRig/Content/Controls/ControlRig_Star4_solid.uexp" 1886
"../../../Engine/Plugins/Animation/ControlRig/Content/Controls/ControlRig_Star4_3mm.ubulk" 1887
"../../../Engine/Plugins/Animation/ControlRig/Content/Controls/ControlRig_Star4_3mm.uasset" 1888
"../../../Engine/Plugins/Animation/ControlRig/Content/Controls/ControlRig_Star4_3mm.uexp" 1889
"../../../Engine/Plugins/Animation/ControlRig/Content/Controls/ControlRig_Star4_1mm.ubulk" 1890
"../../../Engine/Plugins/Animation/ControlRig/Content/Controls/ControlRig_Star4_1mm.uasset" 1891
"../../../Engine/Plugins/Animation/ControlRig/Content/Controls/ControlRig_Star4_1mm.uexp" 1892
"../../../Engine/Plugins/Animation/ControlRig/Content/Controls/ControlRig_Square_solid.ubulk" 1893
"../../../Engine/Plugins/Animation/ControlRig/Content/Controls/ControlRig_Square_solid.uasset" 1894
"../../../Engine/Plugins/Animation/ControlRig/Content/Controls/ControlRig_Square_solid.uexp" 1895
"../../../Engine/Plugins/Animation/ControlRig/Content/Controls/ControlRig_Square_3mm.ubulk" 1896
"../../../Engine/Plugins/Animation/ControlRig/Content/Controls/ControlRig_Square_3mm.uasset" 1897
"../../../Engine/Plugins/Animation/ControlRig/Content/Controls/ControlRig_Square_3mm.uexp" 1898
"../../../Engine/Plugins/Animation/ControlRig/Content/Controls/ControlRig_Square_1mm.ubulk" 1899
"../../../Engine/Plugins/Animation/ControlRig/Content/Controls/ControlRig_Square_1mm.uasset" 1900
"../../../Engine/Plugins/Animation/ControlRig/Content/Controls/ControlRig_Square_1mm.uexp" 1901
"../../../Engine/Plugins/Animation/ControlRig/Content/Controls/ControlRig_Sphere_solid.ubulk" 1902
"../../../Engine/Plugins/Animation/ControlRig/Content/Controls/ControlRig_Sphere_solid.uasset" 1903
"../../../Engine/Plugins/Animation/ControlRig/Content/Controls/ControlRig_Sphere_solid.uexp" 1904
"../../../Engine/Plugins/Animation/ControlRig/Content/Controls/ControlRig_Sphere_3mm.ubulk" 1905
"../../../Engine/Plugins/Animation/ControlRig/Content/Controls/ControlRig_Sphere_3mm.uasset" 1906
"../../../Engine/Plugins/Animation/ControlRig/Content/Controls/ControlRig_Sphere_3mm.uexp" 1907
"../../../Engine/Plugins/Animation/ControlRig/Content/Controls/ControlRig_Sphere_1mm.ubulk" 1908
"../../../Engine/Plugins/Animation/ControlRig/Content/Controls/ControlRig_Sphere_1mm.uasset" 1909
"../../../Engine/Plugins/Animation/ControlRig/Content/Controls/ControlRig_Sphere_1mm.uexp" 1910
"../../../Engine/Plugins/Animation/ControlRig/Content/Controls/ControlRig_RoundedTriangle_solid.ubulk" 1911
"../../../Engine/Plugins/Animation/ControlRig/Content/Controls/ControlRig_RoundedTriangle_solid.uasset" 1912
"../../../Engine/Plugins/Animation/ControlRig/Content/Controls/ControlRig_RoundedTriangle_solid.uexp" 1913
"../../../Engine/Plugins/Animation/ControlRig/Content/Controls/ControlRig_RoundedTriangle_3mm.ubulk" 1914
"../../../Engine/Plugins/Animation/ControlRig/Content/Controls/ControlRig_RoundedTriangle_3mm.uasset" 1915
"../../../Engine/Plugins/Animation/ControlRig/Content/Controls/ControlRig_RoundedTriangle_3mm.uexp" 1916
"../../../Engine/Plugins/Animation/ControlRig/Content/Controls/ControlRig_RoundedTriangle_1mm.ubulk" 1917
"../../../Engine/Plugins/Animation/ControlRig/Content/Controls/ControlRig_RoundedTriangle_1mm.uasset" 1918
"../../../Engine/Plugins/Animation/ControlRig/Content/Controls/ControlRig_RoundedTriangle_1mm.uexp" 1919
"../../../Engine/Plugins/Animation/ControlRig/Content/Controls/ControlRig_RoundedSquare_solid.ubulk" 1920
"../../../Engine/Plugins/Animation/ControlRig/Content/Controls/ControlRig_RoundedSquare_solid.uasset" 1921
"../../../Engine/Plugins/Animation/ControlRig/Content/Controls/ControlRig_RoundedSquare_solid.uexp" 1922
"../../../Engine/Plugins/Animation/ControlRig/Content/Controls/ControlRig_RoundedSquare_3mm.ubulk" 1923
"../../../Engine/Plugins/Animation/ControlRig/Content/Controls/ControlRig_RoundedSquare_3mm.uasset" 1924
"../../../Engine/Plugins/Animation/ControlRig/Content/Controls/ControlRig_RoundedSquare_3mm.uexp" 1925
"../../../Engine/Plugins/Animation/ControlRig/Content/Controls/ControlRig_RoundedSquare_1mm.ubulk" 1926
"../../../Engine/Plugins/Animation/ControlRig/Content/Controls/ControlRig_RoundedSquare_1mm.uasset" 1927
"../../../Engine/Plugins/Animation/ControlRig/Content/Controls/ControlRig_RoundedSquare_1mm.uexp" 1928
"../../../Engine/Plugins/Animation/ControlRig/Content/Controls/ControlRig_QuarterCircle_solid.ubulk" 1929
"../../../Engine/Plugins/Animation/ControlRig/Content/Controls/ControlRig_QuarterCircle_solid.uasset" 1930
"../../../Engine/Plugins/Animation/ControlRig/Content/Controls/ControlRig_QuarterCircle_solid.uexp" 1931
"../../../Engine/Plugins/Animation/ControlRig/Content/Controls/ControlRig_QuarterCircle_3mm.ubulk" 1932
"../../../Engine/Plugins/Animation/ControlRig/Content/Controls/ControlRig_QuarterCircle_3mm.uasset" 1933
"../../../Engine/Plugins/Animation/ControlRig/Content/Controls/ControlRig_QuarterCircle_3mm.uexp" 1934
"../../../Engine/Plugins/Animation/ControlRig/Content/Controls/ControlRig_QuarterCircle_1mm.ubulk" 1935
"../../../Engine/Plugins/Animation/ControlRig/Content/Controls/ControlRig_QuarterCircle_1mm.uasset" 1936
"../../../Engine/Plugins/Animation/ControlRig/Content/Controls/ControlRig_QuarterCircle_1mm.uexp" 1937
"../../../Engine/Plugins/Animation/ControlRig/Content/Controls/ControlRig_Pyramid_solid.ubulk" 1938
"../../../Engine/Plugins/Animation/ControlRig/Content/Controls/ControlRig_Pyramid_solid.uasset" 1939
"../../../Engine/Plugins/Animation/ControlRig/Content/Controls/ControlRig_Pyramid_solid.uexp" 1940
"../../../Engine/Plugins/Animation/ControlRig/Content/Controls/ControlRig_Pyramid_3mm.ubulk" 1941
"../../../Engine/Plugins/Animation/ControlRig/Content/Controls/ControlRig_Pyramid_3mm.uasset" 1942
"../../../Engine/Plugins/Animation/ControlRig/Content/Controls/ControlRig_Pyramid_3mm.uexp" 1943
"../../../Engine/Plugins/Animation/ControlRig/Content/Controls/ControlRig_Pyramid_1mm.ubulk" 1944
"../../../Engine/Plugins/Animation/ControlRig/Content/Controls/ControlRig_Pyramid_1mm.uasset" 1945
"../../../Engine/Plugins/Animation/ControlRig/Content/Controls/ControlRig_Pyramid_1mm.uexp" 1946
"../../../Engine/Plugins/Animation/ControlRig/Content/Controls/ControlRig_Octagon_solid.ubulk" 1947
"../../../Engine/Plugins/Animation/ControlRig/Content/Controls/ControlRig_Octagon_solid.uasset" 1948
"../../../Engine/Plugins/Animation/ControlRig/Content/Controls/ControlRig_Octagon_solid.uexp" 1949
"../../../Engine/Plugins/Animation/ControlRig/Content/Controls/ControlRig_Octagon_3mm.ubulk" 1950
"../../../Engine/Plugins/Animation/ControlRig/Content/Controls/ControlRig_Octagon_3mm.uasset" 1951
"../../../Engine/Plugins/Animation/ControlRig/Content/Controls/ControlRig_Octagon_3mm.uexp" 1952
"../../../Engine/Plugins/Animation/ControlRig/Content/Controls/ControlRig_Octagon_1mm.ubulk" 1953
"../../../Engine/Plugins/Animation/ControlRig/Content/Controls/ControlRig_Octagon_1mm.uasset" 1954
"../../../Engine/Plugins/Animation/ControlRig/Content/Controls/ControlRig_Octagon_1mm.uexp" 1955
"../../../Engine/Plugins/Animation/ControlRig/Content/Controls/ControlRig_Hexagon_solid.ubulk" 1956
"../../../Engine/Plugins/Animation/ControlRig/Content/Controls/ControlRig_Hexagon_solid.uasset" 1957
"../../../Engine/Plugins/Animation/ControlRig/Content/Controls/ControlRig_Hexagon_solid.uexp" 1958
"../../../Engine/Plugins/Animation/ControlRig/Content/Controls/ControlRig_Hexagon_3mm.ubulk" 1959
"../../../Engine/Plugins/Animation/ControlRig/Content/Controls/ControlRig_Hexagon_3mm.uasset" 1960
"../../../Engine/Plugins/Animation/ControlRig/Content/Controls/ControlRig_Hexagon_3mm.uexp" 1961
"../../../Engine/Plugins/Animation/ControlRig/Content/Controls/ControlRig_Hexagon_1mm.ubulk" 1962
"../../../Engine/Plugins/Animation/ControlRig/Content/Controls/ControlRig_Hexagon_1mm.uasset" 1963
"../../../Engine/Plugins/Animation/ControlRig/Content/Controls/ControlRig_Hexagon_1mm.uexp" 1964
"../../../Engine/Plugins/Animation/ControlRig/Content/Controls/ControlRig_HalfCircle_solid.ubulk" 1965
"../../../Engine/Plugins/Animation/ControlRig/Content/Controls/ControlRig_HalfCircle_solid.uasset" 1966
"../../../Engine/Plugins/Animation/ControlRig/Content/Controls/ControlRig_HalfCircle_solid.uexp" 1967
"../../../Engine/Plugins/Animation/ControlRig/Content/Controls/ControlRig_HalfCircle_3mm.ubulk" 1968
"../../../Engine/Plugins/Animation/ControlRig/Content/Controls/ControlRig_HalfCircle_3mm.uasset" 1969
"../../../Engine/Plugins/Animation/ControlRig/Content/Controls/ControlRig_HalfCircle_3mm.uexp" 1970
"../../../Engine/Plugins/Animation/ControlRig/Content/Controls/ControlRig_HalfCircle_1mm.ubulk" 1971
"../../../Engine/Plugins/Animation/ControlRig/Content/Controls/ControlRig_HalfCircle_1mm.uasset" 1972
"../../../Engine/Plugins/Animation/ControlRig/Content/Controls/ControlRig_HalfCircle_1mm.uexp" 1973
"../../../Engine/Plugins/Animation/ControlRig/Content/Controls/ControlRig_Diamond_solid.ubulk" 1974
"../../../Engine/Plugins/Animation/ControlRig/Content/Controls/ControlRig_Diamond_solid.uasset" 1975
"../../../Engine/Plugins/Animation/ControlRig/Content/Controls/ControlRig_Diamond_solid.uexp" 1976
"../../../Engine/Plugins/Animation/ControlRig/Content/Controls/ControlRig_Diamond_3mm.ubulk" 1977
"../../../Engine/Plugins/Animation/ControlRig/Content/Controls/ControlRig_Diamond_3mm.uasset" 1978
"../../../Engine/Plugins/Animation/ControlRig/Content/Controls/ControlRig_Diamond_3mm.uexp" 1979
"../../../Engine/Plugins/Animation/ControlRig/Content/Controls/ControlRig_Diamond_1mm.ubulk" 1980
"../../../Engine/Plugins/Animation/ControlRig/Content/Controls/ControlRig_Diamond_1mm.uasset" 1981
"../../../Engine/Plugins/Animation/ControlRig/Content/Controls/ControlRig_Diamond_1mm.uexp" 1982
"../../../Engine/Plugins/Animation/ControlRig/Content/Controls/ControlRig_Circle_solid.ubulk" 1983
"../../../Engine/Plugins/Animation/ControlRig/Content/Controls/ControlRig_Circle_solid.uasset" 1984
"../../../Engine/Plugins/Animation/ControlRig/Content/Controls/ControlRig_Circle_solid.uexp" 1985
"../../../Engine/Plugins/Animation/ControlRig/Content/Controls/ControlRig_Circle_3mm.ubulk" 1986
"../../../Engine/Plugins/Animation/ControlRig/Content/Controls/ControlRig_Circle_3mm.uasset" 1987
"../../../Engine/Plugins/Animation/ControlRig/Content/Controls/ControlRig_Circle_3mm.uexp" 1988
"../../../Engine/Plugins/Animation/ControlRig/Content/Controls/ControlRig_Circle_1mm.ubulk" 1989
"../../../Engine/Plugins/Animation/ControlRig/Content/Controls/ControlRig_Circle_1mm.uasset" 1990
"../../../Engine/Plugins/Animation/ControlRig/Content/Controls/ControlRig_Circle_1mm.uexp" 1991
"../../../Engine/Plugins/Animation/ControlRig/Content/Controls/ControlRig_Box_solid.ubulk" 1992
"../../../Engine/Plugins/Animation/ControlRig/Content/Controls/ControlRig_Box_solid.uasset" 1993
"../../../Engine/Plugins/Animation/ControlRig/Content/Controls/ControlRig_Box_solid.uexp" 1994
"../../../Engine/Plugins/Animation/ControlRig/Content/Controls/ControlRig_Box_3mm.ubulk" 1995
"../../../Engine/Plugins/Animation/ControlRig/Content/Controls/ControlRig_Box_3mm.uasset" 1996
"../../../Engine/Plugins/Animation/ControlRig/Content/Controls/ControlRig_Box_3mm.uexp" 1997
"../../../Engine/Plugins/Animation/ControlRig/Content/Controls/ControlRig_Box_1mm.ubulk" 1998
"../../../Engine/Plugins/Animation/ControlRig/Content/Controls/ControlRig_Box_1mm.uasset" 1999
"../../../Engine/Plugins/Animation/ControlRig/Content/Controls/ControlRig_Box_1mm.uexp" 2000
"../../../Engine/Plugins/Animation/ControlRig/Content/Controls/ControlRig_Arrow_solid.ubulk" 2001
"../../../Engine/Plugins/Animation/ControlRig/Content/Controls/ControlRig_Arrow_solid.uasset" 2002
"../../../Engine/Plugins/Animation/ControlRig/Content/Controls/ControlRig_Arrow_solid.uexp" 2003
"../../../Engine/Plugins/Animation/ControlRig/Content/Controls/ControlRig_Arrow_3mm.ubulk" 2004
"../../../Engine/Plugins/Animation/ControlRig/Content/Controls/ControlRig_Arrow_3mm.uasset" 2005
"../../../Engine/Plugins/Animation/ControlRig/Content/Controls/ControlRig_Arrow_3mm.uexp" 2006
"../../../Engine/Plugins/Animation/ControlRig/Content/Controls/ControlRig_Arrow_1mm.ubulk" 2007
"../../../Engine/Plugins/Animation/ControlRig/Content/Controls/ControlRig_Arrow_1mm.uasset" 2008
"../../../Engine/Plugins/Animation/ControlRig/Content/Controls/ControlRig_Arrow_1mm.uexp" 2009
"../../../Engine/Plugins/Animation/ControlRig/Content/Controls/ControlRig_Arrow4_solid.ubulk" 2010
"../../../Engine/Plugins/Animation/ControlRig/Content/Controls/ControlRig_Arrow4_solid.uasset" 2011
"../../../Engine/Plugins/Animation/ControlRig/Content/Controls/ControlRig_Arrow4_solid.uexp" 2012
"../../../Engine/Plugins/Animation/ControlRig/Content/Controls/ControlRig_Arrow4_3mm.ubulk" 2013
"../../../Engine/Plugins/Animation/ControlRig/Content/Controls/ControlRig_Arrow4_3mm.uasset" 2014
"../../../Engine/Plugins/Animation/ControlRig/Content/Controls/ControlRig_Arrow4_3mm.uexp" 2015
"../../../Engine/Plugins/Animation/ControlRig/Content/Controls/ControlRig_Arrow4_1mm.ubulk" 2016
"../../../Engine/Plugins/Animation/ControlRig/Content/Controls/ControlRig_Arrow4_1mm.uasset" 2017
"../../../Engine/Plugins/Animation/ControlRig/Content/Controls/ControlRig_Arrow4_1mm.uexp" 2018
"../../../Engine/Plugins/Animation/ControlRig/Content/Controls/ControlRig_Arrow2_solid.ubulk" 2019
"../../../Engine/Plugins/Animation/ControlRig/Content/Controls/ControlRig_Arrow2_solid.uasset" 2020
"../../../Engine/Plugins/Animation/ControlRig/Content/Controls/ControlRig_Arrow2_solid.uexp" 2021
"../../../Engine/Plugins/Animation/ControlRig/Content/Controls/ControlRig_Arrow2_3mm.ubulk" 2022
"../../../Engine/Plugins/Animation/ControlRig/Content/Controls/ControlRig_Arrow2_3mm.uasset" 2023
"../../../Engine/Plugins/Animation/ControlRig/Content/Controls/ControlRig_Arrow2_3mm.uexp" 2024
"../../../Engine/Plugins/Animation/ControlRig/Content/Controls/ControlRig_Arrow2_1mm.ubulk" 2025
"../../../Engine/Plugins/Animation/ControlRig/Content/Controls/ControlRig_Arrow2_1mm.uasset" 2026
"../../../Engine/Plugins/Animation/ControlRig/Content/Controls/ControlRig_Arrow2_1mm.uexp" 2027
"../../../Engine/Plugins/Animation/ControlRig/Content/Controls/ControlRigXRayMaterial.uasset" 2028
"../../../Engine/Plugins/Animation/ControlRig/Content/Controls/ControlRigXRayMaterial.uexp" 2029
"../../../Engine/Plugins/Animation/ControlRig/Content/Controls/ControlRigGizmoMaterial.uasset" 2030
"../../../Engine/Plugins/Animation/ControlRig/Content/Controls/ControlRigGizmoMaterial.uexp" 2031
"../../../Engine/Content/EngineResources/WhiteSquareTexture.uasset" 2032
"../../../Engine/Content/EngineResources/WhiteSquareTexture.uexp" 2033
"../../../Engine/Content/EngineMaterials/Widget3DPassThrough.uasset" 2034
"../../../Engine/Content/EngineMaterials/Widget3DPassThrough.uexp" 2035
"../../../Engine/Content/EngineMaterials/Widget3DPassThrough_Translucent.uasset" 2036
"../../../Engine/Content/EngineMaterials/Widget3DPassThrough_Translucent.uexp" 2037
"../../../Engine/Content/EngineMaterials/Widget3DPassThrough_Translucent_OneSided.uasset" 2038
"../../../Engine/Content/EngineMaterials/Widget3DPassThrough_Translucent_OneSided.uexp" 2039
"../../../Engine/Content/EngineMaterials/Widget3DPassThrough_Opaque.uasset" 2040
"../../../Engine/Content/EngineMaterials/Widget3DPassThrough_Opaque.uexp" 2041
"../../../Engine/Content/EngineMaterials/Widget3DPassThrough_Opaque_OneSided.uasset" 2042
"../../../Engine/Content/EngineMaterials/Widget3DPassThrough_Opaque_OneSided.uexp" 2043
"../../../Engine/Content/EngineMaterials/Widget3DPassThrough_Masked_OneSided.uasset" 2044
"../../../Engine/Content/EngineMaterials/Widget3DPassThrough_Masked_OneSided.uexp" 2045
"../../../Engine/Content/EngineMaterials/Widget3DPassThrough_Masked.uasset" 2046
"../../../Engine/Content/EngineMaterials/Widget3DPassThrough_Masked.uexp" 2047
"../../../Engine/Content/EngineMaterials/WeightMapPlaceholderTexture.uasset" 2048
"../../../Engine/Content/EngineMaterials/WeightMapPlaceholderTexture.uexp" 2049
"../../../Engine/Content/EngineMaterials/WeightMapArrayPlaceholderTexture.uasset" 2050
"../../../Engine/Content/EngineMaterials/WeightMapArrayPlaceholderTexture.uexp" 2051
"../../../Engine/Content/EngineMaterials/RemoveSurfaceMaterial.uasset" 2052
"../../../Engine/Content/EngineMaterials/RemoveSurfaceMaterial.uexp" 2053
"../../../Engine/Content/EngineMaterials/DefaultCalibrationGrayscale.uasset" 2054
"../../../Engine/Content/EngineMaterials/DefaultCalibrationGrayscale.uexp" 2055
"../../../Engine/Content/EngineMaterials/PPM_DefaultCalibrationGrayscale.uasset" 2056
"../../../Engine/Content/EngineMaterials/PPM_DefaultCalibrationGrayscale.uexp" 2057
"../../../Engine/Content/EngineMaterials/DefaultCalibrationColor.uasset" 2058
"../../../Engine/Content/EngineMaterials/DefaultCalibrationColor.uexp" 2059
"../../../Engine/Content/EngineMaterials/PPM_DefaultCalibrationColor.uasset" 2060
"../../../Engine/Content/EngineMaterials/PPM_DefaultCalibrationColor.uexp" 2061
"../../../Engine/Content/EngineMaterials/PhAT_JointLimitMaterial.uasset" 2062
"../../../Engine/Content/EngineMaterials/PhAT_JointLimitMaterial.uexp" 2063
"../../../Engine/Content/EngineMaterials/NaniteHiddenSectionMaterial.uasset" 2064
"../../../Engine/Content/EngineMaterials/NaniteHiddenSectionMaterial.uexp" 2065
"../../../Engine/Content/EngineMaterials/InvalidLightmapSettings.ubulk" 2066
"../../../Engine/Content/EngineMaterials/InvalidLightmapSettings.uasset" 2067
"../../../Engine/Content/EngineMaterials/InvalidLightmapSettings.uexp" 2068
"../../../Engine/Content/EngineMaterials/M_InvalidLightmapSettings.uasset" 2069
"../../../Engine/Content/EngineMaterials/M_InvalidLightmapSettings.uexp" 2070
"../../../Engine/Content/EngineMaterials/GizmoMaterial.uasset" 2071
"../../../Engine/Content/EngineMaterials/GizmoMaterial.uexp" 2072
"../../../Engine/Content/EngineMaterials/BaseFlattenEmissiveMap_VT.uasset" 2073
"../../../Engine/Content/EngineMaterials/BaseFlattenEmissiveMap_VT.uexp" 2074
"../../../Engine/Content/EngineMaterials/BaseFlattenGrayscaleMap_VT.uasset" 2075
"../../../Engine/Content/EngineMaterials/BaseFlattenGrayscaleMap_VT.uexp" 2076
"../../../Engine/Content/EngineMaterials/BaseFlattenLinearColor_VT.uasset" 2077
"../../../Engine/Content/EngineMaterials/BaseFlattenLinearColor_VT.uexp" 2078
"../../../Engine/Content/EngineMaterials/Black_1x1_EXR_Texture_VT.uasset" 2079
"../../../Engine/Content/EngineMaterials/Black_1x1_EXR_Texture_VT.uexp" 2080
"../../../Engine/Content/EngineMaterials/BaseFlattenDiffuseMap_VT.uasset" 2081
"../../../Engine/Content/EngineMaterials/BaseFlattenDiffuseMap_VT.uexp" 2082
"../../../Engine/Content/EngineMaterials/BaseFlattenNormalMap_VT.uasset" 2083
"../../../Engine/Content/EngineMaterials/BaseFlattenNormalMap_VT.uexp" 2084
"../../../Engine/Content/EngineMaterials/FlattenMaterial_WS_Normal_VT.uasset" 2085
"../../../Engine/Content/EngineMaterials/FlattenMaterial_WS_Normal_VT.uexp" 2086
"../../../Engine/Content/EngineMaterials/FlattenMaterial_VT.uasset" 2087
"../../../Engine/Content/EngineMaterials/FlattenMaterial_VT.uexp" 2088
"../../../Engine/Content/EngineMaterials/BaseFlattenNormalMap.uasset" 2089
"../../../Engine/Content/EngineMaterials/BaseFlattenNormalMap.uexp" 2090
"../../../Engine/Content/EngineMaterials/BaseFlattenGrayscaleMap.uasset" 2091
"../../../Engine/Content/EngineMaterials/BaseFlattenGrayscaleMap.uexp" 2092
"../../../Engine/Content/EngineMaterials/BaseFlattenDiffuseMap.uasset" 2093
"../../../Engine/Content/EngineMaterials/BaseFlattenDiffuseMap.uexp" 2094
"../../../Engine/Content/Functions/Engine_MaterialFunctions02/PivotPainter2/Black_1x1_EXR_Texture.uasset" 2095
"../../../Engine/Content/Functions/Engine_MaterialFunctions02/PivotPainter2/Black_1x1_EXR_Texture.uexp" 2096
"../../../Engine/Content/EngineMaterials/BaseFlattenEmissiveMap.uasset" 2097
"../../../Engine/Content/EngineMaterials/BaseFlattenEmissiveMap.uexp" 2098
"../../../Engine/Content/EngineMaterials/BaseFlattenLinearColor.uasset" 2099
"../../../Engine/Content/EngineMaterials/BaseFlattenLinearColor.uexp" 2100
"../../../Engine/Content/EngineMaterials/FlattenMaterial.uasset" 2101
"../../../Engine/Content/EngineMaterials/FlattenMaterial.uexp" 2102
"../../../Engine/Content/EngineMaterials/DefaultWhiteGrid_Low.uasset" 2103
"../../../Engine/Content/EngineMaterials/DefaultWhiteGrid_Low.uexp" 2104
"../../../Engine/Content/EngineMaterials/EmissiveMeshMaterial.uasset" 2105
"../../../Engine/Content/EngineMaterials/EmissiveMeshMaterial.uexp" 2106
"../../../Engine/Content/EngineFonts/RobotoDistanceField.uasset" 2107
"../../../Engine/Content/EngineFonts/RobotoDistanceField.uexp" 2108
"../../../Engine/Content/EngineMaterials/DefaultTextMaterialOpaque.uasset" 2109
"../../../Engine/Content/EngineMaterials/DefaultTextMaterialOpaque.uexp" 2110
"../../../Engine/Content/EngineMaterials/DefaultDiffuse.ubulk" 2111
"../../../Engine/Content/EngineMaterials/DefaultDiffuse.uasset" 2112
"../../../Engine/Content/EngineMaterials/DefaultDiffuse.uexp" 2113
"../../../Engine/Content/EngineMaterials/DefaultPostProcessMaterial.uasset" 2114
"../../../Engine/Content/EngineMaterials/DefaultPostProcessMaterial.uexp" 2115
"../../../Engine/Content/EngineMaterials/DefaultLightFunctionMaterial.uasset" 2116
"../../../Engine/Content/EngineMaterials/DefaultLightFunctionMaterial.uexp" 2117
"../../../Engine/Content/EngineMaterials/DefaultDeferredDecalMaterial.uasset" 2118
"../../../Engine/Content/EngineMaterials/DefaultDeferredDecalMaterial.uexp" 2119
"../../../Engine/Content/Functions/Engine_MaterialFunctions02/Utility/CameraDirectionVector.uasset" 2120
"../../../Engine/Content/Functions/Engine_MaterialFunctions02/Utility/CameraDirectionVector.uexp" 2121
"../../../Engine/Content/EngineDebugMaterials/VolumeToRender.uasset" 2122
"../../../Engine/Content/EngineDebugMaterials/VolumeToRender.uexp" 2123
"../../../Engine/Content/EngineDebugMaterials/M_VolumeRenderSphereTracePP.uasset" 2124
"../../../Engine/Content/EngineDebugMaterials/M_VolumeRenderSphereTracePP.uexp" 2125
"../../../Engine/Content/EngineDebugMaterials/M_SimpleUnlitTranslucent.uasset" 2126
"../../../Engine/Content/EngineDebugMaterials/M_SimpleUnlitTranslucent.uexp" 2127
"../../../Engine/Content/EngineDebugMaterials/DebugMeshMaterial.uasset" 2128
"../../../Engine/Content/EngineDebugMaterials/DebugMeshMaterial.uexp" 2129
"../../../Engine/Content/EngineDebugMaterials/DebugEditorMaterial.uasset" 2130
"../../../Engine/Content/EngineDebugMaterials/DebugEditorMaterial.uexp" 2131
"../../../Engine/Content/EditorMaterials/PreviewShadowIndicator.ubulk" 2132
"../../../Engine/Content/EditorMaterials/PreviewShadowIndicator.uasset" 2133
"../../../Engine/Content/EditorMaterials/PreviewShadowIndicator.uexp" 2134
"../../../Engine/Content/EditorMaterials/PreviewShadowIndicatorMaterial.uasset" 2135
"../../../Engine/Content/EditorMaterials/PreviewShadowIndicatorMaterial.uexp" 2136
"../../../Engine/Content/EditorMaterials/PhAT_UnselectedMaterial.uasset" 2137
"../../../Engine/Content/EditorMaterials/PhAT_UnselectedMaterial.uexp" 2138
"../../../Engine/Content/EditorMaterials/PhAT_NoCollisionMaterial.uasset" 2139
"../../../Engine/Content/EditorMaterials/PhAT_NoCollisionMaterial.uexp" 2140
"../../../Engine/Content/EditorLandscapeResources/SplineEditorMeshMat.uasset" 2141
"../../../Engine/Content/EditorLandscapeResources/SplineEditorMeshMat.uexp" 2142
"../../../Engine/Content/EditorLandscapeResources/SplineEditorMesh.ubulk" 2143
"../../../Engine/Content/EditorLandscapeResources/SplineEditorMesh.uasset" 2144
"../../../Engine/Content/EditorLandscapeResources/SplineEditorMesh.uexp" 2145
"../../../Engine/Content/EngineMaterials/DefaultMaterial.uasset" 2146
"../../../Engine/Content/EngineMaterials/DefaultMaterial.uexp" 2147
"../../../Engine/Content/BasicShapes/Sphere.ubulk" 2148
"../../../Engine/Content/BasicShapes/Sphere.uasset" 2149
"../../../Engine/Content/BasicShapes/Sphere.uexp" 2150
"../../../Engine/Content/BasicShapes/Cylinder.ubulk" 2151
"../../../Engine/Content/BasicShapes/Cylinder.uasset" 2152
"../../../Engine/Content/BasicShapes/Cylinder.uexp" 2153
"../../../Engine/Content/BasicShapes/Cube.ubulk" 2154
"../../../Engine/Content/BasicShapes/Cube.uasset" 2155
"../../../Engine/Content/BasicShapes/Cube.uexp" 2156
"../../../Engine/Content/BasicShapes/Cone.ubulk" 2157
"../../../Engine/Content/BasicShapes/Cone.uasset" 2158
"../../../Engine/Content/BasicShapes/Cone.uexp" 2159
"../../../Engine/Content/BasicShapes/BasicShapeMaterial.uasset" 2160
"../../../Engine/Content/BasicShapes/BasicShapeMaterial.uexp" 2161
"../../../Engine/Plugins/Interchange/Assets/Content/gltf/MaterialBodies/MF_Unlit_Body.uasset" 2162
"../../../Engine/Plugins/Interchange/Assets/Content/gltf/MaterialBodies/MF_Unlit_Body.uexp" 2163
"../../../Engine/Plugins/Interchange/Assets/Content/gltf/M_Unlit.uasset" 2164
"../../../Engine/Plugins/Interchange/Assets/Content/gltf/M_Unlit.uexp" 2165
"../../../Engine/Plugins/Interchange/Assets/Content/gltf/MaterialInstances/MI_Unlit_Opaque_DS.uasset" 2166
"../../../Engine/Plugins/Interchange/Assets/Content/gltf/MaterialInstances/MI_Unlit_Opaque_DS.uexp" 2167
"../../../Engine/Plugins/Interchange/Assets/Content/gltf/MaterialInstances/MI_Unlit_Opaque.uasset" 2168
"../../../Engine/Plugins/Interchange/Assets/Content/gltf/MaterialInstances/MI_Unlit_Opaque.uexp" 2169
"../../../Engine/Plugins/Interchange/Assets/Content/gltf/MaterialInstances/MI_Unlit_Mask_DS.uasset" 2170
"../../../Engine/Plugins/Interchange/Assets/Content/gltf/MaterialInstances/MI_Unlit_Mask_DS.uexp" 2171
"../../../Engine/Plugins/Interchange/Assets/Content/gltf/MaterialInstances/MI_Unlit_Mask.uasset" 2172
"../../../Engine/Plugins/Interchange/Assets/Content/gltf/MaterialInstances/MI_Unlit_Mask.uexp" 2173
"../../../Engine/Plugins/Interchange/Assets/Content/gltf/MaterialInstances/MI_Unlit_Blend_DS.uasset" 2174
"../../../Engine/Plugins/Interchange/Assets/Content/gltf/MaterialInstances/MI_Unlit_Blend_DS.uexp" 2175
"../../../Engine/Plugins/Interchange/Assets/Content/gltf/MaterialInstances/MI_Unlit_Blend.uasset" 2176
"../../../Engine/Plugins/Interchange/Assets/Content/gltf/MaterialInstances/MI_Unlit_Blend.uexp" 2177
"../../../Engine/Plugins/Interchange/Assets/Content/gltf/MaterialFunctions/MF_Temporal_Blur.uasset" 2178
"../../../Engine/Plugins/Interchange/Assets/Content/gltf/MaterialFunctions/MF_Temporal_Blur.uexp" 2179
"../../../Engine/Plugins/Interchange/Assets/Content/gltf/MaterialFunctions/MF_Fresnel_DS.uasset" 2180
"../../../Engine/Plugins/Interchange/Assets/Content/gltf/MaterialFunctions/MF_Fresnel_DS.uexp" 2181
"../../../Engine/Plugins/Interchange/Assets/Content/gltf/MaterialFunctions/MF_Transmission.uasset" 2182
"../../../Engine/Plugins/Interchange/Assets/Content/gltf/MaterialFunctions/MF_Transmission.uexp" 2183
"../../../Engine/Plugins/Interchange/Assets/Content/gltf/MaterialBodies/MF_Transmission_Body.uasset" 2184
"../../../Engine/Plugins/Interchange/Assets/Content/gltf/MaterialBodies/MF_Transmission_Body.uexp" 2185
"../../../Engine/Plugins/Interchange/Assets/Content/gltf/M_Transmission.uasset" 2186
"../../../Engine/Plugins/Interchange/Assets/Content/gltf/M_Transmission.uexp" 2187
"../../../Engine/Plugins/Interchange/Assets/Content/gltf/MaterialInstances/MI_Transmission.uasset" 2188
"../../../Engine/Plugins/Interchange/Assets/Content/gltf/MaterialInstances/MI_Transmission.uexp" 2189
"../../../Engine/Content/Functions/Engine_MaterialFunctions02/Math/AddComponents.uasset" 2190
"../../../Engine/Content/Functions/Engine_MaterialFunctions02/Math/AddComponents.uexp" 2191
"../../../Engine/Plugins/Interchange/Assets/Content/gltf/MaterialFunctions/MF_DiffuseSpecGloss.uasset" 2192
"../../../Engine/Plugins/Interchange/Assets/Content/gltf/MaterialFunctions/MF_DiffuseSpecGloss.uexp" 2193
"../../../Engine/Plugins/Interchange/Assets/Content/gltf/MaterialFunctions/MF_PerceivedBrightness.uasset" 2194
"../../../Engine/Plugins/Interchange/Assets/Content/gltf/MaterialFunctions/MF_PerceivedBrightness.uexp" 2195
"../../../Engine/Plugins/Interchange/Assets/Content/gltf/MaterialFunctions/MF_SpecGlossToMetalRoughness.uasset" 2196
"../../../Engine/Plugins/Interchange/Assets/Content/gltf/MaterialFunctions/MF_SpecGlossToMetalRoughness.uexp" 2197
"../../../Engine/Plugins/Interchange/Assets/Content/gltf/MaterialFunctions/MF_MaxComponentValue.uasset" 2198
"../../../Engine/Plugins/Interchange/Assets/Content/gltf/MaterialFunctions/MF_MaxComponentValue.uexp" 2199
"../../../Engine/Plugins/Interchange/Assets/Content/gltf/MaterialBodies/MF_SpecularGlossiness_Body.uasset" 2200
"../../../Engine/Plugins/Interchange/Assets/Content/gltf/MaterialBodies/MF_SpecularGlossiness_Body.uexp" 2201
"../../../Engine/Plugins/Interchange/Assets/Content/gltf/M_SpecularGlossiness.uasset" 2202
"../../../Engine/Plugins/Interchange/Assets/Content/gltf/M_SpecularGlossiness.uexp" 2203
"../../../Engine/Plugins/Interchange/Assets/Content/gltf/MaterialInstances/MI_SpecularGlossiness_Opaque_DS.uasset" 2204
"../../../Engine/Plugins/Interchange/Assets/Content/gltf/MaterialInstances/MI_SpecularGlossiness_Opaque_DS.uexp" 2205
"../../../Engine/Plugins/Interchange/Assets/Content/gltf/MaterialInstances/MI_SpecularGlossiness_Opaque.uasset" 2206
"../../../Engine/Plugins/Interchange/Assets/Content/gltf/MaterialInstances/MI_SpecularGlossiness_Opaque.uexp" 2207
"../../../Engine/Plugins/Interchange/Assets/Content/gltf/MaterialInstances/MI_SpecularGlossiness_Mask_DS.uasset" 2208
"../../../Engine/Plugins/Interchange/Assets/Content/gltf/MaterialInstances/MI_SpecularGlossiness_Mask_DS.uexp" 2209
"../../../Engine/Plugins/Interchange/Assets/Content/gltf/MaterialInstances/MI_SpecularGlossiness_Mask.uasset" 2210
"../../../Engine/Plugins/Interchange/Assets/Content/gltf/MaterialInstances/MI_SpecularGlossiness_Mask.uexp" 2211
"../../../Engine/Plugins/Interchange/Assets/Content/gltf/MaterialInstances/MI_SpecularGlossiness_Blend_DS.uasset" 2212
"../../../Engine/Plugins/Interchange/Assets/Content/gltf/MaterialInstances/MI_SpecularGlossiness_Blend_DS.uexp" 2213
"../../../Engine/Plugins/Interchange/Assets/Content/gltf/MaterialInstances/MI_SpecularGlossiness_Blend.uasset" 2214
"../../../Engine/Plugins/Interchange/Assets/Content/gltf/MaterialInstances/MI_SpecularGlossiness_Blend.uexp" 2215
"../../../Engine/Plugins/Interchange/Assets/Content/gltf/MaterialFunctions/MF_Sheen.uasset" 2216
"../../../Engine/Plugins/Interchange/Assets/Content/gltf/MaterialFunctions/MF_Sheen.uexp" 2217
"../../../Engine/Plugins/Interchange/Assets/Content/gltf/MaterialBodies/MF_Sheen_Body.uasset" 2218
"../../../Engine/Plugins/Interchange/Assets/Content/gltf/MaterialBodies/MF_Sheen_Body.uexp" 2219
"../../../Engine/Plugins/Interchange/Assets/Content/gltf/M_Sheen.uasset" 2220
"../../../Engine/Plugins/Interchange/Assets/Content/gltf/M_Sheen.uexp" 2221
"../../../Engine/Plugins/Interchange/Assets/Content/gltf/MaterialInstances/MI_Sheen_Opaque_DS.uasset" 2222
"../../../Engine/Plugins/Interchange/Assets/Content/gltf/MaterialInstances/MI_Sheen_Opaque_DS.uexp" 2223
"../../../Engine/Plugins/Interchange/Assets/Content/gltf/MaterialInstances/MI_Sheen_Opaque.uasset" 2224
"../../../Engine/Plugins/Interchange/Assets/Content/gltf/MaterialInstances/MI_Sheen_Opaque.uexp" 2225
"../../../Engine/Plugins/Interchange/Assets/Content/gltf/MaterialInstances/MI_Sheen_Mask_DS.uasset" 2226
"../../../Engine/Plugins/Interchange/Assets/Content/gltf/MaterialInstances/MI_Sheen_Mask_DS.uexp" 2227
"../../../Engine/Plugins/Interchange/Assets/Content/gltf/MaterialInstances/MI_Sheen_Mask.uasset" 2228
"../../../Engine/Plugins/Interchange/Assets/Content/gltf/MaterialInstances/MI_Sheen_Mask.uexp" 2229
"../../../Engine/Plugins/Interchange/Assets/Content/gltf/MaterialInstances/MI_Sheen_Blend_DS.uasset" 2230
"../../../Engine/Plugins/Interchange/Assets/Content/gltf/MaterialInstances/MI_Sheen_Blend_DS.uexp" 2231
"../../../Engine/Plugins/Interchange/Assets/Content/gltf/MaterialInstances/MI_Sheen_Blend.uasset" 2232
"../../../Engine/Plugins/Interchange/Assets/Content/gltf/MaterialInstances/MI_Sheen_Blend.uexp" 2233
"../../../Engine/Plugins/Interchange/Assets/Content/gltf/MaterialInstances/MI_Default_Opaque.uasset" 2234
"../../../Engine/Plugins/Interchange/Assets/Content/gltf/MaterialInstances/MI_Default_Opaque.uexp" 2235
"../../../Engine/Plugins/Interchange/Assets/Content/gltf/MaterialInstances/MI_Default_Mask_DS.uasset" 2236
"../../../Engine/Plugins/Interchange/Assets/Content/gltf/MaterialInstances/MI_Default_Mask_DS.uexp" 2237
"../../../Engine/Plugins/Interchange/Assets/Content/gltf/MaterialInstances/MI_Default_Mask.uasset" 2238
"../../../Engine/Plugins/Interchange/Assets/Content/gltf/MaterialInstances/MI_Default_Mask.uexp" 2239
"../../../Engine/Plugins/Interchange/Assets/Content/gltf/MaterialInstances/MI_Default_Blend_DS.uasset" 2240
"../../../Engine/Plugins/Interchange/Assets/Content/gltf/MaterialInstances/MI_Default_Blend_DS.uexp" 2241
"../../../Engine/Plugins/Interchange/Assets/Content/gltf/MaterialInstances/MI_Default_Blend.uasset" 2242
"../../../Engine/Plugins/Interchange/Assets/Content/gltf/MaterialInstances/MI_Default_Blend.uexp" 2243
"../../../Engine/Plugins/Interchange/Assets/Content/gltf/MaterialFunctions/MF_Clearcoat.uasset" 2244
"../../../Engine/Plugins/Interchange/Assets/Content/gltf/MaterialFunctions/MF_Clearcoat.uexp" 2245
"../../../Engine/Plugins/Interchange/Assets/Content/gltf/MaterialBodies/MF_ClearCoat_Body.uasset" 2246
"../../../Engine/Plugins/Interchange/Assets/Content/gltf/MaterialBodies/MF_ClearCoat_Body.uexp" 2247
"../../../Engine/Plugins/Interchange/Assets/Content/gltf/M_ClearCoat.uasset" 2248
"../../../Engine/Plugins/Interchange/Assets/Content/gltf/M_ClearCoat.uexp" 2249
"../../../Engine/Plugins/Interchange/Assets/Content/gltf/MaterialInstances/MI_ClearCoat_Opaque_DS.uasset" 2250
"../../../Engine/Plugins/Interchange/Assets/Content/gltf/MaterialInstances/MI_ClearCoat_Opaque_DS.uexp" 2251
"../../../Engine/Plugins/Interchange/Assets/Content/gltf/MaterialInstances/MI_ClearCoat_Opaque.uasset" 2252
"../../../Engine/Plugins/Interchange/Assets/Content/gltf/MaterialInstances/MI_ClearCoat_Opaque.uexp" 2253
"../../../Engine/Plugins/Interchange/Assets/Content/gltf/MaterialInstances/MI_ClearCoat_Mask_DS.uasset" 2254
"../../../Engine/Plugins/Interchange/Assets/Content/gltf/MaterialInstances/MI_ClearCoat_Mask_DS.uexp" 2255
"../../../Engine/Plugins/Interchange/Assets/Content/gltf/MaterialInstances/MI_ClearCoat_Mask.uasset" 2256
"../../../Engine/Plugins/Interchange/Assets/Content/gltf/MaterialInstances/MI_ClearCoat_Mask.uexp" 2257
"../../../Engine/Plugins/Interchange/Assets/Content/gltf/MaterialInstances/MI_ClearCoat_Blend_DS.uasset" 2258
"../../../Engine/Plugins/Interchange/Assets/Content/gltf/MaterialInstances/MI_ClearCoat_Blend_DS.uexp" 2259
"../../../Engine/Plugins/Interchange/Assets/Content/gltf/MaterialInstances/MI_ClearCoat_Blend.uasset" 2260
"../../../Engine/Plugins/Interchange/Assets/Content/gltf/MaterialInstances/MI_ClearCoat_Blend.uexp" 2261
"../../../Engine/Content/VREditor/TransformGizmo/Main.uasset" 2262
"../../../Engine/Content/VREditor/TransformGizmo/Main.uexp" 2263
"../../../Engine/Content/VREditor/TransformGizmo/Xray.uasset" 2264
"../../../Engine/Content/VREditor/TransformGizmo/Xray.uexp" 2265
"../../../Engine/Content/VREditor/TransformGizmo/SM_Sequencer_Node.ubulk" 2266
"../../../Engine/Content/VREditor/TransformGizmo/SM_Sequencer_Node.uasset" 2267
"../../../Engine/Content/VREditor/TransformGizmo/SM_Sequencer_Node.uexp" 2268
"../../../Engine/Content/VREditor/LaserPointer/VR_LaserPower_01.ubulk" 2269
"../../../Engine/Content/VREditor/LaserPointer/VR_LaserPower_01.uasset" 2270
"../../../Engine/Content/VREditor/LaserPointer/VR_LaserPower_01.uexp" 2271
"../../../Engine/Content/VREditor/TransformGizmo/TransformGizmoMaterial.uasset" 2272
"../../../Engine/Content/VREditor/TransformGizmo/TransformGizmoMaterial.uexp" 2273
"../../../Engine/Content/VREditor/TransformGizmo/TranslucentTransformGizmoMaterial.uasset" 2274
"../../../Engine/Content/VREditor/TransformGizmo/TranslucentTransformGizmoMaterial.uexp" 2275
"../../../Engine/Content/VREditor/TransformGizmo/BoundingBoxEdge.ubulk" 2276
"../../../Engine/Content/VREditor/TransformGizmo/BoundingBoxEdge.uasset" 2277
"../../../Engine/Content/VREditor/TransformGizmo/BoundingBoxEdge.uexp" 2278
"../../../Engine/Content/VREditor/TransformGizmo/BoundingBoxCorner.ubulk" 2279
"../../../Engine/Content/VREditor/TransformGizmo/BoundingBoxCorner.uasset" 2280
"../../../Engine/Content/VREditor/TransformGizmo/BoundingBoxCorner.uexp" 2281
"../../../Engine/Content/EngineSky/VolumetricClouds/T_CloudMask.ubulk" 2282
"../../../Engine/Content/EngineSky/VolumetricClouds/T_CloudMask.uasset" 2283
"../../../Engine/Content/EngineSky/VolumetricClouds/T_CloudMask.uexp" 2284
"../../../Engine/Content/EngineSky/VolumetricClouds/VT_Lightning.uasset" 2285
"../../../Engine/Content/EngineSky/VolumetricClouds/VT_Lightning.uexp" 2286
"../../../Engine/Content/EngineSky/VolumetricClouds/T_Profile_08.ubulk" 2287
"../../../Engine/Content/EngineSky/VolumetricClouds/T_Profile_08.uasset" 2288
"../../../Engine/Content/EngineSky/VolumetricClouds/T_Profile_08.uexp" 2289
"../../../Engine/Content/Functions/Engine_MaterialFunctions02/Utility/MakeFloat4.uasset" 2290
"../../../Engine/Content/Functions/Engine_MaterialFunctions02/Utility/MakeFloat4.uexp" 2291
"../../../Engine/Content/Functions/Engine_MaterialFunctions01/Units/Km-to-Cm.uasset" 2292
"../../../Engine/Content/Functions/Engine_MaterialFunctions01/Units/Km-to-Cm.uexp" 2293
"../../../Engine/Content/Functions/Engine_MaterialFunctions02/Utility/BreakOutFloat4Components.uasset" 2294
"../../../Engine/Content/Functions/Engine_MaterialFunctions02/Utility/BreakOutFloat4Components.uexp" 2295
"../../../Engine/Content/EngineSky/VolumetricClouds/T_CloudPattern.ubulk" 2296
"../../../Engine/Content/EngineSky/VolumetricClouds/T_CloudPattern.uasset" 2297
"../../../Engine/Content/EngineSky/VolumetricClouds/T_CloudPattern.uexp" 2298
"../../../Engine/Content/EngineSky/VolumetricClouds/VT_PerlinWorley_Balanced.uasset" 2299
"../../../Engine/Content/EngineSky/VolumetricClouds/VT_PerlinWorley_Balanced.uexp" 2300
"../../../Engine/Content/EngineSky/VolumetricClouds/m_SimpleVolumetricCloud.uasset" 2301
"../../../Engine/Content/EngineSky/VolumetricClouds/m_SimpleVolumetricCloud.uexp" 2302
"../../../Engine/Content/EngineSky/VolumetricClouds/m_SimpleVolumetricCloud_Inst.uasset" 2303
"../../../Engine/Content/EngineSky/VolumetricClouds/m_SimpleVolumetricCloud_Inst.uexp" 2304
"../../../Engine/Content/EditorMaterials/Camera/CineMat.uasset" 2305
"../../../Engine/Content/EditorMaterials/Camera/CineMat.uexp" 2306
"../../../Engine/Content/EditorMaterials/Camera/MI_CineMat_Rig.uasset" 2307
"../../../Engine/Content/EditorMaterials/Camera/MI_CineMat_Rig.uexp" 2308
"../../../Engine/Content/EditorMeshes/Camera/SM_RailRig_Track.ubulk" 2309
"../../../Engine/Content/EditorMeshes/Camera/SM_RailRig_Track.uasset" 2310
"../../../Engine/Content/EditorMeshes/Camera/SM_RailRig_Track.uexp" 2311
"../../../Engine/Content/EditorMeshes/Camera/SM_RailRig_Mount.ubulk" 2312
"../../../Engine/Content/EditorMeshes/Camera/SM_RailRig_Mount.uasset" 2313
"../../../Engine/Content/EditorMeshes/Camera/SM_RailRig_Mount.uexp" 2314
"../../../Engine/Content/EditorMeshes/Camera/SM_CraneRig_Mount.ubulk" 2315
"../../../Engine/Content/EditorMeshes/Camera/SM_CraneRig_Mount.uasset" 2316
"../../../Engine/Content/EditorMeshes/Camera/SM_CraneRig_Mount.uexp" 2317
"../../../Engine/Content/EditorMeshes/Camera/SM_CraneRig_Body.ubulk" 2318
"../../../Engine/Content/EditorMeshes/Camera/SM_CraneRig_Body.uasset" 2319
"../../../Engine/Content/EditorMeshes/Camera/SM_CraneRig_Body.uexp" 2320
"../../../Engine/Content/EditorMeshes/Camera/SM_CraneRig_Base.ubulk" 2321
"../../../Engine/Content/EditorMeshes/Camera/SM_CraneRig_Base.uasset" 2322
"../../../Engine/Content/EditorMeshes/Camera/SM_CraneRig_Base.uexp" 2323
"../../../Engine/Content/EditorMeshes/Camera/SM_CraneRig_Arm.ubulk" 2324
"../../../Engine/Content/EditorMeshes/Camera/SM_CraneRig_Arm.uasset" 2325
"../../../Engine/Content/EditorMeshes/Camera/SM_CraneRig_Arm.uexp" 2326
"../../../Engine/Content/EditorMaterials/Dataflow/DataflowVertexMaterial.uasset" 2327
"../../../Engine/Content/EditorMaterials/Dataflow/DataflowVertexMaterial.uexp" 2328
"../../../Engine/Content/EditorMaterials/Dataflow/DataflowTwoSidedVertexMaterial.uasset" 2329
"../../../Engine/Content/EditorMaterials/Dataflow/DataflowTwoSidedVertexMaterial.uexp" 2330
"../../../Engine/Content/Functions/Engine_MaterialFunctions01/Shading/PowerToRoughness.uasset" 2331
"../../../Engine/Content/Functions/Engine_MaterialFunctions01/Shading/PowerToRoughness.uexp" 2332
"../../../Engine/Content/Functions/Engine_MaterialFunctions01/Shading/ConvertFromDiffSpec.uasset" 2333
"../../../Engine/Content/Functions/Engine_MaterialFunctions01/Shading/ConvertFromDiffSpec.uexp" 2334
"../../../Engine/Content/EngineMaterials/Substrate/Volume/SubstrateSimpleVolumeLUT3D.uasset" 2335
"../../../Engine/Content/EngineMaterials/Substrate/Volume/SubstrateSimpleVolumeLUT3D.uexp" 2336
"../../../Engine/Content/EngineMaterials/Substrate/Volume/SubstrateSimpleVolumeEnvLUT3D.uasset" 2337
"../../../Engine/Content/EngineMaterials/Substrate/Volume/SubstrateSimpleVolumeEnvLUT3D.uexp" 2338
"../../../Engine/Content/EngineMaterials/Substrate/GLints2/AGlintTex2dArray2.uasset" 2339
"../../../Engine/Content/EngineMaterials/Substrate/GLints2/AGlintTex2dArray2.uexp" 2340
"../../../Engine/Content/EngineMaterials/Substrate/GLints/AGlintTex2dArray.uasset" 2341
"../../../Engine/Content/EngineMaterials/Substrate/GLints/AGlintTex2dArray.uexp" 2342
"../../../Engine/Content/ArtTools/RenderToTexture/Meshes/S_1_Unit_Plane.ubulk" 2343
"../../../Engine/Content/ArtTools/RenderToTexture/Meshes/S_1_Unit_Plane.uasset" 2344
"../../../Engine/Content/ArtTools/RenderToTexture/Meshes/S_1_Unit_Plane.uexp" 2345
"D:/work/project/portpolio/project-ARPG/ARPG_Hunter/Content/02-BP/Monster/AI/BB_BossMonster.uasset" 2346
"D:/work/project/portpolio/project-ARPG/ARPG_Hunter/Content/02-BP/Monster/AI/BB_BossMonster.uexp" 2347
"../../../Engine/Plugins/NNE/NNEDenoiser/Content/NNE_oidn2-3-0_rt_hdr_calb_cnrm_large__dyn__fp16_opset11_ForwardAlpha.uasset" 2348
"../../../Engine/Plugins/NNE/NNEDenoiser/Content/NNE_oidn2-3-0_rt_hdr_calb_cnrm_large__dyn__fp16_opset11_ForwardAlpha.uexp" 2349
"../../../Engine/Plugins/NNE/NNEDenoiser/Content/NNE_oidn2-3-0_rt_hdr_calb_cnrm_large__dyn__fp16_opset11_DenoiseAlpha.uasset" 2350
"../../../Engine/Plugins/NNE/NNEDenoiser/Content/NNE_oidn2-3-0_rt_hdr_calb_cnrm_large__dyn__fp16_opset11_DenoiseAlpha.uexp" 2351
"../../../Engine/Plugins/NNE/NNEDenoiser/Content/NNE_oidn2-3-0_rt_hdr_alb_nrm__dyn__fp16_opset11_ForwardAlpha.uasset" 2352
"../../../Engine/Plugins/NNE/NNEDenoiser/Content/NNE_oidn2-3-0_rt_hdr_alb_nrm__dyn__fp16_opset11_ForwardAlpha.uexp" 2353
"../../../Engine/Plugins/NNE/NNEDenoiser/Content/NNE_oidn2-3-0_rt_hdr_alb_nrm__dyn__fp16_opset11_DenoiseAlpha.uasset" 2354
"../../../Engine/Plugins/NNE/NNEDenoiser/Content/NNE_oidn2-3-0_rt_hdr_alb_nrm__dyn__fp16_opset11_DenoiseAlpha.uexp" 2355
"../../../Engine/Plugins/NNE/NNEDenoiser/Content/NNE_oidn2-3-0_rt_hdr_alb_nrm_small__dyn__fp16_opset11_ForwardAlpha.uasset" 2356
"../../../Engine/Plugins/NNE/NNEDenoiser/Content/NNE_oidn2-3-0_rt_hdr_alb_nrm_small__dyn__fp16_opset11_ForwardAlpha.uexp" 2357
"../../../Engine/Plugins/NNE/NNEDenoiser/Content/NNE_oidn2-3-0_rt_hdr_alb_nrm_small__dyn__fp16_opset11_DenoiseAlpha.uasset" 2358
"../../../Engine/Plugins/NNE/NNEDenoiser/Content/NNE_oidn2-3-0_rt_hdr_alb_nrm_small__dyn__fp16_opset11_DenoiseAlpha.uexp" 2359
"D:/work/project/portpolio/project-ARPG/ARPG_Hunter/Content/99-Asset/UI/Icon/Logo.uasset" 2360
"D:/work/project/portpolio/project-ARPG/ARPG_Hunter/Content/99-Asset/UI/Icon/Logo.uexp" 2361
"D:/work/project/portpolio/project-ARPG/ARPG_Hunter/Content/99-Asset/Font/NotoSansKR-Regular.uexp" 2362
"D:/work/project/portpolio/project-ARPG/ARPG_Hunter/Content/99-Asset/Font/NotoSansKR-Regular.uasset" 2363
"D:/work/project/portpolio/project-ARPG/ARPG_Hunter/Content/99-Asset/Font/NotoSansKR-Regular.ufont" 2364
"D:/work/project/portpolio/project-ARPG/ARPG_Hunter/Content/99-Asset/Font/NotoSansKR-Regular_Font.uasset" 2365
"D:/work/project/portpolio/project-ARPG/ARPG_Hunter/Content/99-Asset/Font/NotoSansKR-Regular_Font.uexp" 2366
"D:/work/project/portpolio/project-ARPG/ARPG_Hunter/Content/99-Asset/UI/Button_1.uasset" 2367
"D:/work/project/portpolio/project-ARPG/ARPG_Hunter/Content/99-Asset/UI/Button_1.uexp" 2368
"D:/work/project/portpolio/project-ARPG/ARPG_Hunter/Content/99-Asset/Font/NotoSansKR-Light.uexp" 2369
"D:/work/project/portpolio/project-ARPG/ARPG_Hunter/Content/99-Asset/Font/NotoSansKR-Light.uasset" 2370
"D:/work/project/portpolio/project-ARPG/ARPG_Hunter/Content/99-Asset/Font/NotoSansKR-Light.ufont" 2371
"D:/work/project/portpolio/project-ARPG/ARPG_Hunter/Content/99-Asset/Font/NotoSansKR-Light_Font.uasset" 2372
"D:/work/project/portpolio/project-ARPG/ARPG_Hunter/Content/99-Asset/Font/NotoSansKR-Light_Font.uexp" 2373
"D:/work/project/portpolio/project-ARPG/ARPG_Hunter/Content/99-Asset/Font/NotoSansKR-ExtraBold.uexp" 2374
"D:/work/project/portpolio/project-ARPG/ARPG_Hunter/Content/99-Asset/Font/NotoSansKR-ExtraBold.uasset" 2375
"D:/work/project/portpolio/project-ARPG/ARPG_Hunter/Content/99-Asset/Font/NotoSansKR-ExtraBold.ufont" 2376
"D:/work/project/portpolio/project-ARPG/ARPG_Hunter/Content/99-Asset/Font/NotoSansKR-ExtraBold_Font.uasset" 2377
"D:/work/project/portpolio/project-ARPG/ARPG_Hunter/Content/99-Asset/Font/NotoSansKR-ExtraBold_Font.uexp" 2378
"D:/work/project/portpolio/project-ARPG/ARPG_Hunter/Content/99-Asset/UI/BG/BG_Title.uasset" 2379
"D:/work/project/portpolio/project-ARPG/ARPG_Hunter/Content/99-Asset/UI/BG/BG_Title.uexp" 2380
"D:/work/project/portpolio/project-ARPG/ARPG_Hunter/Content/06-UI/WBP_Title.uasset" 2381
"D:/work/project/portpolio/project-ARPG/ARPG_Hunter/Content/06-UI/WBP_Title.uexp" 2382
"D:/work/project/portpolio/project-ARPG/ARPG_Hunter/Content/99-Asset/UI/Button_2.uasset" 2383
"D:/work/project/portpolio/project-ARPG/ARPG_Hunter/Content/99-Asset/UI/Button_2.uexp" 2384
"D:/work/project/portpolio/project-ARPG/ARPG_Hunter/Content/06-UI/WBP_StageSlot.uasset" 2385
"D:/work/project/portpolio/project-ARPG/ARPG_Hunter/Content/06-UI/WBP_StageSlot.uexp" 2386
"D:/work/project/portpolio/project-ARPG/ARPG_Hunter/Content/99-Asset/UI/Panel_1.ubulk" 2387
"D:/work/project/portpolio/project-ARPG/ARPG_Hunter/Content/99-Asset/UI/Panel_1.uasset" 2388
"D:/work/project/portpolio/project-ARPG/ARPG_Hunter/Content/99-Asset/UI/Panel_1.uexp" 2389
"D:/work/project/portpolio/project-ARPG/ARPG_Hunter/Content/99-Asset/UI/Stage/Stage_Background.uasset" 2390
"D:/work/project/portpolio/project-ARPG/ARPG_Hunter/Content/99-Asset/UI/Stage/Stage_Background.uexp" 2391
"D:/work/project/portpolio/project-ARPG/ARPG_Hunter/Content/99-Asset/UI/Wide_Panel_1.uasset" 2392
"D:/work/project/portpolio/project-ARPG/ARPG_Hunter/Content/99-Asset/UI/Wide_Panel_1.uexp" 2393
"D:/work/project/portpolio/project-ARPG/ARPG_Hunter/Content/99-Asset/UI/Slot2_Equipped.uasset" 2394
"D:/work/project/portpolio/project-ARPG/ARPG_Hunter/Content/99-Asset/UI/Slot2_Equipped.uexp" 2395
"D:/work/project/portpolio/project-ARPG/ARPG_Hunter/Content/99-Asset/UI/Slot2_Selected.ubulk" 2396
"D:/work/project/portpolio/project-ARPG/ARPG_Hunter/Content/99-Asset/UI/Slot2_Selected.uasset" 2397
"D:/work/project/portpolio/project-ARPG/ARPG_Hunter/Content/99-Asset/UI/Slot2_Selected.uexp" 2398
"D:/work/project/portpolio/project-ARPG/ARPG_Hunter/Content/99-Asset/UI/Slot2.ubulk" 2399
"D:/work/project/portpolio/project-ARPG/ARPG_Hunter/Content/99-Asset/UI/Slot2.uasset" 2400
"D:/work/project/portpolio/project-ARPG/ARPG_Hunter/Content/99-Asset/UI/Slot2.uexp" 2401
"D:/work/project/portpolio/project-ARPG/ARPG_Hunter/Content/06-UI/WBP_ItemSlot.uasset" 2402
"D:/work/project/portpolio/project-ARPG/ARPG_Hunter/Content/06-UI/WBP_ItemSlot.uexp" 2403
"D:/work/project/portpolio/project-ARPG/ARPG_Hunter/Content/99-Asset/UI/X.ubulk" 2404
"D:/work/project/portpolio/project-ARPG/ARPG_Hunter/Content/99-Asset/UI/X.uasset" 2405
"D:/work/project/portpolio/project-ARPG/ARPG_Hunter/Content/99-Asset/UI/X.uexp" 2406
"D:/work/project/portpolio/project-ARPG/ARPG_Hunter/Content/06-UI/WBP_StageSelect.uasset" 2407
"D:/work/project/portpolio/project-ARPG/ARPG_Hunter/Content/06-UI/WBP_StageSelect.uexp" 2408
"D:/work/project/portpolio/project-ARPG/ARPG_Hunter/Content/06-UI/WBP_StageResult.uasset" 2409
"D:/work/project/portpolio/project-ARPG/ARPG_Hunter/Content/06-UI/WBP_StageResult.uexp" 2410
"D:/work/project/portpolio/project-ARPG/ARPG_Hunter/Content/99-Asset/UI/Icon/SkillPointIcon.ubulk" 2411
"D:/work/project/portpolio/project-ARPG/ARPG_Hunter/Content/99-Asset/UI/Icon/SkillPointIcon.uasset" 2412
"D:/work/project/portpolio/project-ARPG/ARPG_Hunter/Content/99-Asset/UI/Icon/SkillPointIcon.uexp" 2413
"D:/work/project/portpolio/project-ARPG/ARPG_Hunter/Content/06-UI/WBP_SkillNodeLine.uasset" 2414
"D:/work/project/portpolio/project-ARPG/ARPG_Hunter/Content/06-UI/WBP_SkillNodeLine.uexp" 2415
"D:/work/project/portpolio/project-ARPG/ARPG_Hunter/Content/99-Asset/UI/ButtonFrame1_Selected2.uasset" 2416
"D:/work/project/portpolio/project-ARPG/ARPG_Hunter/Content/99-Asset/UI/ButtonFrame1_Selected2.uexp" 2417
"D:/work/project/portpolio/project-ARPG/ARPG_Hunter/Content/99-Asset/UI/ButtonFrame1_Selected.uasset" 2418
"D:/work/project/portpolio/project-ARPG/ARPG_Hunter/Content/99-Asset/UI/ButtonFrame1_Selected.uexp" 2419
"D:/work/project/portpolio/project-ARPG/ARPG_Hunter/Content/99-Asset/UI/ButtonFrame1.uasset" 2420
"D:/work/project/portpolio/project-ARPG/ARPG_Hunter/Content/99-Asset/UI/ButtonFrame1.uexp" 2421
"D:/work/project/portpolio/project-ARPG/ARPG_Hunter/Content/06-UI/WBP_SkillNode.uasset" 2422
"D:/work/project/portpolio/project-ARPG/ARPG_Hunter/Content/06-UI/WBP_SkillNode.uexp" 2423
"D:/work/project/portpolio/project-ARPG/ARPG_Hunter/Content/06-UI/WBP_SkillTree.uasset" 2424
"D:/work/project/portpolio/project-ARPG/ARPG_Hunter/Content/06-UI/WBP_SkillTree.uexp" 2425
"D:/work/project/portpolio/project-ARPG/ARPG_Hunter/Content/06-UI/WBP_IngredientSlotProduct.uasset" 2426
"D:/work/project/portpolio/project-ARPG/ARPG_Hunter/Content/06-UI/WBP_IngredientSlotProduct.uexp" 2427
"D:/work/project/portpolio/project-ARPG/ARPG_Hunter/Content/06-UI/WBP_SkillDevelop.uasset" 2428
"D:/work/project/portpolio/project-ARPG/ARPG_Hunter/Content/06-UI/WBP_SkillDevelop.uexp" 2429
"D:/work/project/portpolio/project-ARPG/ARPG_Hunter/Content/99-Asset/UI/White.ubulk" 2430
"D:/work/project/portpolio/project-ARPG/ARPG_Hunter/Content/99-Asset/UI/White.uasset" 2431
"D:/work/project/portpolio/project-ARPG/ARPG_Hunter/Content/99-Asset/UI/White.uexp" 2432
"D:/work/project/portpolio/project-ARPG/ARPG_Hunter/Content/99-Asset/UI/Button_Option.uasset" 2433
"D:/work/project/portpolio/project-ARPG/ARPG_Hunter/Content/99-Asset/UI/Button_Option.uexp" 2434
"D:/work/project/portpolio/project-ARPG/ARPG_Hunter/Content/06-UI/WBP_NpcDialogOption.uasset" 2435
"D:/work/project/portpolio/project-ARPG/ARPG_Hunter/Content/06-UI/WBP_NpcDialogOption.uexp" 2436
"D:/work/project/portpolio/project-ARPG/ARPG_Hunter/Content/06-UI/WBP_NpcDialog.uasset" 2437
"D:/work/project/portpolio/project-ARPG/ARPG_Hunter/Content/06-UI/WBP_NpcDialog.uexp" 2438
"D:/work/project/portpolio/project-ARPG/ARPG_Hunter/Content/99-Asset/UI/MonsterStatusBar_Deco.uasset" 2439
"D:/work/project/portpolio/project-ARPG/ARPG_Hunter/Content/99-Asset/UI/MonsterStatusBar_Deco.uexp" 2440
"D:/work/project/portpolio/project-ARPG/ARPG_Hunter/Content/06-UI/WBP_MonsterStatusBar.uasset" 2441
"D:/work/project/portpolio/project-ARPG/ARPG_Hunter/Content/06-UI/WBP_MonsterStatusBar.uexp" 2442
"D:/work/project/portpolio/project-ARPG/ARPG_Hunter/Content/06-UI/WBP_StatInfo.uasset" 2443
"D:/work/project/portpolio/project-ARPG/ARPG_Hunter/Content/06-UI/WBP_StatInfo.uexp" 2444
"D:/work/project/portpolio/project-ARPG/ARPG_Hunter/Content/06-UI/WBP_Maintenance.uasset" 2445
"D:/work/project/portpolio/project-ARPG/ARPG_Hunter/Content/06-UI/WBP_Maintenance.uexp" 2446
"D:/work/project/portpolio/project-ARPG/ARPG_Hunter/Content/99-Asset/UI/Icon/GoldIcon.ubulk" 2447
"D:/work/project/portpolio/project-ARPG/ARPG_Hunter/Content/99-Asset/UI/Icon/GoldIcon.uasset" 2448
"D:/work/project/portpolio/project-ARPG/ARPG_Hunter/Content/99-Asset/UI/Icon/GoldIcon.uexp" 2449
"D:/work/project/portpolio/project-ARPG/ARPG_Hunter/Content/06-UI/WBP_ItemCategoryElement.uasset" 2450
"D:/work/project/portpolio/project-ARPG/ARPG_Hunter/Content/06-UI/WBP_ItemCategoryElement.uexp" 2451
"D:/work/project/portpolio/project-ARPG/ARPG_Hunter/Content/06-UI/WBP_ItemCategory.uasset" 2452
"D:/work/project/portpolio/project-ARPG/ARPG_Hunter/Content/06-UI/WBP_ItemCategory.uexp" 2453
"D:/work/project/portpolio/project-ARPG/ARPG_Hunter/Content/06-UI/WBP_ItemDetail.uasset" 2454
"D:/work/project/portpolio/project-ARPG/ARPG_Hunter/Content/06-UI/WBP_ItemDetail.uexp" 2455
"D:/work/project/portpolio/project-ARPG/ARPG_Hunter/Content/06-UI/WBP_Inventory.uasset" 2456
"D:/work/project/portpolio/project-ARPG/ARPG_Hunter/Content/06-UI/WBP_Inventory.uexp" 2457
"D:/work/project/portpolio/project-ARPG/ARPG_Hunter/Content/99-Asset/EasyInputPrompts/GraphicContent/MouseAndKeyboard/T_Keyboard_F.uasset" 2458
"D:/work/project/portpolio/project-ARPG/ARPG_Hunter/Content/99-Asset/EasyInputPrompts/GraphicContent/MouseAndKeyboard/T_Keyboard_F.uexp" 2459
"D:/work/project/portpolio/project-ARPG/ARPG_Hunter/Content/06-UI/WBP_InteractIndicator.uasset" 2460
"D:/work/project/portpolio/project-ARPG/ARPG_Hunter/Content/06-UI/WBP_InteractIndicator.uexp" 2461
"D:/work/project/portpolio/project-ARPG/ARPG_Hunter/Content/99-Asset/EasyInputPrompts/GraphicContent/MouseAndKeyboard/T_Keyboard_SpaceBar.uasset" 2462
"D:/work/project/portpolio/project-ARPG/ARPG_Hunter/Content/99-Asset/EasyInputPrompts/GraphicContent/MouseAndKeyboard/T_Keyboard_SpaceBar.uexp" 2463
"D:/work/project/portpolio/project-ARPG/ARPG_Hunter/Content/99-Asset/EasyInputPrompts/GraphicContent/MouseAndKeyboard/T_Keyboard_D.uasset" 2464
"D:/work/project/portpolio/project-ARPG/ARPG_Hunter/Content/99-Asset/EasyInputPrompts/GraphicContent/MouseAndKeyboard/T_Keyboard_D.uexp" 2465
"D:/work/project/portpolio/project-ARPG/ARPG_Hunter/Content/99-Asset/EasyInputPrompts/GraphicContent/MouseAndKeyboard/T_Keyboard_R.uasset" 2466
"D:/work/project/portpolio/project-ARPG/ARPG_Hunter/Content/99-Asset/EasyInputPrompts/GraphicContent/MouseAndKeyboard/T_Keyboard_R.uexp" 2467
"D:/work/project/portpolio/project-ARPG/ARPG_Hunter/Content/99-Asset/EasyInputPrompts/GraphicContent/MouseAndKeyboard/T_Keyboard_LeftShift.uasset" 2468
"D:/work/project/portpolio/project-ARPG/ARPG_Hunter/Content/99-Asset/EasyInputPrompts/GraphicContent/MouseAndKeyboard/T_Keyboard_LeftShift.uexp" 2469
"D:/work/project/portpolio/project-ARPG/ARPG_Hunter/Content/99-Asset/EasyInputPrompts/GraphicContent/MouseAndKeyboard/T_Keyboard_RightMouseButton.uasset" 2470
"D:/work/project/portpolio/project-ARPG/ARPG_Hunter/Content/99-Asset/EasyInputPrompts/GraphicContent/MouseAndKeyboard/T_Keyboard_RightMouseButton.uexp" 2471
"D:/work/project/portpolio/project-ARPG/ARPG_Hunter/Content/99-Asset/EasyInputPrompts/GraphicContent/MouseAndKeyboard/T_Keyboard_MouseXY2D-Axis.uasset" 2472
"D:/work/project/portpolio/project-ARPG/ARPG_Hunter/Content/99-Asset/EasyInputPrompts/GraphicContent/MouseAndKeyboard/T_Keyboard_MouseXY2D-Axis.uexp" 2473
"D:/work/project/portpolio/project-ARPG/ARPG_Hunter/Content/99-Asset/UI/RoundDiamond.ubulk" 2474
"D:/work/project/portpolio/project-ARPG/ARPG_Hunter/Content/99-Asset/UI/RoundDiamond.uasset" 2475
"D:/work/project/portpolio/project-ARPG/ARPG_Hunter/Content/99-Asset/UI/RoundDiamond.uexp" 2476
"D:/work/project/portpolio/project-ARPG/ARPG_Hunter/Content/06-UI/WBP_PageElement.uasset" 2477
"D:/work/project/portpolio/project-ARPG/ARPG_Hunter/Content/06-UI/WBP_PageElement.uexp" 2478
"D:/work/project/portpolio/project-ARPG/ARPG_Hunter/Content/06-UI/WBP_PageCategory.uasset" 2479
"D:/work/project/portpolio/project-ARPG/ARPG_Hunter/Content/06-UI/WBP_PageCategory.uexp" 2480
"D:/work/project/portpolio/project-ARPG/ARPG_Hunter/Content/99-Asset/UI/InputImg/Mouse_WireFrame.ubulk" 2481
"D:/work/project/portpolio/project-ARPG/ARPG_Hunter/Content/99-Asset/UI/InputImg/Mouse_WireFrame.uasset" 2482
"D:/work/project/portpolio/project-ARPG/ARPG_Hunter/Content/99-Asset/UI/InputImg/Mouse_WireFrame.uexp" 2483
"D:/work/project/portpolio/project-ARPG/ARPG_Hunter/Content/99-Asset/EasyInputPrompts/GraphicContent/MouseAndKeyboard/T_Keyboard_W.uasset" 2484
"D:/work/project/portpolio/project-ARPG/ARPG_Hunter/Content/99-Asset/EasyInputPrompts/GraphicContent/MouseAndKeyboard/T_Keyboard_W.uexp" 2485
"D:/work/project/portpolio/project-ARPG/ARPG_Hunter/Content/99-Asset/EasyInputPrompts/GraphicContent/MouseAndKeyboard/T_Keyboard_S.uasset" 2486
"D:/work/project/portpolio/project-ARPG/ARPG_Hunter/Content/99-Asset/EasyInputPrompts/GraphicContent/MouseAndKeyboard/T_Keyboard_S.uexp" 2487
"D:/work/project/portpolio/project-ARPG/ARPG_Hunter/Content/99-Asset/EasyInputPrompts/GraphicContent/MouseAndKeyboard/T_Keyboard_1.uasset" 2488
"D:/work/project/portpolio/project-ARPG/ARPG_Hunter/Content/99-Asset/EasyInputPrompts/GraphicContent/MouseAndKeyboard/T_Keyboard_1.uexp" 2489
"D:/work/project/portpolio/project-ARPG/ARPG_Hunter/Content/99-Asset/EasyInputPrompts/GraphicContent/MouseAndKeyboard/T_Keyboard_2.uasset" 2490
"D:/work/project/portpolio/project-ARPG/ARPG_Hunter/Content/99-Asset/EasyInputPrompts/GraphicContent/MouseAndKeyboard/T_Keyboard_2.uexp" 2491
"D:/work/project/portpolio/project-ARPG/ARPG_Hunter/Content/99-Asset/EasyInputPrompts/GraphicContent/MouseAndKeyboard/T_Keyboard_3.uasset" 2492
"D:/work/project/portpolio/project-ARPG/ARPG_Hunter/Content/99-Asset/EasyInputPrompts/GraphicContent/MouseAndKeyboard/T_Keyboard_3.uexp" 2493
"D:/work/project/portpolio/project-ARPG/ARPG_Hunter/Content/99-Asset/EasyInputPrompts/GraphicContent/MouseAndKeyboard/T_Keyboard_4.uasset" 2494
"D:/work/project/portpolio/project-ARPG/ARPG_Hunter/Content/99-Asset/EasyInputPrompts/GraphicContent/MouseAndKeyboard/T_Keyboard_4.uexp" 2495
"D:/work/project/portpolio/project-ARPG/ARPG_Hunter/Content/99-Asset/EasyInputPrompts/GraphicContent/MouseAndKeyboard/T_Keyboard_I.uasset" 2496
"D:/work/project/portpolio/project-ARPG/ARPG_Hunter/Content/99-Asset/EasyInputPrompts/GraphicContent/MouseAndKeyboard/T_Keyboard_I.uexp" 2497
"D:/work/project/portpolio/project-ARPG/ARPG_Hunter/Content/99-Asset/EasyInputPrompts/GraphicContent/MouseAndKeyboard/T_Keyboard_Escape.uasset" 2498
"D:/work/project/portpolio/project-ARPG/ARPG_Hunter/Content/99-Asset/EasyInputPrompts/GraphicContent/MouseAndKeyboard/T_Keyboard_Escape.uexp" 2499
"D:/work/project/portpolio/project-ARPG/ARPG_Hunter/Content/99-Asset/UI/Arrow_Left.ubulk" 2500
"D:/work/project/portpolio/project-ARPG/ARPG_Hunter/Content/99-Asset/UI/Arrow_Left.uasset" 2501
"D:/work/project/portpolio/project-ARPG/ARPG_Hunter/Content/99-Asset/UI/Arrow_Left.uexp" 2502
"D:/work/project/portpolio/project-ARPG/ARPG_Hunter/Content/99-Asset/EasyInputPrompts/GraphicContent/MouseAndKeyboard/T_Keyboard_K.uasset" 2503
"D:/work/project/portpolio/project-ARPG/ARPG_Hunter/Content/99-Asset/EasyInputPrompts/GraphicContent/MouseAndKeyboard/T_Keyboard_K.uexp" 2504
"D:/work/project/portpolio/project-ARPG/ARPG_Hunter/Content/99-Asset/EasyInputPrompts/GraphicContent/MouseAndKeyboard/T_Keyboard_A.uasset" 2505
"D:/work/project/portpolio/project-ARPG/ARPG_Hunter/Content/99-Asset/EasyInputPrompts/GraphicContent/MouseAndKeyboard/T_Keyboard_A.uexp" 2506
"D:/work/project/portpolio/project-ARPG/ARPG_Hunter/Content/99-Asset/UI/Arrow_Right.ubulk" 2507
"D:/work/project/portpolio/project-ARPG/ARPG_Hunter/Content/99-Asset/UI/Arrow_Right.uasset" 2508
"D:/work/project/portpolio/project-ARPG/ARPG_Hunter/Content/99-Asset/UI/Arrow_Right.uexp" 2509
"D:/work/project/portpolio/project-ARPG/ARPG_Hunter/Content/99-Asset/EasyInputPrompts/GraphicContent/MouseAndKeyboard/T_Keyboard_Tab.uasset" 2510
"D:/work/project/portpolio/project-ARPG/ARPG_Hunter/Content/99-Asset/EasyInputPrompts/GraphicContent/MouseAndKeyboard/T_Keyboard_Tab.uexp" 2511
"D:/work/project/portpolio/project-ARPG/ARPG_Hunter/Content/99-Asset/EasyInputPrompts/GraphicContent/MouseAndKeyboard/T_Keyboard_LeftMouseButton.uasset" 2512
"D:/work/project/portpolio/project-ARPG/ARPG_Hunter/Content/99-Asset/EasyInputPrompts/GraphicContent/MouseAndKeyboard/T_Keyboard_LeftMouseButton.uexp" 2513
"D:/work/project/portpolio/project-ARPG/ARPG_Hunter/Content/99-Asset/EasyInputPrompts/GraphicContent/MouseAndKeyboard/T_Keyboard_F1.uasset" 2514
"D:/work/project/portpolio/project-ARPG/ARPG_Hunter/Content/99-Asset/EasyInputPrompts/GraphicContent/MouseAndKeyboard/T_Keyboard_F1.uexp" 2515
"D:/work/project/portpolio/project-ARPG/ARPG_Hunter/Content/99-Asset/UI/InputImg/Keyboard_WireFrame.ubulk" 2516
"D:/work/project/portpolio/project-ARPG/ARPG_Hunter/Content/99-Asset/UI/InputImg/Keyboard_WireFrame.uasset" 2517
"D:/work/project/portpolio/project-ARPG/ARPG_Hunter/Content/99-Asset/UI/InputImg/Keyboard_WireFrame.uexp" 2518
"D:/work/project/portpolio/project-ARPG/ARPG_Hunter/Content/06-UI/WBP_InputGuide.uasset" 2519
"D:/work/project/portpolio/project-ARPG/ARPG_Hunter/Content/06-UI/WBP_InputGuide.uexp" 2520
"D:/work/project/portpolio/project-ARPG/ARPG_Hunter/Content/06-UI/WBP_GameMenu.uasset" 2521
"D:/work/project/portpolio/project-ARPG/ARPG_Hunter/Content/06-UI/WBP_GameMenu.uexp" 2522
"D:/work/project/portpolio/project-ARPG/ARPG_Hunter/Content/06-UI/WBP_DamageFont.uasset" 2523
"D:/work/project/portpolio/project-ARPG/ARPG_Hunter/Content/06-UI/WBP_DamageFont.uexp" 2524
"D:/work/project/portpolio/project-ARPG/ARPG_Hunter/Content/06-UI/WBP_CutScene.uasset" 2525
"D:/work/project/portpolio/project-ARPG/ARPG_Hunter/Content/06-UI/WBP_CutScene.uexp" 2526
"D:/work/project/portpolio/project-ARPG/ARPG_Hunter/Content/99-Asset/UI/StatusBar/BossStaggerBar.uasset" 2527
"D:/work/project/portpolio/project-ARPG/ARPG_Hunter/Content/99-Asset/UI/StatusBar/BossStaggerBar.uexp" 2528
"D:/work/project/portpolio/project-ARPG/ARPG_Hunter/Content/99-Asset/UI/StatusBar/BossStatusBar.uasset" 2529
"D:/work/project/portpolio/project-ARPG/ARPG_Hunter/Content/99-Asset/UI/StatusBar/BossStatusBar.uexp" 2530
"D:/work/project/portpolio/project-ARPG/ARPG_Hunter/Content/06-UI/WBP_BossStatusBar.uasset" 2531
"D:/work/project/portpolio/project-ARPG/ARPG_Hunter/Content/06-UI/WBP_BossStatusBar.uexp" 2532
"D:/work/project/portpolio/project-ARPG/ARPG_Hunter/Content/04-Input/IA_Move.uasset" 2533
"D:/work/project/portpolio/project-ARPG/ARPG_Hunter/Content/04-Input/IA_Move.uexp" 2534
"D:/work/project/portpolio/project-ARPG/ARPG_Hunter/Content/04-Input/IA_Dodge.uasset" 2535
"D:/work/project/portpolio/project-ARPG/ARPG_Hunter/Content/04-Input/IA_Dodge.uexp" 2536
"D:/work/project/portpolio/project-ARPG/ARPG_Hunter/Content/04-Input/IA_Rotate.uasset" 2537
"D:/work/project/portpolio/project-ARPG/ARPG_Hunter/Content/04-Input/IA_Rotate.uexp" 2538
"D:/work/project/portpolio/project-ARPG/ARPG_Hunter/Content/04-Input/IA_QuickSlot.uasset" 2539
"D:/work/project/portpolio/project-ARPG/ARPG_Hunter/Content/04-Input/IA_QuickSlot.uexp" 2540
"D:/work/project/portpolio/project-ARPG/ARPG_Hunter/Content/04-Input/IA_Attack.uasset" 2541
"D:/work/project/portpolio/project-ARPG/ARPG_Hunter/Content/04-Input/IA_Attack.uexp" 2542
"D:/work/project/portpolio/project-ARPG/ARPG_Hunter/Content/04-Input/IA_Sprint.uasset" 2543
"D:/work/project/portpolio/project-ARPG/ARPG_Hunter/Content/04-Input/IA_Sprint.uexp" 2544
"D:/work/project/portpolio/project-ARPG/ARPG_Hunter/Content/04-Input/IA_ShortCut_I.uasset" 2545
"D:/work/project/portpolio/project-ARPG/ARPG_Hunter/Content/04-Input/IA_ShortCut_I.uexp" 2546
"D:/work/project/portpolio/project-ARPG/ARPG_Hunter/Content/04-Input/IA_ShortCut_ESC.uasset" 2547
"D:/work/project/portpolio/project-ARPG/ARPG_Hunter/Content/04-Input/IA_ShortCut_ESC.uexp" 2548
"D:/work/project/portpolio/project-ARPG/ARPG_Hunter/Content/04-Input/IA_ShortCut_F1.uasset" 2549
"D:/work/project/portpolio/project-ARPG/ARPG_Hunter/Content/04-Input/IA_ShortCut_F1.uexp" 2550
"D:/work/project/portpolio/project-ARPG/ARPG_Hunter/Content/04-Input/IA_ShortCut_TAB.uasset" 2551
"D:/work/project/portpolio/project-ARPG/ARPG_Hunter/Content/04-Input/IA_ShortCut_TAB.uexp" 2552
"D:/work/project/portpolio/project-ARPG/ARPG_Hunter/Content/04-Input/IA_ShortCut_K.uasset" 2553
"D:/work/project/portpolio/project-ARPG/ARPG_Hunter/Content/04-Input/IA_ShortCut_K.uexp" 2554
"D:/work/project/portpolio/project-ARPG/ARPG_Hunter/Content/04-Input/IA_Interact.uasset" 2555
"D:/work/project/portpolio/project-ARPG/ARPG_Hunter/Content/04-Input/IA_Interact.uexp" 2556
"D:/work/project/portpolio/project-ARPG/ARPG_Hunter/Content/04-Input/IMC_Player.uasset" 2557
"D:/work/project/portpolio/project-ARPG/ARPG_Hunter/Content/04-Input/IMC_Player.uexp" 2558
"../../../Engine/Plugins/FX/Niagara/Content/Enums/ENiagara_SubUVLookupModeV2.uasset" 2559
"../../../Engine/Plugins/FX/Niagara/Content/Enums/ENiagara_SubUVLookupModeV2.uexp" 2560
"D:/work/project/portpolio/project-ARPG/ARPG_Hunter/Content/99-Asset/VFX/Pack_Simple_Particle_Burst/00_Materials/00_MM_Deafult_Sprtie.uasset" 2561
"D:/work/project/portpolio/project-ARPG/ARPG_Hunter/Content/99-Asset/VFX/Pack_Simple_Particle_Burst/00_Materials/00_MM_Deafult_Sprtie.uexp" 2562
"../../../Engine/Plugins/FX/Niagara/Content/Enums/SpriteRenderer/ENiagara_FPSPlayrate.uasset" 2563
"../../../Engine/Plugins/FX/Niagara/Content/Enums/SpriteRenderer/ENiagara_FPSPlayrate.uexp" 2564
"../../../Engine/Plugins/FX/Niagara/Content/Enums/ENiagaraMeshOrSprite.uasset" 2565
"../../../Engine/Plugins/FX/Niagara/Content/Enums/ENiagaraMeshOrSprite.uexp" 2566
"../../../Engine/Plugins/FX/Niagara/Content/Enums/ENiagara_WrapClamp.uasset" 2567
"../../../Engine/Plugins/FX/Niagara/Content/Enums/ENiagara_WrapClamp.uexp" 2568
"../../../Engine/Plugins/FX/Niagara/Content/Enums/SpriteRenderer/ENiagara_AutomaticManual.uasset" 2569
"../../../Engine/Plugins/FX/Niagara/Content/Enums/SpriteRenderer/ENiagara_AutomaticManual.uexp" 2570
"../../../Engine/Plugins/FX/Niagara/Content/Enums/ENiagara_SubUVLookupMode.uasset" 2571
"../../../Engine/Plugins/FX/Niagara/Content/Enums/ENiagara_SubUVLookupMode.uexp" 2572
"D:/work/project/portpolio/project-ARPG/ARPG_Hunter/Content/99-Asset/VFX/Pack_Simple_Particle_Burst/03_Texture/T_Wispy_SmokeSubUv.ubulk" 2573
"D:/work/project/portpolio/project-ARPG/ARPG_Hunter/Content/99-Asset/VFX/Pack_Simple_Particle_Burst/03_Texture/T_Wispy_SmokeSubUv.uasset" 2574
"D:/work/project/portpolio/project-ARPG/ARPG_Hunter/Content/99-Asset/VFX/Pack_Simple_Particle_Burst/03_Texture/T_Wispy_SmokeSubUv.uexp" 2575
"D:/work/project/portpolio/project-ARPG/ARPG_Hunter/Content/99-Asset/VFX/Pack_Simple_Particle_Burst/00_Materials/01_MM_SmokeSubUV.uasset" 2576
"D:/work/project/portpolio/project-ARPG/ARPG_Hunter/Content/99-Asset/VFX/Pack_Simple_Particle_Burst/00_Materials/01_MM_SmokeSubUV.uexp" 2577
"D:/work/project/portpolio/project-ARPG/ARPG_Hunter/Content/99-Asset/VFX/Slash/Tex/hit_slash.ubulk" 2578
"D:/work/project/portpolio/project-ARPG/ARPG_Hunter/Content/99-Asset/VFX/Slash/Tex/hit_slash.uasset" 2579
"D:/work/project/portpolio/project-ARPG/ARPG_Hunter/Content/99-Asset/VFX/Slash/Tex/hit_slash.uexp" 2580
"D:/work/project/portpolio/project-ARPG/ARPG_Hunter/Content/99-Asset/VFX/Slash/MM_Slash.uasset" 2581
"D:/work/project/portpolio/project-ARPG/ARPG_Hunter/Content/99-Asset/VFX/Slash/MM_Slash.uexp" 2582
"D:/work/project/portpolio/project-ARPG/ARPG_Hunter/Content/99-Asset/VFX/Slash/NS_SlashHit.uasset" 2583
"D:/work/project/portpolio/project-ARPG/ARPG_Hunter/Content/99-Asset/VFX/Slash/NS_SlashHit.uexp" 2584
"D:/work/project/portpolio/project-ARPG/ARPG_Hunter/Content/03-Data/EffectData/GainSkill_5.uasset" 2585
"D:/work/project/portpolio/project-ARPG/ARPG_Hunter/Content/03-Data/EffectData/GainSkill_5.uexp" 2586
"D:/work/project/portpolio/project-ARPG/ARPG_Hunter/Content/99-Asset/Sound/SFX/Sword_Slice_1.ubulk" 2587
"D:/work/project/portpolio/project-ARPG/ARPG_Hunter/Content/99-Asset/Sound/SFX/Sword_Slice_1.uasset" 2588
"D:/work/project/portpolio/project-ARPG/ARPG_Hunter/Content/99-Asset/Sound/SFX/Sword_Slice_1.uexp" 2589
"D:/work/project/portpolio/project-ARPG/ARPG_Hunter/Content/99-Asset/Sound/SFX/Sword_Slice_2.ubulk" 2590
"D:/work/project/portpolio/project-ARPG/ARPG_Hunter/Content/99-Asset/Sound/SFX/Sword_Slice_2.uasset" 2591
"D:/work/project/portpolio/project-ARPG/ARPG_Hunter/Content/99-Asset/Sound/SFX/Sword_Slice_2.uexp" 2592
"D:/work/project/portpolio/project-ARPG/ARPG_Hunter/Content/99-Asset/Sound/SFX/Sword_Slice_3.ubulk" 2593
"D:/work/project/portpolio/project-ARPG/ARPG_Hunter/Content/99-Asset/Sound/SFX/Sword_Slice_3.uasset" 2594
"D:/work/project/portpolio/project-ARPG/ARPG_Hunter/Content/99-Asset/Sound/SFX/Sword_Slice_3.uexp" 2595
"D:/work/project/portpolio/project-ARPG/ARPG_Hunter/Content/99-Asset/Sound/SFX/Sword_Slice_4.ubulk" 2596
"D:/work/project/portpolio/project-ARPG/ARPG_Hunter/Content/99-Asset/Sound/SFX/Sword_Slice_4.uasset" 2597
"D:/work/project/portpolio/project-ARPG/ARPG_Hunter/Content/99-Asset/Sound/SFX/Sword_Slice_4.uexp" 2598
"D:/work/project/portpolio/project-ARPG/ARPG_Hunter/Content/99-Asset/Sound/SFX/Sword_Slice_5.ubulk" 2599
"D:/work/project/portpolio/project-ARPG/ARPG_Hunter/Content/99-Asset/Sound/SFX/Sword_Slice_5.uasset" 2600
"D:/work/project/portpolio/project-ARPG/ARPG_Hunter/Content/99-Asset/Sound/SFX/Sword_Slice_5.uexp" 2601
"D:/work/project/portpolio/project-ARPG/ARPG_Hunter/Content/99-Asset/Sound/SFX/Sword_Slice_Cue.uasset" 2602
"D:/work/project/portpolio/project-ARPG/ARPG_Hunter/Content/99-Asset/Sound/SFX/Sword_Slice_Cue.uexp" 2603
"D:/work/project/portpolio/project-ARPG/ARPG_Hunter/Content/99-Asset/VFX/SwordTrailVFX/Textures/Mask/T_TrailMask_08.ubulk" 2604
"D:/work/project/portpolio/project-ARPG/ARPG_Hunter/Content/99-Asset/VFX/SwordTrailVFX/Textures/Mask/T_TrailMask_08.uasset" 2605
"D:/work/project/portpolio/project-ARPG/ARPG_Hunter/Content/99-Asset/VFX/SwordTrailVFX/Textures/Mask/T_TrailMask_08.uexp" 2606
"D:/work/project/portpolio/project-ARPG/ARPG_Hunter/Content/99-Asset/VFX/SwordTrailVFX/Materials/Trails_MI/MI_Trail_Color_03.uasset" 2607
"D:/work/project/portpolio/project-ARPG/ARPG_Hunter/Content/99-Asset/VFX/SwordTrailVFX/Materials/Trails_MI/MI_Trail_Color_03.uexp" 2608
"D:/work/project/portpolio/project-ARPG/ARPG_Hunter/Content/99-Asset/VFX/ExportVFX/NS_Trail_5c_normal.uasset" 2609
"D:/work/project/portpolio/project-ARPG/ARPG_Hunter/Content/99-Asset/VFX/ExportVFX/NS_Trail_5c_normal.uexp" 2610
"D:/work/project/portpolio/project-ARPG/ARPG_Hunter/Content/02-BP/Player/Animation/Sword/CS_Combo_Attack_03_04_Seq.uasset" 2611
"D:/work/project/portpolio/project-ARPG/ARPG_Hunter/Content/02-BP/Player/Animation/Sword/CS_Combo_Attack_03_04_Seq.uexp" 2612
"D:/work/project/portpolio/project-ARPG/ARPG_Hunter/Content/02-BP/Player/Animation/Sword/AM_Sword_Attack_4_0.uasset" 2613
"D:/work/project/portpolio/project-ARPG/ARPG_Hunter/Content/02-BP/Player/Animation/Sword/AM_Sword_Attack_4_0.uexp" 2614
"D:/work/project/portpolio/project-ARPG/ARPG_Hunter/Content/03-Data/ActionData/PlayerCharacter/SwordAction/SwordNormalAttack4.uasset" 2615
"D:/work/project/portpolio/project-ARPG/ARPG_Hunter/Content/03-Data/ActionData/PlayerCharacter/SwordAction/SwordNormalAttack4.uexp" 2616
"D:/work/project/portpolio/project-ARPG/ARPG_Hunter/Content/99-Asset/VFX/Slash/Tex/hit_side.ubulk" 2617
"D:/work/project/portpolio/project-ARPG/ARPG_Hunter/Content/99-Asset/VFX/Slash/Tex/hit_side.uasset" 2618
"D:/work/project/portpolio/project-ARPG/ARPG_Hunter/Content/99-Asset/VFX/Slash/Tex/hit_side.uexp" 2619
"D:/work/project/portpolio/project-ARPG/ARPG_Hunter/Content/99-Asset/VFX/Slash/MI_Slash_Side.uasset" 2620
"D:/work/project/portpolio/project-ARPG/ARPG_Hunter/Content/99-Asset/VFX/Slash/MI_Slash_Side.uexp" 2621
"D:/work/project/portpolio/project-ARPG/ARPG_Hunter/Content/99-Asset/VFX/Slash/NS_SlashHit_2.uasset" 2622
"D:/work/project/portpolio/project-ARPG/ARPG_Hunter/Content/99-Asset/VFX/Slash/NS_SlashHit_2.uexp" 2623
"D:/work/project/portpolio/project-ARPG/ARPG_Hunter/Content/03-Data/EffectData/US_CriticalPercent.uasset" 2624
"D:/work/project/portpolio/project-ARPG/ARPG_Hunter/Content/03-Data/EffectData/US_CriticalPercent.uexp" 2625
"D:/work/project/portpolio/project-ARPG/ARPG_Hunter/Content/99-Asset/UI/Icon/Icon_Effect_CritDmg.ubulk" 2626
"D:/work/project/portpolio/project-ARPG/ARPG_Hunter/Content/99-Asset/UI/Icon/Icon_Effect_CritDmg.uasset" 2627
"D:/work/project/portpolio/project-ARPG/ARPG_Hunter/Content/99-Asset/UI/Icon/Icon_Effect_CritDmg.uexp" 2628
"D:/work/project/portpolio/project-ARPG/ARPG_Hunter/Content/03-Data/EffectData/US_CriticalDamagePercent.uasset" 2629
"D:/work/project/portpolio/project-ARPG/ARPG_Hunter/Content/03-Data/EffectData/US_CriticalDamagePercent.uexp" 2630
"D:/work/project/portpolio/project-ARPG/ARPG_Hunter/Content/03-Data/EffectData/UsingSkill_CriticalEffect.uasset" 2631
"D:/work/project/portpolio/project-ARPG/ARPG_Hunter/Content/03-Data/EffectData/UsingSkill_CriticalEffect.uexp" 2632
"D:/work/project/portpolio/project-ARPG/ARPG_Hunter/Content/02-BP/Player/Animation/Sword/CS_Combo_Attack_01_01_Seq.uasset" 2633
"D:/work/project/portpolio/project-ARPG/ARPG_Hunter/Content/02-BP/Player/Animation/Sword/CS_Combo_Attack_01_01_Seq.uexp" 2634
"D:/work/project/portpolio/project-ARPG/ARPG_Hunter/Content/99-Asset/VFX/ExportVFX/NS_Trail_5c.uasset" 2635
"D:/work/project/portpolio/project-ARPG/ARPG_Hunter/Content/99-Asset/VFX/ExportVFX/NS_Trail_5c.uexp" 2636
"D:/work/project/portpolio/project-ARPG/ARPG_Hunter/Content/02-BP/Player/Animation/Sword/AM_Sword_Attack_3_1.uasset" 2637
"D:/work/project/portpolio/project-ARPG/ARPG_Hunter/Content/02-BP/Player/Animation/Sword/AM_Sword_Attack_3_1.uexp" 2638
"D:/work/project/portpolio/project-ARPG/ARPG_Hunter/Content/03-Data/ActionData/PlayerCharacter/SwordAction/SwordSmashAttack3_1.uasset" 2639
"D:/work/project/portpolio/project-ARPG/ARPG_Hunter/Content/03-Data/ActionData/PlayerCharacter/SwordAction/SwordSmashAttack3_1.uexp" 2640
"D:/work/project/portpolio/project-ARPG/ARPG_Hunter/Content/02-BP/Player/Animation/Sword/CS_Combo_Attack_04_04_Seq.uasset" 2641
"D:/work/project/portpolio/project-ARPG/ARPG_Hunter/Content/02-BP/Player/Animation/Sword/CS_Combo_Attack_04_04_Seq.uexp" 2642
"D:/work/project/portpolio/project-ARPG/ARPG_Hunter/Content/02-BP/Player/Animation/Sword/AM_Sword_Attack_3_2.uasset" 2643
"D:/work/project/portpolio/project-ARPG/ARPG_Hunter/Content/02-BP/Player/Animation/Sword/AM_Sword_Attack_3_2.uexp" 2644
"D:/work/project/portpolio/project-ARPG/ARPG_Hunter/Content/03-Data/ActionData/PlayerCharacter/SwordAction/SwordSmashAttack3_2.uasset" 2645
"D:/work/project/portpolio/project-ARPG/ARPG_Hunter/Content/03-Data/ActionData/PlayerCharacter/SwordAction/SwordSmashAttack3_2.uexp" 2646
"D:/work/project/portpolio/project-ARPG/ARPG_Hunter/Content/03-Data/EffectData/GainSkill_10.uasset" 2647
"D:/work/project/portpolio/project-ARPG/ARPG_Hunter/Content/03-Data/EffectData/GainSkill_10.uexp" 2648
"D:/work/project/portpolio/project-ARPG/ARPG_Hunter/Content/02-BP/Player/Animation/Sword/CS_Combo_Attack_04_02_Seq.uasset" 2649
"D:/work/project/portpolio/project-ARPG/ARPG_Hunter/Content/02-BP/Player/Animation/Sword/CS_Combo_Attack_04_02_Seq.uexp" 2650
"D:/work/project/portpolio/project-ARPG/ARPG_Hunter/Content/02-BP/Player/Animation/Sword/AM_Sword_Attack_1_1.uasset" 2651
"D:/work/project/portpolio/project-ARPG/ARPG_Hunter/Content/02-BP/Player/Animation/Sword/AM_Sword_Attack_1_1.uexp" 2652
"D:/work/project/portpolio/project-ARPG/ARPG_Hunter/Content/03-Data/ActionData/PlayerCharacter/SwordAction/SwordSmashAttack1_1.uasset" 2653
"D:/work/project/portpolio/project-ARPG/ARPG_Hunter/Content/03-Data/ActionData/PlayerCharacter/SwordAction/SwordSmashAttack1_1.uexp" 2654
"D:/work/project/portpolio/project-ARPG/ARPG_Hunter/Content/02-BP/Player/Animation/Sword/CS_Combo_Attack_03_01_Seq.uasset" 2655
"D:/work/project/portpolio/project-ARPG/ARPG_Hunter/Content/02-BP/Player/Animation/Sword/CS_Combo_Attack_03_01_Seq.uexp" 2656
"D:/work/project/portpolio/project-ARPG/ARPG_Hunter/Content/02-BP/Player/Animation/Sword/AM_Sword_Attack_1_0.uasset" 2657
"D:/work/project/portpolio/project-ARPG/ARPG_Hunter/Content/02-BP/Player/Animation/Sword/AM_Sword_Attack_1_0.uexp" 2658
"D:/work/project/portpolio/project-ARPG/ARPG_Hunter/Content/03-Data/ActionData/PlayerCharacter/SwordAction/SwordNormalAttack1.uasset" 2659
"D:/work/project/portpolio/project-ARPG/ARPG_Hunter/Content/03-Data/ActionData/PlayerCharacter/SwordAction/SwordNormalAttack1.uexp" 2660
"D:/work/project/portpolio/project-ARPG/ARPG_Hunter/Content/02-BP/Player/Animation/Sword/CS_Combo_Attack_01_All_Seq.uasset" 2661
"D:/work/project/portpolio/project-ARPG/ARPG_Hunter/Content/02-BP/Player/Animation/Sword/CS_Combo_Attack_01_All_Seq.uexp" 2662
"D:/work/project/portpolio/project-ARPG/ARPG_Hunter/Content/02-BP/Player/Animation/Sword/AM_Sword_Attack_4_1.uasset" 2663
"D:/work/project/portpolio/project-ARPG/ARPG_Hunter/Content/02-BP/Player/Animation/Sword/AM_Sword_Attack_4_1.uexp" 2664
"D:/work/project/portpolio/project-ARPG/ARPG_Hunter/Content/03-Data/ActionData/PlayerCharacter/SwordAction/SwordSmashAttack4_1.uasset" 2665
"D:/work/project/portpolio/project-ARPG/ARPG_Hunter/Content/03-Data/ActionData/PlayerCharacter/SwordAction/SwordSmashAttack4_1.uexp" 2666
"D:/work/project/portpolio/project-ARPG/ARPG_Hunter/Content/02-BP/Player/Animation/Sword/CS_Combo_Attack_02_All_Seq.uasset" 2667
"D:/work/project/portpolio/project-ARPG/ARPG_Hunter/Content/02-BP/Player/Animation/Sword/CS_Combo_Attack_02_All_Seq.uexp" 2668
"D:/work/project/portpolio/project-ARPG/ARPG_Hunter/Content/02-BP/Player/Animation/Sword/CS_Combo_Attack_02_02_Seq.uasset" 2669
"D:/work/project/portpolio/project-ARPG/ARPG_Hunter/Content/02-BP/Player/Animation/Sword/CS_Combo_Attack_02_02_Seq.uexp" 2670
"D:/work/project/portpolio/project-ARPG/ARPG_Hunter/Content/02-BP/Player/Animation/Sword/AM_Sword_Attack_4_2.uasset" 2671
"D:/work/project/portpolio/project-ARPG/ARPG_Hunter/Content/02-BP/Player/Animation/Sword/AM_Sword_Attack_4_2.uexp" 2672
"D:/work/project/portpolio/project-ARPG/ARPG_Hunter/Content/03-Data/ActionData/PlayerCharacter/SwordAction/SwordSmashAttack4_2.uasset" 2673
"D:/work/project/portpolio/project-ARPG/ARPG_Hunter/Content/03-Data/ActionData/PlayerCharacter/SwordAction/SwordSmashAttack4_2.uexp" 2674
"D:/work/project/portpolio/project-ARPG/ARPG_Hunter/Content/02-BP/Player/Animation/Sword/CS_Combo_Attack_03_03_Seq.uasset" 2675
"D:/work/project/portpolio/project-ARPG/ARPG_Hunter/Content/02-BP/Player/Animation/Sword/CS_Combo_Attack_03_03_Seq.uexp" 2676
"D:/work/project/portpolio/project-ARPG/ARPG_Hunter/Content/02-BP/Player/Animation/Sword/AM_Sword_Attack_3_0.uasset" 2677
"D:/work/project/portpolio/project-ARPG/ARPG_Hunter/Content/02-BP/Player/Animation/Sword/AM_Sword_Attack_3_0.uexp" 2678
"D:/work/project/portpolio/project-ARPG/ARPG_Hunter/Content/03-Data/ActionData/PlayerCharacter/SwordAction/SwordNormalAttack3.uasset" 2679
"D:/work/project/portpolio/project-ARPG/ARPG_Hunter/Content/03-Data/ActionData/PlayerCharacter/SwordAction/SwordNormalAttack3.uexp" 2680
"D:/work/project/portpolio/project-ARPG/ARPG_Hunter/Content/99-Asset/UI/Icon/Icon_Effect_SuperArmor.ubulk" 2681
"D:/work/project/portpolio/project-ARPG/ARPG_Hunter/Content/99-Asset/UI/Icon/Icon_Effect_SuperArmor.uasset" 2682
"D:/work/project/portpolio/project-ARPG/ARPG_Hunter/Content/99-Asset/UI/Icon/Icon_Effect_SuperArmor.uexp" 2683
"D:/work/project/portpolio/project-ARPG/ARPG_Hunter/Content/03-Data/EffectData/SuperArmor_5s.uasset" 2684
"D:/work/project/portpolio/project-ARPG/ARPG_Hunter/Content/03-Data/EffectData/SuperArmor_5s.uexp" 2685
"D:/work/project/portpolio/project-ARPG/ARPG_Hunter/Content/02-BP/Player/Animation/Sword/CS_Power_Attack_Start_Seq.uasset" 2686
"D:/work/project/portpolio/project-ARPG/ARPG_Hunter/Content/02-BP/Player/Animation/Sword/CS_Power_Attack_Start_Seq.uexp" 2687
"D:/work/project/portpolio/project-ARPG/ARPG_Hunter/Content/02-BP/CameraShake/CV_CameraLoc_OnSkillStart.uasset" 2688
"D:/work/project/portpolio/project-ARPG/ARPG_Hunter/Content/02-BP/CameraShake/CV_CameraLoc_OnSkillStart.uexp" 2689
"D:/work/project/portpolio/project-ARPG/ARPG_Hunter/Content/02-BP/Player/Animation/Sword/CS_Power_Attack_End_Seq.uasset" 2690
"D:/work/project/portpolio/project-ARPG/ARPG_Hunter/Content/02-BP/Player/Animation/Sword/CS_Power_Attack_End_Seq.uexp" 2691
"D:/work/project/portpolio/project-ARPG/ARPG_Hunter/Content/02-BP/CameraShake/CV_CameraLoc_OnSkillEnd.uasset" 2692
"D:/work/project/portpolio/project-ARPG/ARPG_Hunter/Content/02-BP/CameraShake/CV_CameraLoc_OnSkillEnd.uexp" 2693
"D:/work/project/portpolio/project-ARPG/ARPG_Hunter/Content/02-BP/Player/Animation/Sword/CS_Power_Attack_Loop_Seq.uasset" 2694
"D:/work/project/portpolio/project-ARPG/ARPG_Hunter/Content/02-BP/Player/Animation/Sword/CS_Power_Attack_Loop_Seq.uexp" 2695
"D:/work/project/portpolio/project-ARPG/ARPG_Hunter/Content/02-BP/Player/Animation/Sword/AM_Sword_Skill_Charge_0.uasset" 2696
"D:/work/project/portpolio/project-ARPG/ARPG_Hunter/Content/02-BP/Player/Animation/Sword/AM_Sword_Skill_Charge_0.uexp" 2697
"D:/work/project/portpolio/project-ARPG/ARPG_Hunter/Content/03-Data/EffectData/US_AttackPercent.uasset" 2698
"D:/work/project/portpolio/project-ARPG/ARPG_Hunter/Content/03-Data/EffectData/US_AttackPercent.uexp" 2699
"D:/work/project/portpolio/project-ARPG/ARPG_Hunter/Content/03-Data/EffectData/UsingSkill_AttackEffect.uasset" 2700
"D:/work/project/portpolio/project-ARPG/ARPG_Hunter/Content/03-Data/EffectData/UsingSkill_AttackEffect.uexp" 2701
"D:/work/project/portpolio/project-ARPG/ARPG_Hunter/Content/03-Data/ActionData/PlayerCharacter/SwordAction/SwordSkillAttack_Charge.uasset" 2702
"D:/work/project/portpolio/project-ARPG/ARPG_Hunter/Content/03-Data/ActionData/PlayerCharacter/SwordAction/SwordSkillAttack_Charge.uexp" 2703
"D:/work/project/portpolio/project-ARPG/ARPG_Hunter/Content/02-BP/Player/Animation/Sword/CS_Combo_Attack_02_03_Seq.uasset" 2704
"D:/work/project/portpolio/project-ARPG/ARPG_Hunter/Content/02-BP/Player/Animation/Sword/CS_Combo_Attack_02_03_Seq.uexp" 2705
"D:/work/project/portpolio/project-ARPG/ARPG_Hunter/Content/02-BP/Player/Animation/Sword/AM_Sword_Skill_DodgeSlash_0.uasset" 2706
"D:/work/project/portpolio/project-ARPG/ARPG_Hunter/Content/02-BP/Player/Animation/Sword/AM_Sword_Skill_DodgeSlash_0.uexp" 2707
"D:/work/project/portpolio/project-ARPG/ARPG_Hunter/Content/03-Data/EffectData/Invincible_04.uasset" 2708
"D:/work/project/portpolio/project-ARPG/ARPG_Hunter/Content/03-Data/EffectData/Invincible_04.uexp" 2709
"D:/work/project/portpolio/project-ARPG/ARPG_Hunter/Content/03-Data/EffectData/UsingSkill_Invincible.uasset" 2710
"D:/work/project/portpolio/project-ARPG/ARPG_Hunter/Content/03-Data/EffectData/UsingSkill_Invincible.uexp" 2711
"D:/work/project/portpolio/project-ARPG/ARPG_Hunter/Content/03-Data/ActionData/PlayerCharacter/SwordAction/SwordSkillAttack_DodgeSlash_1.uasset" 2712
"D:/work/project/portpolio/project-ARPG/ARPG_Hunter/Content/03-Data/ActionData/PlayerCharacter/SwordAction/SwordSkillAttack_DodgeSlash_1.uexp" 2713
"D:/work/project/portpolio/project-ARPG/ARPG_Hunter/Content/02-BP/Player/Animation/Sword/CS_Combo_Attack_02_04_Seq.uasset" 2714
"D:/work/project/portpolio/project-ARPG/ARPG_Hunter/Content/02-BP/Player/Animation/Sword/CS_Combo_Attack_02_04_Seq.uexp" 2715
"D:/work/project/portpolio/project-ARPG/ARPG_Hunter/Content/02-BP/Player/Animation/Sword/AM_Sword_Skill_DodgeSlash_1.uasset" 2716
"D:/work/project/portpolio/project-ARPG/ARPG_Hunter/Content/02-BP/Player/Animation/Sword/AM_Sword_Skill_DodgeSlash_1.uexp" 2717
"D:/work/project/portpolio/project-ARPG/ARPG_Hunter/Content/03-Data/EffectData/RecoverStamina_10.uasset" 2718
"D:/work/project/portpolio/project-ARPG/ARPG_Hunter/Content/03-Data/EffectData/RecoverStamina_10.uexp" 2719
"D:/work/project/portpolio/project-ARPG/ARPG_Hunter/Content/03-Data/ActionData/PlayerCharacter/SwordAction/SwordSkillAttack_DodgeSlash_2.uasset" 2720
"D:/work/project/portpolio/project-ARPG/ARPG_Hunter/Content/03-Data/ActionData/PlayerCharacter/SwordAction/SwordSkillAttack_DodgeSlash_2.uexp" 2721
"D:/work/project/portpolio/project-ARPG/ARPG_Hunter/Content/02-BP/Player/Animation/Sword/CS_Combo_Attack_03_02_Seq.uasset" 2722
"D:/work/project/portpolio/project-ARPG/ARPG_Hunter/Content/02-BP/Player/Animation/Sword/CS_Combo_Attack_03_02_Seq.uexp" 2723
"D:/work/project/portpolio/project-ARPG/ARPG_Hunter/Content/02-BP/Player/Animation/Sword/AM_Sword_Attack_2_0.uasset" 2724
"D:/work/project/portpolio/project-ARPG/ARPG_Hunter/Content/02-BP/Player/Animation/Sword/AM_Sword_Attack_2_0.uexp" 2725
"D:/work/project/portpolio/project-ARPG/ARPG_Hunter/Content/03-Data/ActionData/PlayerCharacter/SwordAction/SwordNormalAttack2.uasset" 2726
"D:/work/project/portpolio/project-ARPG/ARPG_Hunter/Content/03-Data/ActionData/PlayerCharacter/SwordAction/SwordNormalAttack2.uexp" 2727
"D:/work/project/portpolio/project-ARPG/ARPG_Hunter/Content/02-BP/Player/Animation/Sword/CS_Combo_Attack_01_02_Seq.uasset" 2728
"D:/work/project/portpolio/project-ARPG/ARPG_Hunter/Content/02-BP/Player/Animation/Sword/CS_Combo_Attack_01_02_Seq.uexp" 2729
"D:/work/project/portpolio/project-ARPG/ARPG_Hunter/Content/02-BP/Player/Animation/Sword/AM_Sword_Attack_2_1.uasset" 2730
"D:/work/project/portpolio/project-ARPG/ARPG_Hunter/Content/02-BP/Player/Animation/Sword/AM_Sword_Attack_2_1.uexp" 2731
"D:/work/project/portpolio/project-ARPG/ARPG_Hunter/Content/03-Data/ActionData/PlayerCharacter/SwordAction/SwordSmashAttack2_1.uasset" 2732
"D:/work/project/portpolio/project-ARPG/ARPG_Hunter/Content/03-Data/ActionData/PlayerCharacter/SwordAction/SwordSmashAttack2_1.uexp" 2733
"D:/work/project/portpolio/project-ARPG/ARPG_Hunter/Content/02-BP/Player/Animation/Sword/AM_Sword_Attack_2_2.uasset" 2734
"D:/work/project/portpolio/project-ARPG/ARPG_Hunter/Content/02-BP/Player/Animation/Sword/AM_Sword_Attack_2_2.uexp" 2735
"D:/work/project/portpolio/project-ARPG/ARPG_Hunter/Content/99-Asset/UI/Icon/Icon_Effect_GainResource.ubulk" 2736
"D:/work/project/portpolio/project-ARPG/ARPG_Hunter/Content/99-Asset/UI/Icon/Icon_Effect_GainResource.uasset" 2737
"D:/work/project/portpolio/project-ARPG/ARPG_Hunter/Content/99-Asset/UI/Icon/Icon_Effect_GainResource.uexp" 2738
"D:/work/project/portpolio/project-ARPG/ARPG_Hunter/Content/03-Data/EffectData/GainSkill_Repeat_10s_5.uasset" 2739
"D:/work/project/portpolio/project-ARPG/ARPG_Hunter/Content/03-Data/EffectData/GainSkill_Repeat_10s_5.uexp" 2740
"D:/work/project/portpolio/project-ARPG/ARPG_Hunter/Content/03-Data/ActionData/PlayerCharacter/SwordAction/SwordSmashAttack2_2.uasset" 2741
"D:/work/project/portpolio/project-ARPG/ARPG_Hunter/Content/03-Data/ActionData/PlayerCharacter/SwordAction/SwordSmashAttack2_2.uexp" 2742
"D:/work/project/portpolio/project-ARPG/ARPG_Hunter/Content/03-Data/ActionData/PlayerCharacter/SwordAction/SwordCombo.uasset" 2743
"D:/work/project/portpolio/project-ARPG/ARPG_Hunter/Content/03-Data/ActionData/PlayerCharacter/SwordAction/SwordCombo.uexp" 2744
"D:/work/project/portpolio/project-ARPG/ARPG_Hunter/Content/02-BP/Player/Animation/Sword/CS_Hit_Combat_Death_Seq.uasset" 2745
"D:/work/project/portpolio/project-ARPG/ARPG_Hunter/Content/02-BP/Player/Animation/Sword/CS_Hit_Combat_Death_Seq.uexp" 2746
"D:/work/project/portpolio/project-ARPG/ARPG_Hunter/Content/02-BP/Player/Animation/Sword/CS_Hit_Combat_F_Seq.uasset" 2747
"D:/work/project/portpolio/project-ARPG/ARPG_Hunter/Content/02-BP/Player/Animation/Sword/CS_Hit_Combat_F_Seq.uexp" 2748
"D:/work/project/portpolio/project-ARPG/ARPG_Hunter/Content/02-BP/Player/Animation/Sword/AM_Sword_Hit.uasset" 2749
"D:/work/project/portpolio/project-ARPG/ARPG_Hunter/Content/02-BP/Player/Animation/Sword/AM_Sword_Hit.uexp" 2750
"D:/work/project/portpolio/project-ARPG/ARPG_Hunter/Content/02-BP/Player/Animation/Sword/CS_Drinking.uasset" 2751
"D:/work/project/portpolio/project-ARPG/ARPG_Hunter/Content/02-BP/Player/Animation/Sword/CS_Drinking.uexp" 2752
"D:/work/project/portpolio/project-ARPG/ARPG_Hunter/Content/02-BP/Player/Animation/AM_ItemUsage.uasset" 2753
"D:/work/project/portpolio/project-ARPG/ARPG_Hunter/Content/02-BP/Player/Animation/AM_ItemUsage.uexp" 2754
"D:/work/project/portpolio/project-ARPG/ARPG_Hunter/Content/99-Asset/UI/Icon/Icon_Unlock.uasset" 2755
"D:/work/project/portpolio/project-ARPG/ARPG_Hunter/Content/99-Asset/UI/Icon/Icon_Unlock.uexp" 2756
"D:/work/project/portpolio/project-ARPG/ARPG_Hunter/Content/03-Data/SkillData/SwordSkill/SkillNodes/Unlock_SwordSmash3_2.uasset" 2757
"D:/work/project/portpolio/project-ARPG/ARPG_Hunter/Content/03-Data/SkillData/SwordSkill/SkillNodes/Unlock_SwordSmash3_2.uexp" 2758
"D:/work/project/portpolio/project-ARPG/ARPG_Hunter/Content/03-Data/SkillData/SwordSkill/SkillNodes/Unlock_SwordSkill_Charge.uasset" 2759
"D:/work/project/portpolio/project-ARPG/ARPG_Hunter/Content/03-Data/SkillData/SwordSkill/SkillNodes/Unlock_SwordSkill_Charge.uexp" 2760
"D:/work/project/portpolio/project-ARPG/ARPG_Hunter/Content/03-Data/EffectData/GainSkill_20.uasset" 2761
"D:/work/project/portpolio/project-ARPG/ARPG_Hunter/Content/03-Data/EffectData/GainSkill_20.uexp" 2762
"D:/work/project/portpolio/project-ARPG/ARPG_Hunter/Content/99-Asset/UI/Icon/Icon_ExtendEffect.ubulk" 2763
"D:/work/project/portpolio/project-ARPG/ARPG_Hunter/Content/99-Asset/UI/Icon/Icon_ExtendEffect.uasset" 2764
"D:/work/project/portpolio/project-ARPG/ARPG_Hunter/Content/99-Asset/UI/Icon/Icon_ExtendEffect.uexp" 2765
"D:/work/project/portpolio/project-ARPG/ARPG_Hunter/Content/03-Data/SkillData/SwordSkill/SkillNodes/Extend_GainSkill_Big.uasset" 2766
"D:/work/project/portpolio/project-ARPG/ARPG_Hunter/Content/03-Data/SkillData/SwordSkill/SkillNodes/Extend_GainSkill_Big.uexp" 2767
"D:/work/project/portpolio/project-ARPG/ARPG_Hunter/Content/03-Data/SkillData/SwordSkill/SkillNodes/Unlock_SwordSmash4_2.uasset" 2768
"D:/work/project/portpolio/project-ARPG/ARPG_Hunter/Content/03-Data/SkillData/SwordSkill/SkillNodes/Unlock_SwordSmash4_2.uexp" 2769
"D:/work/project/portpolio/project-ARPG/ARPG_Hunter/Content/03-Data/SkillData/SwordSkill/SkillNodes/Unlock_SwordSkill_DodgeSlash2.uasset" 2770
"D:/work/project/portpolio/project-ARPG/ARPG_Hunter/Content/03-Data/SkillData/SwordSkill/SkillNodes/Unlock_SwordSkill_DodgeSlash2.uexp" 2771
"D:/work/project/portpolio/project-ARPG/ARPG_Hunter/Content/03-Data/EffectData/SwordDebuff_DeepWound.uasset" 2772
"D:/work/project/portpolio/project-ARPG/ARPG_Hunter/Content/03-Data/EffectData/SwordDebuff_DeepWound.uexp" 2773
"D:/work/project/portpolio/project-ARPG/ARPG_Hunter/Content/03-Data/SkillData/SwordSkill/SkillNodes/Extend_DeepWound.uasset" 2774
"D:/work/project/portpolio/project-ARPG/ARPG_Hunter/Content/03-Data/SkillData/SwordSkill/SkillNodes/Extend_DeepWound.uexp" 2775
"D:/work/project/portpolio/project-ARPG/ARPG_Hunter/Content/03-Data/SkillData/SwordSkill/SkillNodes/Unlock_SwordSkill_DodgeSlash1.uasset" 2776
"D:/work/project/portpolio/project-ARPG/ARPG_Hunter/Content/03-Data/SkillData/SwordSkill/SkillNodes/Unlock_SwordSkill_DodgeSlash1.uexp" 2777
"D:/work/project/portpolio/project-ARPG/ARPG_Hunter/Content/99-Asset/UI/Icon/Icon_EnhanceSkill.ubulk" 2778
"D:/work/project/portpolio/project-ARPG/ARPG_Hunter/Content/99-Asset/UI/Icon/Icon_EnhanceSkill.uasset" 2779
"D:/work/project/portpolio/project-ARPG/ARPG_Hunter/Content/99-Asset/UI/Icon/Icon_EnhanceSkill.uexp" 2780
"D:/work/project/portpolio/project-ARPG/ARPG_Hunter/Content/03-Data/SkillData/SwordSkill/SkillNodes/Modify_GainSkill_1.uasset" 2781
"D:/work/project/portpolio/project-ARPG/ARPG_Hunter/Content/03-Data/SkillData/SwordSkill/SkillNodes/Modify_GainSkill_1.uexp" 2782
"D:/work/project/portpolio/project-ARPG/ARPG_Hunter/Content/03-Data/SkillData/SwordSkill/SkillNodes/Modify_GainSkill_2.uasset" 2783
"D:/work/project/portpolio/project-ARPG/ARPG_Hunter/Content/03-Data/SkillData/SwordSkill/SkillNodes/Modify_GainSkill_2.uexp" 2784
"D:/work/project/portpolio/project-ARPG/ARPG_Hunter/Content/03-Data/SkillData/SwordSkill/SkillNodes/Modify_GainSkill_3.uasset" 2785
"D:/work/project/portpolio/project-ARPG/ARPG_Hunter/Content/03-Data/SkillData/SwordSkill/SkillNodes/Modify_GainSkill_3.uexp" 2786
"D:/work/project/portpolio/project-ARPG/ARPG_Hunter/Content/03-Data/SkillData/SwordSkill/SkillNodes/Extend_SharpBlade.uasset" 2787
"D:/work/project/portpolio/project-ARPG/ARPG_Hunter/Content/03-Data/SkillData/SwordSkill/SkillNodes/Extend_SharpBlade.uexp" 2788
"D:/work/project/portpolio/project-ARPG/ARPG_Hunter/Content/03-Data/SkillData/SwordSkill/SkillNodes/Modify_Damage_1.uasset" 2789
"D:/work/project/portpolio/project-ARPG/ARPG_Hunter/Content/03-Data/SkillData/SwordSkill/SkillNodes/Modify_Damage_1.uexp" 2790
"D:/work/project/portpolio/project-ARPG/ARPG_Hunter/Content/03-Data/SkillData/SwordSkill/SkillNodes/Modify_Damage_2.uasset" 2791
"D:/work/project/portpolio/project-ARPG/ARPG_Hunter/Content/03-Data/SkillData/SwordSkill/SkillNodes/Modify_Damage_2.uexp" 2792
"D:/work/project/portpolio/project-ARPG/ARPG_Hunter/Content/03-Data/SkillData/SwordSkill/SkillNodes/Modify_Damage_3.uasset" 2793
"D:/work/project/portpolio/project-ARPG/ARPG_Hunter/Content/03-Data/SkillData/SwordSkill/SkillNodes/Modify_Damage_3.uexp" 2794
"D:/work/project/portpolio/project-ARPG/ARPG_Hunter/Content/03-Data/EffectData/RecoverStamina_20.uasset" 2795
"D:/work/project/portpolio/project-ARPG/ARPG_Hunter/Content/03-Data/EffectData/RecoverStamina_20.uexp" 2796
"D:/work/project/portpolio/project-ARPG/ARPG_Hunter/Content/03-Data/SkillData/SwordSkill/SkillNodes/Extend_RecoverStamina.uasset" 2797
"D:/work/project/portpolio/project-ARPG/ARPG_Hunter/Content/03-Data/SkillData/SwordSkill/SkillNodes/Extend_RecoverStamina.uexp" 2798
"D:/work/project/portpolio/project-ARPG/ARPG_Hunter/Content/03-Data/SkillData/SwordSkill/SkillNodes/Unlock_SwordSmash2_2.uasset" 2799
"D:/work/project/portpolio/project-ARPG/ARPG_Hunter/Content/03-Data/SkillData/SwordSkill/SkillNodes/Unlock_SwordSmash2_2.uexp" 2800
"D:/work/project/portpolio/project-ARPG/ARPG_Hunter/Content/03-Data/EffectData/Sword_WoundBurst.uasset" 2801
"D:/work/project/portpolio/project-ARPG/ARPG_Hunter/Content/03-Data/EffectData/Sword_WoundBurst.uexp" 2802
"D:/work/project/portpolio/project-ARPG/ARPG_Hunter/Content/03-Data/SkillData/SwordSkill/SkillNodes/Extend_WoundBurst.uasset" 2803
"D:/work/project/portpolio/project-ARPG/ARPG_Hunter/Content/03-Data/SkillData/SwordSkill/SkillNodes/Extend_WoundBurst.uexp" 2804
"D:/work/project/portpolio/project-ARPG/ARPG_Hunter/Content/03-Data/SkillData/SwordSkill/SkillNodes/Extend_GainSkillRepeat.uasset" 2805
"D:/work/project/portpolio/project-ARPG/ARPG_Hunter/Content/03-Data/SkillData/SwordSkill/SkillNodes/Extend_GainSkillRepeat.uexp" 2806
"D:/work/project/portpolio/project-ARPG/ARPG_Hunter/Content/03-Data/SkillData/SwordSkill/SwordSkillTree.uasset" 2807
"D:/work/project/portpolio/project-ARPG/ARPG_Hunter/Content/03-Data/SkillData/SwordSkill/SwordSkillTree.uexp" 2808
"D:/work/project/portpolio/project-ARPG/ARPG_Hunter/Content/03-Data/EffectData/Invincible_07.uasset" 2809
"D:/work/project/portpolio/project-ARPG/ARPG_Hunter/Content/03-Data/EffectData/Invincible_07.uexp" 2810
"D:/work/project/portpolio/project-ARPG/ARPG_Hunter/Content/02-BP/Player/Animation/Sword/CS_Dodge_Combat_F_Seq.uasset" 2811
"D:/work/project/portpolio/project-ARPG/ARPG_Hunter/Content/02-BP/Player/Animation/Sword/CS_Dodge_Combat_F_Seq.uexp" 2812
"D:/work/project/portpolio/project-ARPG/ARPG_Hunter/Content/02-BP/Player/Animation/Sword/CS_Dodge_Combat_B_Seq.uasset" 2813
"D:/work/project/portpolio/project-ARPG/ARPG_Hunter/Content/02-BP/Player/Animation/Sword/CS_Dodge_Combat_B_Seq.uexp" 2814
"D:/work/project/portpolio/project-ARPG/ARPG_Hunter/Content/02-BP/Player/Animation/Sword/AM_Sword_Dodge.uasset" 2815
"D:/work/project/portpolio/project-ARPG/ARPG_Hunter/Content/02-BP/Player/Animation/Sword/AM_Sword_Dodge.uexp" 2816
"D:/work/project/portpolio/project-ARPG/ARPG_Hunter/Content/03-Data/EffectData/SwordJD_CriticalDamagePercent.uasset" 2817
"D:/work/project/portpolio/project-ARPG/ARPG_Hunter/Content/03-Data/EffectData/SwordJD_CriticalDamagePercent.uexp" 2818
"D:/work/project/portpolio/project-ARPG/ARPG_Hunter/Content/03-Data/EffectData/SwordJD_CriticalPercent.uasset" 2819
"D:/work/project/portpolio/project-ARPG/ARPG_Hunter/Content/03-Data/EffectData/SwordJD_CriticalPercent.uexp" 2820
"D:/work/project/portpolio/project-ARPG/ARPG_Hunter/Content/03-Data/EffectData/SwordJustDodge.uasset" 2821
"D:/work/project/portpolio/project-ARPG/ARPG_Hunter/Content/03-Data/EffectData/SwordJustDodge.uexp" 2822
"D:/work/project/portpolio/project-ARPG/ARPG_Hunter/Content/03-Data/ActionData/PlayerCharacter/SwordAction/SwordDodge.uasset" 2823
"D:/work/project/portpolio/project-ARPG/ARPG_Hunter/Content/03-Data/ActionData/PlayerCharacter/SwordAction/SwordDodge.uexp" 2824
"D:/work/project/portpolio/project-ARPG/ARPG_Hunter/Content/03-Data/WeaponConfig/SwordConfig.uasset" 2825
"D:/work/project/portpolio/project-ARPG/ARPG_Hunter/Content/03-Data/WeaponConfig/SwordConfig.uexp" 2826
"D:/work/project/portpolio/project-ARPG/ARPG_Hunter/Content/03-Data/WeaponTypeData.uasset" 2827
"D:/work/project/portpolio/project-ARPG/ARPG_Hunter/Content/03-Data/WeaponTypeData.uexp" 2828
"../../../Engine/Plugins/Animation/DeformerGraph/Content/Deformers/DG_LinearBlendSkin_Morph_Cloth_RecomputeNormals.uasset" 2829
"../../../Engine/Plugins/Animation/DeformerGraph/Content/Deformers/DG_LinearBlendSkin_Morph_Cloth_RecomputeNormals.uexp" 2830
"../../../Engine/Plugins/Animation/DeformerGraph/Content/Deformers/DG_LinearBlendSkin_Morph_Cloth.uasset" 2831
"../../../Engine/Plugins/Animation/DeformerGraph/Content/Deformers/DG_LinearBlendSkin_Morph_Cloth.uexp" 2832
"../../../Engine/Plugins/Animation/DeformerGraph/Content/DeformerFunctions/DG_Function_LinearBlendSkin_Morph_Cloth_PositionOnly.uasset" 2833
"../../../Engine/Plugins/Animation/DeformerGraph/Content/DeformerFunctions/DG_Function_LinearBlendSkin_Morph_Cloth_PositionOnly.uexp" 2834
"../../../Engine/Plugins/Animation/DeformerGraph/Content/DeformerFunctions/DG_Function_LinearBlendSkin_Morph_Cloth.uasset" 2835
"../../../Engine/Plugins/Animation/DeformerGraph/Content/DeformerFunctions/DG_Function_LinearBlendSkin_Morph_Cloth.uexp" 2836
"../../../Engine/Plugins/Animation/DeformerGraph/Content/DeformerFunctions/DG_Function_ComputeNormalsTangents.uasset" 2837
"../../../Engine/Plugins/Animation/DeformerGraph/Content/DeformerFunctions/DG_Function_ComputeNormalsTangents.uexp" 2838
"../../../Engine/Content/VREditor/TransformGizmo/StartRotationHandleIndicator.ubulk" 2839
"../../../Engine/Content/VREditor/TransformGizmo/StartRotationHandleIndicator.uasset" 2840
"../../../Engine/Content/VREditor/TransformGizmo/StartRotationHandleIndicator.uexp" 2841
"../../../Engine/Content/VREditor/Sounds/UI/Drop_Item_From_ContentBrowser.ubulk" 2842
"../../../Engine/Content/VREditor/Sounds/UI/Drop_Item_From_ContentBrowser.uasset" 2843
"../../../Engine/Content/VREditor/Sounds/UI/Drop_Item_From_ContentBrowser.uexp" 2844
"../../../Engine/Content/VREditor/TransformGizmo/PlaneTranslationHandle.ubulk" 2845
"../../../Engine/Content/VREditor/TransformGizmo/PlaneTranslationHandle.uasset" 2846
"../../../Engine/Content/VREditor/TransformGizmo/PlaneTranslationHandle.uexp" 2847
"../../../Engine/Content/VREditor/Sounds/UI/Object_Snaps_To_Grid.ubulk" 2848
"../../../Engine/Content/VREditor/Sounds/UI/Object_Snaps_To_Grid.uasset" 2849
"../../../Engine/Content/VREditor/Sounds/UI/Object_Snaps_To_Grid.uexp" 2850
"../../../Engine/Content/VREditor/Sounds/UI/Selection_Changes.ubulk" 2851
"../../../Engine/Content/VREditor/Sounds/UI/Selection_Changes.uasset" 2852
"../../../Engine/Content/VREditor/Sounds/UI/Selection_Changes.uexp" 2853
"../../../Engine/Content/VREditor/Sounds/UI/Object_Snaps_To_Another_Actor.ubulk" 2854
"../../../Engine/Content/VREditor/Sounds/UI/Object_Snaps_To_Another_Actor.uasset" 2855
"../../../Engine/Content/VREditor/Sounds/UI/Object_Snaps_To_Another_Actor.uexp" 2856
"../../../Engine/Content/VREditor/TransformGizmo/TranslucentTransformGizmoMaterial_Inst.uasset" 2857
"../../../Engine/Content/VREditor/TransformGizmo/TranslucentTransformGizmoMaterial_Inst.uexp" 2858
"../../../Engine/Content/VREditor/TransformGizmo/TransformGizmoFreeRotation.ubulk" 2859
"../../../Engine/Content/VREditor/TransformGizmo/TransformGizmoFreeRotation.uasset" 2860
"../../../Engine/Content/VREditor/TransformGizmo/TransformGizmoFreeRotation.uexp" 2861
"../../../Engine/Content/VREditor/Sounds/UI/Scaling_Down.ubulk" 2862
"../../../Engine/Content/VREditor/Sounds/UI/Scaling_Down.uasset" 2863
"../../../Engine/Content/VREditor/Sounds/UI/Scaling_Down.uexp" 2864
"../../../Engine/Content/Functions/Engine_MaterialFunctions02/SplitComponents.uasset" 2865
"../../../Engine/Content/Functions/Engine_MaterialFunctions02/SplitComponents.uexp" 2866
"../../../Engine/Content/VREditor/SnapGrid/SnapGridMaterial.uasset" 2867
"../../../Engine/Content/VREditor/SnapGrid/SnapGridMaterial.uexp" 2868
"../../../Engine/Content/VREditor/SnapGrid/SnapGridPlaneMesh.ubulk" 2869
"../../../Engine/Content/VREditor/SnapGrid/SnapGridPlaneMesh.uasset" 2870
"../../../Engine/Content/VREditor/SnapGrid/SnapGridPlaneMesh.uexp" 2871
"../../../Engine/Content/VREditor/Sounds/UI/Scaling_Up.ubulk" 2872
"../../../Engine/Content/VREditor/Sounds/UI/Scaling_Up.uasset" 2873
"../../../Engine/Content/VREditor/Sounds/UI/Scaling_Up.uexp" 2874
"../../../Engine/Content/VREditor/TransformGizmo/TransformGizmoMaterial_Inst.uasset" 2875
"../../../Engine/Content/VREditor/TransformGizmo/TransformGizmoMaterial_Inst.uexp" 2876
"../../../Engine/Content/VREditor/Sounds/UI/Gizmo_Handle_Clicked.ubulk" 2877
"../../../Engine/Content/VREditor/Sounds/UI/Gizmo_Handle_Clicked.uasset" 2878
"../../../Engine/Content/VREditor/Sounds/UI/Gizmo_Handle_Clicked.uexp" 2879
"../../../Engine/Content/VREditor/TransformGizmo/RotationHandleQuarter.ubulk" 2880
"../../../Engine/Content/VREditor/TransformGizmo/RotationHandleQuarter.uasset" 2881
"../../../Engine/Content/VREditor/TransformGizmo/RotationHandleQuarter.uexp" 2882
"../../../Engine/Content/VREditor/TransformGizmo/TranslateArrowHandle.ubulk" 2883
"../../../Engine/Content/VREditor/TransformGizmo/TranslateArrowHandle.uasset" 2884
"../../../Engine/Content/VREditor/TransformGizmo/TranslateArrowHandle.uexp" 2885
"../../../Engine/Content/VREditor/TransformGizmo/RotationHandleIndicator.ubulk" 2886
"../../../Engine/Content/VREditor/TransformGizmo/RotationHandleIndicator.uasset" 2887
"../../../Engine/Content/VREditor/TransformGizmo/RotationHandleIndicator.uexp" 2888
"../../../Engine/Content/VREditor/TransformGizmo/UniformScaleHandle.ubulk" 2889
"../../../Engine/Content/VREditor/TransformGizmo/UniformScaleHandle.uasset" 2890
"../../../Engine/Content/VREditor/TransformGizmo/UniformScaleHandle.uexp" 2891
"../../../Engine/Content/VREditor/TransformGizmo/RotationHandleFull.ubulk" 2892
"../../../Engine/Content/VREditor/TransformGizmo/RotationHandleFull.uasset" 2893
"../../../Engine/Content/VREditor/TransformGizmo/RotationHandleFull.uexp" 2894
"../../../Engine/Content/VREditor/Sounds/UI/Object_PickUp.ubulk" 2895
"../../../Engine/Content/VREditor/Sounds/UI/Object_PickUp.uasset" 2896
"../../../Engine/Content/VREditor/Sounds/UI/Object_PickUp.uexp" 2897
"../../../Engine/Content/EngineResources/LandscapeVisibilityLayerInfo.uasset" 2898
"../../../Engine/Content/EngineResources/LandscapeVisibilityLayerInfo.uexp" 2899
"D:/work/project/portpolio/project-ARPG/ARPG_Hunter/Content/99-Asset/UI/Icon/Icon_Maintenance.ubulk" 2900
"D:/work/project/portpolio/project-ARPG/ARPG_Hunter/Content/99-Asset/UI/Icon/Icon_Maintenance.uasset" 2901
"D:/work/project/portpolio/project-ARPG/ARPG_Hunter/Content/99-Asset/UI/Icon/Icon_Maintenance.uexp" 2902
"D:/work/project/portpolio/project-ARPG/ARPG_Hunter/Content/99-Asset/UI/Icon/Icon_Menu.ubulk" 2903
"D:/work/project/portpolio/project-ARPG/ARPG_Hunter/Content/99-Asset/UI/Icon/Icon_Menu.uasset" 2904
"D:/work/project/portpolio/project-ARPG/ARPG_Hunter/Content/99-Asset/UI/Icon/Icon_Menu.uexp" 2905
"D:/work/project/portpolio/project-ARPG/ARPG_Hunter/Content/99-Asset/UI/Icon/Icon_Inventory.ubulk" 2906
"D:/work/project/portpolio/project-ARPG/ARPG_Hunter/Content/99-Asset/UI/Icon/Icon_Inventory.uasset" 2907
"D:/work/project/portpolio/project-ARPG/ARPG_Hunter/Content/99-Asset/UI/Icon/Icon_Inventory.uexp" 2908
"D:/work/project/portpolio/project-ARPG/ARPG_Hunter/Content/99-Asset/UI/Icon/Icon_Input.ubulk" 2909
"D:/work/project/portpolio/project-ARPG/ARPG_Hunter/Content/99-Asset/UI/Icon/Icon_Input.uasset" 2910
"D:/work/project/portpolio/project-ARPG/ARPG_Hunter/Content/99-Asset/UI/Icon/Icon_Input.uexp" 2911
"D:/work/project/portpolio/project-ARPG/ARPG_Hunter/Content/99-Asset/UI/Icon/Icon_Skill.ubulk" 2912
"D:/work/project/portpolio/project-ARPG/ARPG_Hunter/Content/99-Asset/UI/Icon/Icon_Skill.uasset" 2913
"D:/work/project/portpolio/project-ARPG/ARPG_Hunter/Content/99-Asset/UI/Icon/Icon_Skill.uexp" 2914
"D:/work/project/portpolio/project-ARPG/ARPG_Hunter/Content/06-UI/HUD/WBP_NonCombatHUD.uasset" 2915
"D:/work/project/portpolio/project-ARPG/ARPG_Hunter/Content/06-UI/HUD/WBP_NonCombatHUD.uexp" 2916
"D:/work/project/portpolio/project-ARPG/ARPG_Hunter/Content/99-Asset/UI/StatusBar/StatusBar_fill.uasset" 2917
"D:/work/project/portpolio/project-ARPG/ARPG_Hunter/Content/99-Asset/UI/StatusBar/StatusBar_fill.uexp" 2918
"D:/work/project/portpolio/project-ARPG/ARPG_Hunter/Content/06-UI/WBP_EffectIcon.uasset" 2919
"D:/work/project/portpolio/project-ARPG/ARPG_Hunter/Content/06-UI/WBP_EffectIcon.uexp" 2920
"D:/work/project/portpolio/project-ARPG/ARPG_Hunter/Content/99-Asset/UI/StatusBar/Skill.uasset" 2921
"D:/work/project/portpolio/project-ARPG/ARPG_Hunter/Content/99-Asset/UI/StatusBar/Skill.uexp" 2922
"D:/work/project/portpolio/project-ARPG/ARPG_Hunter/Content/06-UI/WBP_H_PoolContainer.uasset" 2923
"D:/work/project/portpolio/project-ARPG/ARPG_Hunter/Content/06-UI/WBP_H_PoolContainer.uexp" 2924
"D:/work/project/portpolio/project-ARPG/ARPG_Hunter/Content/99-Asset/UI/StatusBar/Skill_fill.uasset" 2925
"D:/work/project/portpolio/project-ARPG/ARPG_Hunter/Content/99-Asset/UI/StatusBar/Skill_fill.uexp" 2926
"D:/work/project/portpolio/project-ARPG/ARPG_Hunter/Content/99-Asset/UI/StatusBar/StatusBar.uasset" 2927
"D:/work/project/portpolio/project-ARPG/ARPG_Hunter/Content/99-Asset/UI/StatusBar/StatusBar.uexp" 2928
"D:/work/project/portpolio/project-ARPG/ARPG_Hunter/Content/06-UI/WBP_PlayerStatusBar.uasset" 2929
"D:/work/project/portpolio/project-ARPG/ARPG_Hunter/Content/06-UI/WBP_PlayerStatusBar.uexp" 2930
"D:/work/project/portpolio/project-ARPG/ARPG_Hunter/Content/06-UI/WBP_ItemSlotIndicate.uasset" 2931
"D:/work/project/portpolio/project-ARPG/ARPG_Hunter/Content/06-UI/WBP_ItemSlotIndicate.uexp" 2932
"D:/work/project/portpolio/project-ARPG/ARPG_Hunter/Content/06-UI/WBP_QuickSlot.uasset" 2933
"D:/work/project/portpolio/project-ARPG/ARPG_Hunter/Content/06-UI/WBP_QuickSlot.uexp" 2934
"D:/work/project/portpolio/project-ARPG/ARPG_Hunter/Content/99-Asset/UI/Gradient_H.ubulk" 2935
"D:/work/project/portpolio/project-ARPG/ARPG_Hunter/Content/99-Asset/UI/Gradient_H.uasset" 2936
"D:/work/project/portpolio/project-ARPG/ARPG_Hunter/Content/99-Asset/UI/Gradient_H.uexp" 2937
"D:/work/project/portpolio/project-ARPG/ARPG_Hunter/Content/06-UI/WBP_ActionInfo.uasset" 2938
"D:/work/project/portpolio/project-ARPG/ARPG_Hunter/Content/06-UI/WBP_ActionInfo.uexp" 2939
"D:/work/project/portpolio/project-ARPG/ARPG_Hunter/Content/06-UI/WBP_ActionGuide.uasset" 2940
"D:/work/project/portpolio/project-ARPG/ARPG_Hunter/Content/06-UI/WBP_ActionGuide.uexp" 2941
"D:/work/project/portpolio/project-ARPG/ARPG_Hunter/Content/06-UI/HUD/WBP_CombatHUD.uasset" 2942
"D:/work/project/portpolio/project-ARPG/ARPG_Hunter/Content/06-UI/HUD/WBP_CombatHUD.uexp" 2943
"D:/work/project/portpolio/project-ARPG/ARPG_Hunter/Content/02-BP/Monster/Animation/Sci_Fi_Defender/SFD_Rifle_Kneel_Idle.uasset" 2944
"D:/work/project/portpolio/project-ARPG/ARPG_Hunter/Content/02-BP/Monster/Animation/Sci_Fi_Defender/SFD_Rifle_Kneel_Idle.uexp" 2945
"D:/work/project/portpolio/project-ARPG/ARPG_Hunter/Content/02-BP/Monster/Animation/Sci_Fi_Defender/SFD_Defender_GroggyPose.uasset" 2946
"D:/work/project/portpolio/project-ARPG/ARPG_Hunter/Content/02-BP/Monster/Animation/Sci_Fi_Defender/SFD_Defender_GroggyPose.uexp" 2947
"D:/work/project/portpolio/project-ARPG/ARPG_Hunter/Content/02-BP/Monster/Animation/Sci_Fi_Defender/SFD_Rifle_Kneel_To_Stand.uasset" 2948
"D:/work/project/portpolio/project-ARPG/ARPG_Hunter/Content/02-BP/Monster/Animation/Sci_Fi_Defender/SFD_Rifle_Kneel_To_Stand.uexp" 2949
"D:/work/project/portpolio/project-ARPG/ARPG_Hunter/Content/03-Data/CutSceneData/LS_1003.uasset" 2950
"D:/work/project/portpolio/project-ARPG/ARPG_Hunter/Content/03-Data/CutSceneData/LS_1003.uexp" 2951
"../../../Engine/Plugins/NNE/NNEDenoiser/Content/NNED_Oidn2-3_HighQuality_Alpha.uasset" 2952
"../../../Engine/Plugins/NNE/NNEDenoiser/Content/NNED_Oidn2-3_HighQuality_Alpha.uexp" 2953
"../../../Engine/Plugins/NNE/NNEDenoiser/Content/NNED_Oidn2-3_HighQuality.uasset" 2954
"../../../Engine/Plugins/NNE/NNEDenoiser/Content/NNED_Oidn2-3_HighQuality.uexp" 2955
"../../../Engine/Plugins/NNE/NNEDenoiser/Content/NNED_Oidn2-3_Fast_Alpha.uasset" 2956
"../../../Engine/Plugins/NNE/NNEDenoiser/Content/NNED_Oidn2-3_Fast_Alpha.uexp" 2957
"../../../Engine/Plugins/NNE/NNEDenoiser/Content/NNED_Oidn2-3_Fast.uasset" 2958
"../../../Engine/Plugins/NNE/NNEDenoiser/Content/NNED_Oidn2-3_Fast.uexp" 2959
"../../../Engine/Plugins/NNE/NNEDenoiser/Content/NNED_Oidn2-3_Balanced_Alpha.uasset" 2960
"../../../Engine/Plugins/NNE/NNEDenoiser/Content/NNED_Oidn2-3_Balanced_Alpha.uexp" 2961
"../../../Engine/Plugins/NNE/NNEDenoiser/Content/NNED_Oidn2-3_Balanced.uasset" 2962
"../../../Engine/Plugins/NNE/NNEDenoiser/Content/NNED_Oidn2-3_Balanced.uexp" 2963
"../../../Engine/Plugins/NNE/NNEDenoiser/Content/NNEDT_Oidn2-3_Balanced_Alpha.uasset" 2964
"../../../Engine/Plugins/NNE/NNEDenoiser/Content/NNEDT_Oidn2-3_Balanced_Alpha.uexp" 2965
"../../../Engine/Plugins/NNE/NNEDenoiser/Content/NNEDT_Oidn2-3_Balanced.uasset" 2966
"../../../Engine/Plugins/NNE/NNEDenoiser/Content/NNEDT_Oidn2-3_Balanced.uexp" 2967
"D:/work/project/portpolio/project-ARPG/ARPG_Hunter/Content/03-Data/PlayerDefaultConfig.uasset" 2968
"D:/work/project/portpolio/project-ARPG/ARPG_Hunter/Content/03-Data/PlayerDefaultConfig.uexp" 2969
"D:/work/project/portpolio/project-ARPG/ARPG_Hunter/Content/03-Data/EquipmentSuccessData.uasset" 2970
"D:/work/project/portpolio/project-ARPG/ARPG_Hunter/Content/03-Data/EquipmentSuccessData.uexp" 2971
"D:/work/project/portpolio/project-ARPG/ARPG_Hunter/Content/03-Data/TradeData/DT_Trade3.uasset" 2972
"D:/work/project/portpolio/project-ARPG/ARPG_Hunter/Content/03-Data/TradeData/DT_Trade3.uexp" 2973
"D:/work/project/portpolio/project-ARPG/ARPG_Hunter/Content/03-Data/TradeData/DT_Trade1.uasset" 2974
"D:/work/project/portpolio/project-ARPG/ARPG_Hunter/Content/03-Data/TradeData/DT_Trade1.uexp" 2975
"D:/work/project/portpolio/project-ARPG/ARPG_Hunter/Content/03-Data/TradeData/DT_Trade2.uasset" 2976
"D:/work/project/portpolio/project-ARPG/ARPG_Hunter/Content/03-Data/TradeData/DT_Trade2.uexp" 2977
"D:/work/project/portpolio/project-ARPG/ARPG_Hunter/Content/03-Data/TradeData/DT_Trade4_Cheap.uasset" 2978
"D:/work/project/portpolio/project-ARPG/ARPG_Hunter/Content/03-Data/TradeData/DT_Trade4_Cheap.uexp" 2979
"D:/work/project/portpolio/project-ARPG/ARPG_Hunter/Content/03-Data/TradeData/TradeConfig.uasset" 2980
"D:/work/project/portpolio/project-ARPG/ARPG_Hunter/Content/03-Data/TradeData/TradeConfig.uexp" 2981
"D:/work/project/portpolio/project-ARPG/ARPG_Hunter/Content/06-UI/WBP_ItemTradeSlot.uasset" 2982
"D:/work/project/portpolio/project-ARPG/ARPG_Hunter/Content/06-UI/WBP_ItemTradeSlot.uexp" 2983
"D:/work/project/portpolio/project-ARPG/ARPG_Hunter/Content/06-UI/WBP_ItemTrade.uasset" 2984
"D:/work/project/portpolio/project-ARPG/ARPG_Hunter/Content/06-UI/WBP_ItemTrade.uexp" 2985
"D:/work/project/portpolio/project-ARPG/ARPG_Hunter/Content/02-BP/NPC/Animation/ABP_NPCTemplate.uasset" 2986
"D:/work/project/portpolio/project-ARPG/ARPG_Hunter/Content/02-BP/NPC/Animation/ABP_NPCTemplate.uexp" 2987
"D:/work/project/portpolio/project-ARPG/ARPG_Hunter/Content/99-Asset/Character/CyberSoldier/Seller/Mesh/Seller_Skeleton.uasset" 2988
"D:/work/project/portpolio/project-ARPG/ARPG_Hunter/Content/99-Asset/Character/CyberSoldier/Seller/Mesh/Seller_Skeleton.uexp" 2989
"D:/work/project/portpolio/project-ARPG/ARPG_Hunter/Content/02-BP/NPC/Animation/Seller/NPC_Standing_Idle.uasset" 2990
"D:/work/project/portpolio/project-ARPG/ARPG_Hunter/Content/02-BP/NPC/Animation/Seller/NPC_Standing_Idle.uexp" 2991
"D:/work/project/portpolio/project-ARPG/ARPG_Hunter/Content/02-BP/NPC/Animation/Seller/ABP_NPCSeller.uasset" 2992
"D:/work/project/portpolio/project-ARPG/ARPG_Hunter/Content/02-BP/NPC/Animation/Seller/ABP_NPCSeller.uexp" 2993
"D:/work/project/portpolio/project-ARPG/ARPG_Hunter/Content/99-Asset/Character/CyberSoldier/Seller/Textures/Character/Seller_Albedo_01.ubulk" 2994
"D:/work/project/portpolio/project-ARPG/ARPG_Hunter/Content/99-Asset/Character/CyberSoldier/Seller/Textures/Character/Seller_Albedo_01.uasset" 2995
"D:/work/project/portpolio/project-ARPG/ARPG_Hunter/Content/99-Asset/Character/CyberSoldier/Seller/Textures/Character/Seller_Albedo_01.uexp" 2996
"D:/work/project/portpolio/project-ARPG/ARPG_Hunter/Content/99-Asset/Character/CyberSoldier/Seller/Textures/Character/Seller_Ao.ubulk" 2997
"D:/work/project/portpolio/project-ARPG/ARPG_Hunter/Content/99-Asset/Character/CyberSoldier/Seller/Textures/Character/Seller_Ao.uasset" 2998
"D:/work/project/portpolio/project-ARPG/ARPG_Hunter/Content/99-Asset/Character/CyberSoldier/Seller/Textures/Character/Seller_Ao.uexp" 2999
"D:/work/project/portpolio/project-ARPG/ARPG_Hunter/Content/99-Asset/Character/CyberSoldier/Seller/Textures/Character/Seller_Emissive.ubulk" 3000
"D:/work/project/portpolio/project-ARPG/ARPG_Hunter/Content/99-Asset/Character/CyberSoldier/Seller/Textures/Character/Seller_Emissive.uasset" 3001
"D:/work/project/portpolio/project-ARPG/ARPG_Hunter/Content/99-Asset/Character/CyberSoldier/Seller/Textures/Character/Seller_Emissive.uexp" 3002
"D:/work/project/portpolio/project-ARPG/ARPG_Hunter/Content/99-Asset/Character/CyberSoldier/Seller/Textures/Character/Seller_Normals.ubulk" 3003
"D:/work/project/portpolio/project-ARPG/ARPG_Hunter/Content/99-Asset/Character/CyberSoldier/Seller/Textures/Character/Seller_Normals.uasset" 3004
"D:/work/project/portpolio/project-ARPG/ARPG_Hunter/Content/99-Asset/Character/CyberSoldier/Seller/Textures/Character/Seller_Normals.uexp" 3005
"D:/work/project/portpolio/project-ARPG/ARPG_Hunter/Content/99-Asset/Character/CyberSoldier/Seller/Textures/Character/Seller_Metallic.ubulk" 3006
"D:/work/project/portpolio/project-ARPG/ARPG_Hunter/Content/99-Asset/Character/CyberSoldier/Seller/Textures/Character/Seller_Metallic.uasset" 3007
"D:/work/project/portpolio/project-ARPG/ARPG_Hunter/Content/99-Asset/Character/CyberSoldier/Seller/Textures/Character/Seller_Metallic.uexp" 3008
"D:/work/project/portpolio/project-ARPG/ARPG_Hunter/Content/99-Asset/Character/CyberSoldier/Seller/Textures/Character/MI_Seller_1.uasset" 3009
"D:/work/project/portpolio/project-ARPG/ARPG_Hunter/Content/99-Asset/Character/CyberSoldier/Seller/Textures/Character/MI_Seller_1.uexp" 3010
"D:/work/project/portpolio/project-ARPG/ARPG_Hunter/Content/99-Asset/Character/CyberSoldier/Seller/Mesh/Seller_PhysicsAsset.uasset" 3011
"D:/work/project/portpolio/project-ARPG/ARPG_Hunter/Content/99-Asset/Character/CyberSoldier/Seller/Mesh/Seller_PhysicsAsset.uexp" 3012
"D:/work/project/portpolio/project-ARPG/ARPG_Hunter/Content/99-Asset/Character/CyberSoldier/Seller/Mesh/Seller.uasset" 3013
"D:/work/project/portpolio/project-ARPG/ARPG_Hunter/Content/99-Asset/Character/CyberSoldier/Seller/Mesh/Seller.uexp" 3014
"D:/work/project/portpolio/project-ARPG/ARPG_Hunter/Content/03-Data/NPCConfig/NPC_Seller.uasset" 3015
"D:/work/project/portpolio/project-ARPG/ARPG_Hunter/Content/03-Data/NPCConfig/NPC_Seller.uexp" 3016
"D:/work/project/portpolio/project-ARPG/ARPG_Hunter/Content/03-Data/EffectData/RecoverStamina_Repeat_10s_10.uasset" 3017
"D:/work/project/portpolio/project-ARPG/ARPG_Hunter/Content/03-Data/EffectData/RecoverStamina_Repeat_10s_10.uexp" 3018
"D:/work/project/portpolio/project-ARPG/ARPG_Hunter/Content/03-Data/EffectData/RecoverHealth_Repeat_10s_10.uasset" 3019
"D:/work/project/portpolio/project-ARPG/ARPG_Hunter/Content/03-Data/EffectData/RecoverHealth_Repeat_10s_10.uexp" 3020
"D:/work/project/portpolio/project-ARPG/ARPG_Hunter/Content/99-Asset/UI/Icon/Icon_Effect_Burn.ubulk" 3021
"D:/work/project/portpolio/project-ARPG/ARPG_Hunter/Content/99-Asset/UI/Icon/Icon_Effect_Burn.uasset" 3022
"D:/work/project/portpolio/project-ARPG/ARPG_Hunter/Content/99-Asset/UI/Icon/Icon_Effect_Burn.uexp" 3023
"D:/work/project/portpolio/project-ARPG/ARPG_Hunter/Content/03-Data/EffectData/Burn_10s_3.uasset" 3024
"D:/work/project/portpolio/project-ARPG/ARPG_Hunter/Content/03-Data/EffectData/Burn_10s_3.uexp" 3025
"D:/work/project/portpolio/project-ARPG/ARPG_Hunter/Content/99-Asset/Scene_RoadsideConstruction/Assets/MS/3D/Urb_Str_Debris_Asphalt_Set_03/T_Urb_Str_Debris_Asphalt_Set_03_DpR.uasset" 3026
"D:/work/project/portpolio/project-ARPG/ARPG_Hunter/Content/99-Asset/Scene_RoadsideConstruction/Assets/MS/3D/Urb_Str_Debris_Asphalt_Set_03/T_Urb_Str_Debris_Asphalt_Set_03_DpR.uexp" 3027
"D:/work/project/portpolio/project-ARPG/ARPG_Hunter/Content/99-Asset/Scene_RoadsideConstruction/Materials/MSPresets/MSVTTextures/DefaultDiffuse.uasset" 3028
"D:/work/project/portpolio/project-ARPG/ARPG_Hunter/Content/99-Asset/Scene_RoadsideConstruction/Materials/MSPresets/MSVTTextures/DefaultDiffuse.uexp" 3029
"D:/work/project/portpolio/project-ARPG/ARPG_Hunter/Content/99-Asset/Scene_RoadsideConstruction/Materials/MSPresets/MSVTTextures/BlackPlaceholder.uasset" 3030
"D:/work/project/portpolio/project-ARPG/ARPG_Hunter/Content/99-Asset/Scene_RoadsideConstruction/Materials/MSPresets/MSVTTextures/BlackPlaceholder.uexp" 3031
"D:/work/project/portpolio/project-ARPG/ARPG_Hunter/Content/99-Asset/Scene_RoadsideConstruction/Materials/MSPresets/MSVTTextures/WhitePlaceholder.uasset" 3032
"D:/work/project/portpolio/project-ARPG/ARPG_Hunter/Content/99-Asset/Scene_RoadsideConstruction/Materials/MSPresets/MSVTTextures/WhitePlaceholder.uexp" 3033
"D:/work/project/portpolio/project-ARPG/ARPG_Hunter/Content/99-Asset/Scene_RoadsideConstruction/Materials/MSPresets/M_MS_Default_Material_VT/Functions/MF_ObjAdjustments.uasset" 3034
"D:/work/project/portpolio/project-ARPG/ARPG_Hunter/Content/99-Asset/Scene_RoadsideConstruction/Materials/MSPresets/M_MS_Default_Material_VT/Functions/MF_ObjAdjustments.uexp" 3035
"D:/work/project/portpolio/project-ARPG/ARPG_Hunter/Content/99-Asset/Scene_RoadsideConstruction/Materials/MSPresets/MSVTTextures/Placeholder_Normal.uasset" 3036
"D:/work/project/portpolio/project-ARPG/ARPG_Hunter/Content/99-Asset/Scene_RoadsideConstruction/Materials/MSPresets/MSVTTextures/Placeholder_Normal.uexp" 3037
"D:/work/project/portpolio/project-ARPG/ARPG_Hunter/Content/99-Asset/Scene_RoadsideConstruction/Materials/MSPresets/M_MS_Default_Material_VT/M_MS_Default_Material_VT.uasset" 3038
"D:/work/project/portpolio/project-ARPG/ARPG_Hunter/Content/99-Asset/Scene_RoadsideConstruction/Materials/MSPresets/M_MS_Default_Material_VT/M_MS_Default_Material_VT.uexp" 3039
"D:/work/project/portpolio/project-ARPG/ARPG_Hunter/Content/99-Asset/Scene_RoadsideConstruction/Assets/MS/3D/Urb_Str_Debris_Asphalt_Set_03/T_Urb_Str_Debris_Asphalt_Set_03_N.uasset" 3040
"D:/work/project/portpolio/project-ARPG/ARPG_Hunter/Content/99-Asset/Scene_RoadsideConstruction/Assets/MS/3D/Urb_Str_Debris_Asphalt_Set_03/T_Urb_Str_Debris_Asphalt_Set_03_N.uexp" 3041
"D:/work/project/portpolio/project-ARPG/ARPG_Hunter/Content/99-Asset/Scene_RoadsideConstruction/Assets/MS/3D/Urb_Str_Debris_Asphalt_Set_03/T_Urb_Str_Debris_Asphalt_Set_03_D.uasset" 3042
"D:/work/project/portpolio/project-ARPG/ARPG_Hunter/Content/99-Asset/Scene_RoadsideConstruction/Assets/MS/3D/Urb_Str_Debris_Asphalt_Set_03/T_Urb_Str_Debris_Asphalt_Set_03_D.uexp" 3043
"D:/work/project/portpolio/project-ARPG/ARPG_Hunter/Content/99-Asset/Scene_RoadsideConstruction/Assets/MS/3D/Urb_Str_Debris_Asphalt_Set_03/MI_Urb_Str_Debris_Asphalt_Set_03.uasset" 3044
"D:/work/project/portpolio/project-ARPG/ARPG_Hunter/Content/99-Asset/Scene_RoadsideConstruction/Assets/MS/3D/Urb_Str_Debris_Asphalt_Set_03/MI_Urb_Str_Debris_Asphalt_Set_03.uexp" 3045
"D:/work/project/portpolio/project-ARPG/ARPG_Hunter/Content/99-Asset/Scene_RoadsideConstruction/Assets/MS/3D/Urb_Str_Debris_Asphalt_Set_03/SM_Urb_Str_Debris_Asphalt_Set_03_B.ubulk" 3046
"D:/work/project/portpolio/project-ARPG/ARPG_Hunter/Content/99-Asset/Scene_RoadsideConstruction/Assets/MS/3D/Urb_Str_Debris_Asphalt_Set_03/SM_Urb_Str_Debris_Asphalt_Set_03_B.uasset" 3047
"D:/work/project/portpolio/project-ARPG/ARPG_Hunter/Content/99-Asset/Scene_RoadsideConstruction/Assets/MS/3D/Urb_Str_Debris_Asphalt_Set_03/SM_Urb_Str_Debris_Asphalt_Set_03_B.uexp" 3048
"D:/work/project/portpolio/project-ARPG/ARPG_Hunter/Content/99-Asset/Scene_RoadsideConstruction/Assets/MS/3D/Urb_Str_Debris_Asphalt_Set_03/SM_Urb_Str_Debris_Asphalt_Set_03_A.ubulk" 3049
"D:/work/project/portpolio/project-ARPG/ARPG_Hunter/Content/99-Asset/Scene_RoadsideConstruction/Assets/MS/3D/Urb_Str_Debris_Asphalt_Set_03/SM_Urb_Str_Debris_Asphalt_Set_03_A.uasset" 3050
"D:/work/project/portpolio/project-ARPG/ARPG_Hunter/Content/99-Asset/Scene_RoadsideConstruction/Assets/MS/3D/Urb_Str_Debris_Asphalt_Set_03/SM_Urb_Str_Debris_Asphalt_Set_03_A.uexp" 3051
"D:/work/project/portpolio/project-ARPG/ARPG_Hunter/Content/99-Asset/Fab/Burned-out_Cars/burned_out_cars_texture_3.ubulk" 3052
"D:/work/project/portpolio/project-ARPG/ARPG_Hunter/Content/99-Asset/Fab/Burned-out_Cars/burned_out_cars_texture_3.uasset" 3053
"D:/work/project/portpolio/project-ARPG/ARPG_Hunter/Content/99-Asset/Fab/Burned-out_Cars/burned_out_cars_texture_3.uexp" 3054
"D:/work/project/portpolio/project-ARPG/ARPG_Hunter/Content/99-Asset/Fab/Burned-out_Cars/burned_out_cars_texture_4.ubulk" 3055
"D:/work/project/portpolio/project-ARPG/ARPG_Hunter/Content/99-Asset/Fab/Burned-out_Cars/burned_out_cars_texture_4.uasset" 3056
"D:/work/project/portpolio/project-ARPG/ARPG_Hunter/Content/99-Asset/Fab/Burned-out_Cars/burned_out_cars_texture_4.uexp" 3057
"D:/work/project/portpolio/project-ARPG/ARPG_Hunter/Content/99-Asset/Fab/Burned-out_Cars/burned_out_cars_texture_5.ubulk" 3058
"D:/work/project/portpolio/project-ARPG/ARPG_Hunter/Content/99-Asset/Fab/Burned-out_Cars/burned_out_cars_texture_5.uasset" 3059
"D:/work/project/portpolio/project-ARPG/ARPG_Hunter/Content/99-Asset/Fab/Burned-out_Cars/burned_out_cars_texture_5.uexp" 3060
"D:/work/project/portpolio/project-ARPG/ARPG_Hunter/Content/99-Asset/Fab/Burned-out_Cars/Material_26.uasset" 3061
"D:/work/project/portpolio/project-ARPG/ARPG_Hunter/Content/99-Asset/Fab/Burned-out_Cars/Material_26.uexp" 3062
"D:/work/project/portpolio/project-ARPG/ARPG_Hunter/Content/99-Asset/Fab/Burned-out_Cars/burned_out_cars_1.ubulk" 3063
"D:/work/project/portpolio/project-ARPG/ARPG_Hunter/Content/99-Asset/Fab/Burned-out_Cars/burned_out_cars_1.uasset" 3064
"D:/work/project/portpolio/project-ARPG/ARPG_Hunter/Content/99-Asset/Fab/Burned-out_Cars/burned_out_cars_1.uexp" 3065
"D:/work/project/portpolio/project-ARPG/ARPG_Hunter/Content/99-Asset/Fab/Burned-out_Cars/burned_out_cars_texture_0.ubulk" 3066
"D:/work/project/portpolio/project-ARPG/ARPG_Hunter/Content/99-Asset/Fab/Burned-out_Cars/burned_out_cars_texture_0.uasset" 3067
"D:/work/project/portpolio/project-ARPG/ARPG_Hunter/Content/99-Asset/Fab/Burned-out_Cars/burned_out_cars_texture_0.uexp" 3068
"D:/work/project/portpolio/project-ARPG/ARPG_Hunter/Content/99-Asset/Fab/Burned-out_Cars/burned_out_cars_texture_1.ubulk" 3069
"D:/work/project/portpolio/project-ARPG/ARPG_Hunter/Content/99-Asset/Fab/Burned-out_Cars/burned_out_cars_texture_1.uasset" 3070
"D:/work/project/portpolio/project-ARPG/ARPG_Hunter/Content/99-Asset/Fab/Burned-out_Cars/burned_out_cars_texture_1.uexp" 3071
"D:/work/project/portpolio/project-ARPG/ARPG_Hunter/Content/99-Asset/Fab/Burned-out_Cars/burned_out_cars_texture_2.ubulk" 3072
"D:/work/project/portpolio/project-ARPG/ARPG_Hunter/Content/99-Asset/Fab/Burned-out_Cars/burned_out_cars_texture_2.uasset" 3073
"D:/work/project/portpolio/project-ARPG/ARPG_Hunter/Content/99-Asset/Fab/Burned-out_Cars/burned_out_cars_texture_2.uexp" 3074
"D:/work/project/portpolio/project-ARPG/ARPG_Hunter/Content/99-Asset/Fab/Burned-out_Cars/Material_25.uasset" 3075
"D:/work/project/portpolio/project-ARPG/ARPG_Hunter/Content/99-Asset/Fab/Burned-out_Cars/Material_25.uexp" 3076
"D:/work/project/portpolio/project-ARPG/ARPG_Hunter/Content/99-Asset/Fab/Burned-out_Cars/burned_out_cars_2.ubulk" 3077
"D:/work/project/portpolio/project-ARPG/ARPG_Hunter/Content/99-Asset/Fab/Burned-out_Cars/burned_out_cars_2.uasset" 3078
"D:/work/project/portpolio/project-ARPG/ARPG_Hunter/Content/99-Asset/Fab/Burned-out_Cars/burned_out_cars_2.uexp" 3079
"D:/work/project/portpolio/project-ARPG/ARPG_Hunter/Content/99-Asset/Fab/Post-apocalyptic_buildings/post_apocalyptic_buildings_texture_11.ubulk" 3080
"D:/work/project/portpolio/project-ARPG/ARPG_Hunter/Content/99-Asset/Fab/Post-apocalyptic_buildings/post_apocalyptic_buildings_texture_11.uasset" 3081
"D:/work/project/portpolio/project-ARPG/ARPG_Hunter/Content/99-Asset/Fab/Post-apocalyptic_buildings/post_apocalyptic_buildings_texture_11.uexp" 3082
"D:/work/project/portpolio/project-ARPG/ARPG_Hunter/Content/99-Asset/Fab/Post-apocalyptic_buildings/post_apocalyptic_buildings_texture_12.ubulk" 3083
"D:/work/project/portpolio/project-ARPG/ARPG_Hunter/Content/99-Asset/Fab/Post-apocalyptic_buildings/post_apocalyptic_buildings_texture_12.uasset" 3084
"D:/work/project/portpolio/project-ARPG/ARPG_Hunter/Content/99-Asset/Fab/Post-apocalyptic_buildings/post_apocalyptic_buildings_texture_12.uexp" 3085
"D:/work/project/portpolio/project-ARPG/ARPG_Hunter/Content/99-Asset/Fab/Post-apocalyptic_buildings/post_apocalyptic_buildings_texture_13.ubulk" 3086
"D:/work/project/portpolio/project-ARPG/ARPG_Hunter/Content/99-Asset/Fab/Post-apocalyptic_buildings/post_apocalyptic_buildings_texture_13.uasset" 3087
"D:/work/project/portpolio/project-ARPG/ARPG_Hunter/Content/99-Asset/Fab/Post-apocalyptic_buildings/post_apocalyptic_buildings_texture_13.uexp" 3088
"D:/work/project/portpolio/project-ARPG/ARPG_Hunter/Content/99-Asset/Fab/Post-apocalyptic_buildings/Metal.uasset" 3089
"D:/work/project/portpolio/project-ARPG/ARPG_Hunter/Content/99-Asset/Fab/Post-apocalyptic_buildings/Metal.uexp" 3090
"D:/work/project/portpolio/project-ARPG/ARPG_Hunter/Content/99-Asset/Fab/Post-apocalyptic_buildings/post_apocalyptic_buildings_texture_2.ubulk" 3091
"D:/work/project/portpolio/project-ARPG/ARPG_Hunter/Content/99-Asset/Fab/Post-apocalyptic_buildings/post_apocalyptic_buildings_texture_2.uasset" 3092
"D:/work/project/portpolio/project-ARPG/ARPG_Hunter/Content/99-Asset/Fab/Post-apocalyptic_buildings/post_apocalyptic_buildings_texture_2.uexp" 3093
"D:/work/project/portpolio/project-ARPG/ARPG_Hunter/Content/99-Asset/Fab/Post-apocalyptic_buildings/post_apocalyptic_buildings_texture_3.ubulk" 3094
"D:/work/project/portpolio/project-ARPG/ARPG_Hunter/Content/99-Asset/Fab/Post-apocalyptic_buildings/post_apocalyptic_buildings_texture_3.uasset" 3095
"D:/work/project/portpolio/project-ARPG/ARPG_Hunter/Content/99-Asset/Fab/Post-apocalyptic_buildings/post_apocalyptic_buildings_texture_3.uexp" 3096
"D:/work/project/portpolio/project-ARPG/ARPG_Hunter/Content/99-Asset/Fab/Post-apocalyptic_buildings/post_apocalyptic_buildings_texture_4.ubulk" 3097
"D:/work/project/portpolio/project-ARPG/ARPG_Hunter/Content/99-Asset/Fab/Post-apocalyptic_buildings/post_apocalyptic_buildings_texture_4.uasset" 3098
"D:/work/project/portpolio/project-ARPG/ARPG_Hunter/Content/99-Asset/Fab/Post-apocalyptic_buildings/post_apocalyptic_buildings_texture_4.uexp" 3099
"D:/work/project/portpolio/project-ARPG/ARPG_Hunter/Content/99-Asset/Fab/Post-apocalyptic_buildings/paint_B1.uasset" 3100
"D:/work/project/portpolio/project-ARPG/ARPG_Hunter/Content/99-Asset/Fab/Post-apocalyptic_buildings/paint_B1.uexp" 3101
"D:/work/project/portpolio/project-ARPG/ARPG_Hunter/Content/99-Asset/Fab/Post-apocalyptic_buildings/post_apocalyptic_buildings_texture_5.ubulk" 3102
"D:/work/project/portpolio/project-ARPG/ARPG_Hunter/Content/99-Asset/Fab/Post-apocalyptic_buildings/post_apocalyptic_buildings_texture_5.uasset" 3103
"D:/work/project/portpolio/project-ARPG/ARPG_Hunter/Content/99-Asset/Fab/Post-apocalyptic_buildings/post_apocalyptic_buildings_texture_5.uexp" 3104
"D:/work/project/portpolio/project-ARPG/ARPG_Hunter/Content/99-Asset/Fab/Post-apocalyptic_buildings/post_apocalyptic_buildings_texture_6.ubulk" 3105
"D:/work/project/portpolio/project-ARPG/ARPG_Hunter/Content/99-Asset/Fab/Post-apocalyptic_buildings/post_apocalyptic_buildings_texture_6.uasset" 3106
"D:/work/project/portpolio/project-ARPG/ARPG_Hunter/Content/99-Asset/Fab/Post-apocalyptic_buildings/post_apocalyptic_buildings_texture_6.uexp" 3107
"D:/work/project/portpolio/project-ARPG/ARPG_Hunter/Content/99-Asset/Fab/Post-apocalyptic_buildings/post_apocalyptic_buildings_texture_7.ubulk" 3108
"D:/work/project/portpolio/project-ARPG/ARPG_Hunter/Content/99-Asset/Fab/Post-apocalyptic_buildings/post_apocalyptic_buildings_texture_7.uasset" 3109
"D:/work/project/portpolio/project-ARPG/ARPG_Hunter/Content/99-Asset/Fab/Post-apocalyptic_buildings/post_apocalyptic_buildings_texture_7.uexp" 3110
"D:/work/project/portpolio/project-ARPG/ARPG_Hunter/Content/99-Asset/Fab/Post-apocalyptic_buildings/concrete_inner.uasset" 3111
"D:/work/project/portpolio/project-ARPG/ARPG_Hunter/Content/99-Asset/Fab/Post-apocalyptic_buildings/concrete_inner.uexp" 3112
"../../../Engine/Plugins/Interchange/Assets/Content/gltf/MaterialInstances/MI_Transmission_DS.uasset" 3113
"../../../Engine/Plugins/Interchange/Assets/Content/gltf/MaterialInstances/MI_Transmission_DS.uexp" 3114
"D:/work/project/portpolio/project-ARPG/ARPG_Hunter/Content/99-Asset/Fab/Post-apocalyptic_buildings/Glass_window.uasset" 3115
"D:/work/project/portpolio/project-ARPG/ARPG_Hunter/Content/99-Asset/Fab/Post-apocalyptic_buildings/Glass_window.uexp" 3116
"D:/work/project/portpolio/project-ARPG/ARPG_Hunter/Content/99-Asset/Fab/Post-apocalyptic_buildings/post_apocalyptic_buildings_texture_0.ubulk" 3117
"D:/work/project/portpolio/project-ARPG/ARPG_Hunter/Content/99-Asset/Fab/Post-apocalyptic_buildings/post_apocalyptic_buildings_texture_0.uasset" 3118
"D:/work/project/portpolio/project-ARPG/ARPG_Hunter/Content/99-Asset/Fab/Post-apocalyptic_buildings/post_apocalyptic_buildings_texture_0.uexp" 3119
"D:/work/project/portpolio/project-ARPG/ARPG_Hunter/Content/99-Asset/Fab/Post-apocalyptic_buildings/post_apocalyptic_buildings_texture_1.ubulk" 3120
"D:/work/project/portpolio/project-ARPG/ARPG_Hunter/Content/99-Asset/Fab/Post-apocalyptic_buildings/post_apocalyptic_buildings_texture_1.uasset" 3121
"D:/work/project/portpolio/project-ARPG/ARPG_Hunter/Content/99-Asset/Fab/Post-apocalyptic_buildings/post_apocalyptic_buildings_texture_1.uexp" 3122
"D:/work/project/portpolio/project-ARPG/ARPG_Hunter/Content/99-Asset/Fab/Post-apocalyptic_buildings/Metal_inner.uasset" 3123
"D:/work/project/portpolio/project-ARPG/ARPG_Hunter/Content/99-Asset/Fab/Post-apocalyptic_buildings/Metal_inner.uexp" 3124
"D:/work/project/portpolio/project-ARPG/ARPG_Hunter/Content/99-Asset/Fab/Post-apocalyptic_buildings/post_apocalyptic_buildings_texture_8.ubulk" 3125
"D:/work/project/portpolio/project-ARPG/ARPG_Hunter/Content/99-Asset/Fab/Post-apocalyptic_buildings/post_apocalyptic_buildings_texture_8.uasset" 3126
"D:/work/project/portpolio/project-ARPG/ARPG_Hunter/Content/99-Asset/Fab/Post-apocalyptic_buildings/post_apocalyptic_buildings_texture_8.uexp" 3127
"D:/work/project/portpolio/project-ARPG/ARPG_Hunter/Content/99-Asset/Fab/Post-apocalyptic_buildings/post_apocalyptic_buildings_texture_9.ubulk" 3128
"D:/work/project/portpolio/project-ARPG/ARPG_Hunter/Content/99-Asset/Fab/Post-apocalyptic_buildings/post_apocalyptic_buildings_texture_9.uasset" 3129
"D:/work/project/portpolio/project-ARPG/ARPG_Hunter/Content/99-Asset/Fab/Post-apocalyptic_buildings/post_apocalyptic_buildings_texture_9.uexp" 3130
"D:/work/project/portpolio/project-ARPG/ARPG_Hunter/Content/99-Asset/Fab/Post-apocalyptic_buildings/post_apocalyptic_buildings_texture_10.ubulk" 3131
"D:/work/project/portpolio/project-ARPG/ARPG_Hunter/Content/99-Asset/Fab/Post-apocalyptic_buildings/post_apocalyptic_buildings_texture_10.uasset" 3132
"D:/work/project/portpolio/project-ARPG/ARPG_Hunter/Content/99-Asset/Fab/Post-apocalyptic_buildings/post_apocalyptic_buildings_texture_10.uexp" 3133
"D:/work/project/portpolio/project-ARPG/ARPG_Hunter/Content/99-Asset/Fab/Post-apocalyptic_buildings/Metal_bar.uasset" 3134
"D:/work/project/portpolio/project-ARPG/ARPG_Hunter/Content/99-Asset/Fab/Post-apocalyptic_buildings/Metal_bar.uexp" 3135
"D:/work/project/portpolio/project-ARPG/ARPG_Hunter/Content/99-Asset/Fab/Post-apocalyptic_buildings/post_apocalyptic_buildings_1.ubulk" 3136
"D:/work/project/portpolio/project-ARPG/ARPG_Hunter/Content/99-Asset/Fab/Post-apocalyptic_buildings/post_apocalyptic_buildings_1.uasset" 3137
"D:/work/project/portpolio/project-ARPG/ARPG_Hunter/Content/99-Asset/Fab/Post-apocalyptic_buildings/post_apocalyptic_buildings_1.uexp" 3138
"D:/work/project/portpolio/project-ARPG/ARPG_Hunter/Content/99-Asset/Fab/Post-apocalyptic_buildings/post_apocalyptic_buildings_texture_14.ubulk" 3139
"D:/work/project/portpolio/project-ARPG/ARPG_Hunter/Content/99-Asset/Fab/Post-apocalyptic_buildings/post_apocalyptic_buildings_texture_14.uasset" 3140
"D:/work/project/portpolio/project-ARPG/ARPG_Hunter/Content/99-Asset/Fab/Post-apocalyptic_buildings/post_apocalyptic_buildings_texture_14.uexp" 3141
"D:/work/project/portpolio/project-ARPG/ARPG_Hunter/Content/99-Asset/Fab/Post-apocalyptic_buildings/post_apocalyptic_buildings_texture_15.ubulk" 3142
"D:/work/project/portpolio/project-ARPG/ARPG_Hunter/Content/99-Asset/Fab/Post-apocalyptic_buildings/post_apocalyptic_buildings_texture_15.uasset" 3143
"D:/work/project/portpolio/project-ARPG/ARPG_Hunter/Content/99-Asset/Fab/Post-apocalyptic_buildings/post_apocalyptic_buildings_texture_15.uexp" 3144
"D:/work/project/portpolio/project-ARPG/ARPG_Hunter/Content/99-Asset/Fab/Post-apocalyptic_buildings/post_apocalyptic_buildings_texture_16.ubulk" 3145
"D:/work/project/portpolio/project-ARPG/ARPG_Hunter/Content/99-Asset/Fab/Post-apocalyptic_buildings/post_apocalyptic_buildings_texture_16.uasset" 3146
"D:/work/project/portpolio/project-ARPG/ARPG_Hunter/Content/99-Asset/Fab/Post-apocalyptic_buildings/post_apocalyptic_buildings_texture_16.uexp" 3147
"D:/work/project/portpolio/project-ARPG/ARPG_Hunter/Content/99-Asset/Fab/Post-apocalyptic_buildings/paint_B2.uasset" 3148
"D:/work/project/portpolio/project-ARPG/ARPG_Hunter/Content/99-Asset/Fab/Post-apocalyptic_buildings/paint_B2.uexp" 3149
"D:/work/project/portpolio/project-ARPG/ARPG_Hunter/Content/99-Asset/Fab/Post-apocalyptic_buildings/post_apocalyptic_buildings_2.ubulk" 3150
"D:/work/project/portpolio/project-ARPG/ARPG_Hunter/Content/99-Asset/Fab/Post-apocalyptic_buildings/post_apocalyptic_buildings_2.uasset" 3151
"D:/work/project/portpolio/project-ARPG/ARPG_Hunter/Content/99-Asset/Fab/Post-apocalyptic_buildings/post_apocalyptic_buildings_2.uexp" 3152
"D:/work/project/portpolio/project-ARPG/ARPG_Hunter/Content/99-Asset/Fab/Post-apocalyptic_buildings/paint_B3.uasset" 3153
"D:/work/project/portpolio/project-ARPG/ARPG_Hunter/Content/99-Asset/Fab/Post-apocalyptic_buildings/paint_B3.uexp" 3154
"D:/work/project/portpolio/project-ARPG/ARPG_Hunter/Content/99-Asset/Fab/Post-apocalyptic_buildings/post_apocalyptic_buildings_3.ubulk" 3155
"D:/work/project/portpolio/project-ARPG/ARPG_Hunter/Content/99-Asset/Fab/Post-apocalyptic_buildings/post_apocalyptic_buildings_3.uasset" 3156
"D:/work/project/portpolio/project-ARPG/ARPG_Hunter/Content/99-Asset/Fab/Post-apocalyptic_buildings/post_apocalyptic_buildings_3.uexp" 3157
"D:/work/project/portpolio/project-ARPG/ARPG_Hunter/Content/99-Asset/Fab/Post-apocalyptic_buildings/post_apocalyptic_buildings_texture_17.ubulk" 3158
"D:/work/project/portpolio/project-ARPG/ARPG_Hunter/Content/99-Asset/Fab/Post-apocalyptic_buildings/post_apocalyptic_buildings_texture_17.uasset" 3159
"D:/work/project/portpolio/project-ARPG/ARPG_Hunter/Content/99-Asset/Fab/Post-apocalyptic_buildings/post_apocalyptic_buildings_texture_17.uexp" 3160
"D:/work/project/portpolio/project-ARPG/ARPG_Hunter/Content/99-Asset/Fab/Post-apocalyptic_buildings/paint_B4.uasset" 3161
"D:/work/project/portpolio/project-ARPG/ARPG_Hunter/Content/99-Asset/Fab/Post-apocalyptic_buildings/paint_B4.uexp" 3162
"D:/work/project/portpolio/project-ARPG/ARPG_Hunter/Content/99-Asset/Fab/Post-apocalyptic_buildings/post_apocalyptic_buildings_4.ubulk" 3163
"D:/work/project/portpolio/project-ARPG/ARPG_Hunter/Content/99-Asset/Fab/Post-apocalyptic_buildings/post_apocalyptic_buildings_4.uasset" 3164
"D:/work/project/portpolio/project-ARPG/ARPG_Hunter/Content/99-Asset/Fab/Post-apocalyptic_buildings/post_apocalyptic_buildings_4.uexp" 3165
"D:/work/project/portpolio/project-ARPG/ARPG_Hunter/Content/99-Asset/Fab/Post-apocalyptic_buildings/paint_B5.uasset" 3166
"D:/work/project/portpolio/project-ARPG/ARPG_Hunter/Content/99-Asset/Fab/Post-apocalyptic_buildings/paint_B5.uexp" 3167
"D:/work/project/portpolio/project-ARPG/ARPG_Hunter/Content/99-Asset/Fab/Post-apocalyptic_buildings/post_apocalyptic_buildings_5.ubulk" 3168
"D:/work/project/portpolio/project-ARPG/ARPG_Hunter/Content/99-Asset/Fab/Post-apocalyptic_buildings/post_apocalyptic_buildings_5.uasset" 3169
"D:/work/project/portpolio/project-ARPG/ARPG_Hunter/Content/99-Asset/Fab/Post-apocalyptic_buildings/post_apocalyptic_buildings_5.uexp" 3170
"D:/work/project/portpolio/project-ARPG/ARPG_Hunter/Content/99-Asset/Fab/Post-apocalyptic_buildings/paint_B6.uasset" 3171
"D:/work/project/portpolio/project-ARPG/ARPG_Hunter/Content/99-Asset/Fab/Post-apocalyptic_buildings/paint_B6.uexp" 3172
"D:/work/project/portpolio/project-ARPG/ARPG_Hunter/Content/99-Asset/Fab/Post-apocalyptic_buildings/post_apocalyptic_buildings_6.ubulk" 3173
"D:/work/project/portpolio/project-ARPG/ARPG_Hunter/Content/99-Asset/Fab/Post-apocalyptic_buildings/post_apocalyptic_buildings_6.uasset" 3174
"D:/work/project/portpolio/project-ARPG/ARPG_Hunter/Content/99-Asset/Fab/Post-apocalyptic_buildings/post_apocalyptic_buildings_6.uexp" 3175
"D:/work/project/portpolio/project-ARPG/ARPG_Hunter/Content/02-BP/Object/BP_BuildingPlace.uasset" 3176
"D:/work/project/portpolio/project-ARPG/ARPG_Hunter/Content/02-BP/Object/BP_BuildingPlace.uexp" 3177
"D:/work/project/portpolio/project-ARPG/ARPG_Hunter/Content/99-Asset/Scene_RoadsideConstruction/Assets/MS/3D/Urb_Str_Debris_Asphalt_Set_03/SM_Urb_Str_Debris_Asphalt_Set_03_C.ubulk" 3178
"D:/work/project/portpolio/project-ARPG/ARPG_Hunter/Content/99-Asset/Scene_RoadsideConstruction/Assets/MS/3D/Urb_Str_Debris_Asphalt_Set_03/SM_Urb_Str_Debris_Asphalt_Set_03_C.uasset" 3179
"D:/work/project/portpolio/project-ARPG/ARPG_Hunter/Content/99-Asset/Scene_RoadsideConstruction/Assets/MS/3D/Urb_Str_Debris_Asphalt_Set_03/SM_Urb_Str_Debris_Asphalt_Set_03_C.uexp" 3180
"D:/work/project/portpolio/project-ARPG/ARPG_Hunter/Content/99-Asset/Fab/Street_Lamp/Material_004.uasset" 3181
"D:/work/project/portpolio/project-ARPG/ARPG_Hunter/Content/99-Asset/Fab/Street_Lamp/Material_004.uexp" 3182
"D:/work/project/portpolio/project-ARPG/ARPG_Hunter/Content/99-Asset/Fab/Street_Lamp/street_lamp_texture_0.ubulk" 3183
"D:/work/project/portpolio/project-ARPG/ARPG_Hunter/Content/99-Asset/Fab/Street_Lamp/street_lamp_texture_0.uasset" 3184
"D:/work/project/portpolio/project-ARPG/ARPG_Hunter/Content/99-Asset/Fab/Street_Lamp/street_lamp_texture_0.uexp" 3185
"D:/work/project/portpolio/project-ARPG/ARPG_Hunter/Content/99-Asset/Fab/Street_Lamp/street_lamp_texture_1.ubulk" 3186
"D:/work/project/portpolio/project-ARPG/ARPG_Hunter/Content/99-Asset/Fab/Street_Lamp/street_lamp_texture_1.uasset" 3187
"D:/work/project/portpolio/project-ARPG/ARPG_Hunter/Content/99-Asset/Fab/Street_Lamp/street_lamp_texture_1.uexp" 3188
"D:/work/project/portpolio/project-ARPG/ARPG_Hunter/Content/99-Asset/Fab/Street_Lamp/Material_002.uasset" 3189
"D:/work/project/portpolio/project-ARPG/ARPG_Hunter/Content/99-Asset/Fab/Street_Lamp/Material_002.uexp" 3190
"D:/work/project/portpolio/project-ARPG/ARPG_Hunter/Content/99-Asset/Fab/Street_Lamp/street_lamp.ubulk" 3191
"D:/work/project/portpolio/project-ARPG/ARPG_Hunter/Content/99-Asset/Fab/Street_Lamp/street_lamp.uasset" 3192
"D:/work/project/portpolio/project-ARPG/ARPG_Hunter/Content/99-Asset/Fab/Street_Lamp/street_lamp.uexp" 3193
"D:/work/project/portpolio/project-ARPG/ARPG_Hunter/Content/99-Asset/Scene_RoadsideConstruction/Assets/MS/3D/Urb_Str_Debris_Asphalt_Set_03/SM_Urb_Str_Debris_Asphalt_Set_03_E.ubulk" 3194
"D:/work/project/portpolio/project-ARPG/ARPG_Hunter/Content/99-Asset/Scene_RoadsideConstruction/Assets/MS/3D/Urb_Str_Debris_Asphalt_Set_03/SM_Urb_Str_Debris_Asphalt_Set_03_E.uasset" 3195
"D:/work/project/portpolio/project-ARPG/ARPG_Hunter/Content/99-Asset/Scene_RoadsideConstruction/Assets/MS/3D/Urb_Str_Debris_Asphalt_Set_03/SM_Urb_Str_Debris_Asphalt_Set_03_E.uexp" 3196
"D:/work/project/portpolio/project-ARPG/ARPG_Hunter/Content/02-BP/Object/BP_CharacterBlock.uasset" 3197
"D:/work/project/portpolio/project-ARPG/ARPG_Hunter/Content/02-BP/Object/BP_CharacterBlock.uexp" 3198
"D:/work/project/portpolio/project-ARPG/ARPG_Hunter/Content/99-Asset/Scene_RoadsideConstruction/Assets/MS/Surfaces/Ground_Asphalt_Crushed_01/T_Ground_Asphalt_Crushed_01_N.uasset" 3199
"D:/work/project/portpolio/project-ARPG/ARPG_Hunter/Content/99-Asset/Scene_RoadsideConstruction/Assets/MS/Surfaces/Ground_Asphalt_Crushed_01/T_Ground_Asphalt_Crushed_01_N.uexp" 3200
"D:/work/project/portpolio/project-ARPG/ARPG_Hunter/Content/99-Asset/Scene_RoadsideConstruction/Assets/MS/Surfaces/Ground_Asphalt_Crushed_01/T_Ground_Asphalt_Crushed_01_ORDp.uasset" 3201
"D:/work/project/portpolio/project-ARPG/ARPG_Hunter/Content/99-Asset/Scene_RoadsideConstruction/Assets/MS/Surfaces/Ground_Asphalt_Crushed_01/T_Ground_Asphalt_Crushed_01_ORDp.uexp" 3202
"D:/work/project/portpolio/project-ARPG/ARPG_Hunter/Content/99-Asset/Scene_RoadsideConstruction/Assets/MS/Surfaces/Ground_Asphalt_Crushed_01/T_Ground_Asphalt_Crushed_01_D.uasset" 3203
"D:/work/project/portpolio/project-ARPG/ARPG_Hunter/Content/99-Asset/Scene_RoadsideConstruction/Assets/MS/Surfaces/Ground_Asphalt_Crushed_01/T_Ground_Asphalt_Crushed_01_D.uexp" 3204
"D:/work/project/portpolio/project-ARPG/ARPG_Hunter/Content/99-Asset/Scene_RoadsideConstruction/Materials/MasterMaterials/M_Urb_Roa_SurfaceSimple.uasset" 3205
"D:/work/project/portpolio/project-ARPG/ARPG_Hunter/Content/99-Asset/Scene_RoadsideConstruction/Materials/MasterMaterials/M_Urb_Roa_SurfaceSimple.uexp" 3206
"D:/work/project/portpolio/project-ARPG/ARPG_Hunter/Content/99-Asset/Scene_RoadsideConstruction/Assets/MS/Surfaces/Ground_Asphalt_Rough_03/T_Ground_Asphalt_Rough_03_D.uasset" 3207
"D:/work/project/portpolio/project-ARPG/ARPG_Hunter/Content/99-Asset/Scene_RoadsideConstruction/Assets/MS/Surfaces/Ground_Asphalt_Rough_03/T_Ground_Asphalt_Rough_03_D.uexp" 3208
"D:/work/project/portpolio/project-ARPG/ARPG_Hunter/Content/99-Asset/Scene_RoadsideConstruction/Assets/MS/Surfaces/Ground_Asphalt_Rough_03/T_Ground_Asphalt_Rough_03_ORDp.uasset" 3209
"D:/work/project/portpolio/project-ARPG/ARPG_Hunter/Content/99-Asset/Scene_RoadsideConstruction/Assets/MS/Surfaces/Ground_Asphalt_Rough_03/T_Ground_Asphalt_Rough_03_ORDp.uexp" 3210
"D:/work/project/portpolio/project-ARPG/ARPG_Hunter/Content/99-Asset/Scene_RoadsideConstruction/Assets/MS/Surfaces/Ground_Asphalt_Rough_03/T_Ground_Asphalt_Rough_03_N.uasset" 3211
"D:/work/project/portpolio/project-ARPG/ARPG_Hunter/Content/99-Asset/Scene_RoadsideConstruction/Assets/MS/Surfaces/Ground_Asphalt_Rough_03/T_Ground_Asphalt_Rough_03_N.uexp" 3212
"D:/work/project/portpolio/project-ARPG/ARPG_Hunter/Content/99-Asset/Scene_RoadsideConstruction/Materials/MaterialInstances/MI_Urb_Roa_Asphalt.uasset" 3213
"D:/work/project/portpolio/project-ARPG/ARPG_Hunter/Content/99-Asset/Scene_RoadsideConstruction/Materials/MaterialInstances/MI_Urb_Roa_Asphalt.uexp" 3214
"../../../Engine/Plugins/Fab/Content/Textures/Standard/T_DefaultDisplacement.uasset" 3215
"../../../Engine/Plugins/Fab/Content/Textures/Standard/T_DefaultDisplacement.uexp" 3216
"../../../Engine/Plugins/Fab/Content/MaterialFunctions/QMF_BaseColorAdjustments.uasset" 3217
"../../../Engine/Plugins/Fab/Content/MaterialFunctions/QMF_BaseColorAdjustments.uexp" 3218
"../../../Engine/Plugins/Fab/Content/Textures/Standard/T_DefaultNormal.uasset" 3219
"../../../Engine/Plugins/Fab/Content/Textures/Standard/T_DefaultNormal.uexp" 3220
"../../../Engine/Plugins/Fab/Content/Textures/Standard/T_DefaultMasks.uasset" 3221
"../../../Engine/Plugins/Fab/Content/Textures/Standard/T_DefaultMasks.uexp" 3222
"../../../Engine/Plugins/Fab/Content/MaterialFunctions/QMF_RoughnessAdjustments.uasset" 3223
"../../../Engine/Plugins/Fab/Content/MaterialFunctions/QMF_RoughnessAdjustments.uexp" 3224
"../../../Engine/Plugins/Fab/Content/MaterialFunctions/QMF_NormalAdjustments.uasset" 3225
"../../../Engine/Plugins/Fab/Content/MaterialFunctions/QMF_NormalAdjustments.uexp" 3226
"../../../Engine/Plugins/Fab/Content/MaterialFunctions/QMF_AOAdjustments.uasset" 3227
"../../../Engine/Plugins/Fab/Content/MaterialFunctions/QMF_AOAdjustments.uexp" 3228
"../../../Engine/Plugins/Fab/Content/Textures/Standard/T_DefaultColor.uasset" 3229
"../../../Engine/Plugins/Fab/Content/Textures/Standard/T_DefaultColor.uexp" 3230
"../../../Engine/Plugins/Fab/Content/Materials/Standard/M_MS_Base.uasset" 3231
"../../../Engine/Plugins/Fab/Content/Materials/Standard/M_MS_Base.uexp" 3232
"D:/work/project/portpolio/project-ARPG/ARPG_Hunter/Content/99-Asset/Fab/Megascans/3D/Modular_Concrete_Median_Kit_vdqoedxdw/Medium/T_vdqoedxdw_2K_B.ubulk" 3233
"D:/work/project/portpolio/project-ARPG/ARPG_Hunter/Content/99-Asset/Fab/Megascans/3D/Modular_Concrete_Median_Kit_vdqoedxdw/Medium/T_vdqoedxdw_2K_B.uasset" 3234
"D:/work/project/portpolio/project-ARPG/ARPG_Hunter/Content/99-Asset/Fab/Megascans/3D/Modular_Concrete_Median_Kit_vdqoedxdw/Medium/T_vdqoedxdw_2K_B.uexp" 3235
"D:/work/project/portpolio/project-ARPG/ARPG_Hunter/Content/99-Asset/Fab/Megascans/3D/Modular_Concrete_Median_Kit_vdqoedxdw/Medium/T_vdqoedxdw_2K_ORM.ubulk" 3236
"D:/work/project/portpolio/project-ARPG/ARPG_Hunter/Content/99-Asset/Fab/Megascans/3D/Modular_Concrete_Median_Kit_vdqoedxdw/Medium/T_vdqoedxdw_2K_ORM.uasset" 3237
"D:/work/project/portpolio/project-ARPG/ARPG_Hunter/Content/99-Asset/Fab/Megascans/3D/Modular_Concrete_Median_Kit_vdqoedxdw/Medium/T_vdqoedxdw_2K_ORM.uexp" 3238
"D:/work/project/portpolio/project-ARPG/ARPG_Hunter/Content/99-Asset/Fab/Megascans/3D/Modular_Concrete_Median_Kit_vdqoedxdw/Medium/T_vdqoedxdw_2K_N.ubulk" 3239
"D:/work/project/portpolio/project-ARPG/ARPG_Hunter/Content/99-Asset/Fab/Megascans/3D/Modular_Concrete_Median_Kit_vdqoedxdw/Medium/T_vdqoedxdw_2K_N.uasset" 3240
"D:/work/project/portpolio/project-ARPG/ARPG_Hunter/Content/99-Asset/Fab/Megascans/3D/Modular_Concrete_Median_Kit_vdqoedxdw/Medium/T_vdqoedxdw_2K_N.uexp" 3241
"D:/work/project/portpolio/project-ARPG/ARPG_Hunter/Content/99-Asset/Fab/Megascans/3D/Modular_Concrete_Median_Kit_vdqoedxdw/Medium/MI_vdqoedxdw.uasset" 3242
"D:/work/project/portpolio/project-ARPG/ARPG_Hunter/Content/99-Asset/Fab/Megascans/3D/Modular_Concrete_Median_Kit_vdqoedxdw/Medium/MI_vdqoedxdw.uexp" 3243
"D:/work/project/portpolio/project-ARPG/ARPG_Hunter/Content/99-Asset/Scene_RoadsideConstruction/Assets/SM_StreetRoad.ubulk" 3244
"D:/work/project/portpolio/project-ARPG/ARPG_Hunter/Content/99-Asset/Scene_RoadsideConstruction/Assets/SM_StreetRoad.uasset" 3245
"D:/work/project/portpolio/project-ARPG/ARPG_Hunter/Content/99-Asset/Scene_RoadsideConstruction/Assets/SM_StreetRoad.uexp" 3246
"D:/work/project/portpolio/project-ARPG/ARPG_Hunter/Content/02-BP/Object/BP_RoadSpline.uasset" 3247
"D:/work/project/portpolio/project-ARPG/ARPG_Hunter/Content/02-BP/Object/BP_RoadSpline.uexp" 3248
"D:/work/project/portpolio/project-ARPG/ARPG_Hunter/Content/99-Asset/Fab/Megascans/3D/Concrete_Rubble_Pile_tgdtfg0da/Medium/T_tgdtfg0da_2K_N.ubulk" 3249
"D:/work/project/portpolio/project-ARPG/ARPG_Hunter/Content/99-Asset/Fab/Megascans/3D/Concrete_Rubble_Pile_tgdtfg0da/Medium/T_tgdtfg0da_2K_N.uasset" 3250
"D:/work/project/portpolio/project-ARPG/ARPG_Hunter/Content/99-Asset/Fab/Megascans/3D/Concrete_Rubble_Pile_tgdtfg0da/Medium/T_tgdtfg0da_2K_N.uexp" 3251
"D:/work/project/portpolio/project-ARPG/ARPG_Hunter/Content/99-Asset/Fab/Megascans/3D/Concrete_Rubble_Pile_tgdtfg0da/Medium/T_tgdtfg0da_2K_ORM.ubulk" 3252
"D:/work/project/portpolio/project-ARPG/ARPG_Hunter/Content/99-Asset/Fab/Megascans/3D/Concrete_Rubble_Pile_tgdtfg0da/Medium/T_tgdtfg0da_2K_ORM.uasset" 3253
"D:/work/project/portpolio/project-ARPG/ARPG_Hunter/Content/99-Asset/Fab/Megascans/3D/Concrete_Rubble_Pile_tgdtfg0da/Medium/T_tgdtfg0da_2K_ORM.uexp" 3254
"D:/work/project/portpolio/project-ARPG/ARPG_Hunter/Content/99-Asset/Fab/Megascans/3D/Concrete_Rubble_Pile_tgdtfg0da/Medium/T_tgdtfg0da_2K_B.ubulk" 3255
"D:/work/project/portpolio/project-ARPG/ARPG_Hunter/Content/99-Asset/Fab/Megascans/3D/Concrete_Rubble_Pile_tgdtfg0da/Medium/T_tgdtfg0da_2K_B.uasset" 3256
"D:/work/project/portpolio/project-ARPG/ARPG_Hunter/Content/99-Asset/Fab/Megascans/3D/Concrete_Rubble_Pile_tgdtfg0da/Medium/T_tgdtfg0da_2K_B.uexp" 3257
"D:/work/project/portpolio/project-ARPG/ARPG_Hunter/Content/99-Asset/Fab/Megascans/3D/Concrete_Rubble_Pile_tgdtfg0da/Medium/MI_tgdtfg0da.uasset" 3258
"D:/work/project/portpolio/project-ARPG/ARPG_Hunter/Content/99-Asset/Fab/Megascans/3D/Concrete_Rubble_Pile_tgdtfg0da/Medium/MI_tgdtfg0da.uexp" 3259
"D:/work/project/portpolio/project-ARPG/ARPG_Hunter/Content/99-Asset/Fab/Megascans/3D/Concrete_Rubble_Pile_tgdtfg0da/Medium/tgdtfg0da_tier_2.ubulk" 3260
"D:/work/project/portpolio/project-ARPG/ARPG_Hunter/Content/99-Asset/Fab/Megascans/3D/Concrete_Rubble_Pile_tgdtfg0da/Medium/tgdtfg0da_tier_2.uasset" 3261
"D:/work/project/portpolio/project-ARPG/ARPG_Hunter/Content/99-Asset/Fab/Megascans/3D/Concrete_Rubble_Pile_tgdtfg0da/Medium/tgdtfg0da_tier_2.uexp" 3262
"../../../Engine/Content/EngineSky/T_Sky_Stars.ubulk" 3263
"../../../Engine/Content/EngineSky/T_Sky_Stars.uasset" 3264
"../../../Engine/Content/EngineSky/T_Sky_Stars.uexp" 3265
"../../../Engine/Content/EngineSky/T_Sky_Clouds_M.ubulk" 3266
"../../../Engine/Content/EngineSky/T_Sky_Clouds_M.uasset" 3267
"../../../Engine/Content/EngineSky/T_Sky_Clouds_M.uexp" 3268
"../../../Engine/Content/EngineSky/T_Sky_Blue.ubulk" 3269
"../../../Engine/Content/EngineSky/T_Sky_Blue.uasset" 3270
"../../../Engine/Content/EngineSky/T_Sky_Blue.uexp" 3271
"../../../Engine/Content/EngineSky/M_Sky_Panning_Clouds2.uasset" 3272
"../../../Engine/Content/EngineSky/M_Sky_Panning_Clouds2.uexp" 3273
"../../../Engine/Content/EngineSky/SM_SkySphere.ubulk" 3274
"../../../Engine/Content/EngineSky/SM_SkySphere.uasset" 3275
"../../../Engine/Content/EngineSky/SM_SkySphere.uexp" 3276
"D:/work/project/portpolio/project-ARPG/ARPG_Hunter/Content/02-BP/Stage/BP_CutSceneSection.uasset" 3277
"D:/work/project/portpolio/project-ARPG/ARPG_Hunter/Content/02-BP/Stage/BP_CutSceneSection.uexp" 3278
"D:/work/project/portpolio/project-ARPG/ARPG_Hunter/Content/99-Asset/Animation/Sword_Animations/Demo/Mannequin_UE4/Character/Textures/UE4Man_Logo_N.ubulk" 3279
"D:/work/project/portpolio/project-ARPG/ARPG_Hunter/Content/99-Asset/Animation/Sword_Animations/Demo/Mannequin_UE4/Character/Textures/UE4Man_Logo_N.uasset" 3280
"D:/work/project/portpolio/project-ARPG/ARPG_Hunter/Content/99-Asset/Animation/Sword_Animations/Demo/Mannequin_UE4/Character/Textures/UE4Man_Logo_N.uexp" 3281
"D:/work/project/portpolio/project-ARPG/ARPG_Hunter/Content/05-Material/M_PropMaster.uasset" 3282
"D:/work/project/portpolio/project-ARPG/ARPG_Hunter/Content/05-Material/M_PropMaster.uexp" 3283
"D:/work/project/portpolio/project-ARPG/ARPG_Hunter/Content/99-Asset/Fab/Street_Bench/LP_Street_Seat_1_Metallic.ubulk" 3284
"D:/work/project/portpolio/project-ARPG/ARPG_Hunter/Content/99-Asset/Fab/Street_Bench/LP_Street_Seat_1_Metallic.uasset" 3285
"D:/work/project/portpolio/project-ARPG/ARPG_Hunter/Content/99-Asset/Fab/Street_Bench/LP_Street_Seat_1_Metallic.uexp" 3286
"D:/work/project/portpolio/project-ARPG/ARPG_Hunter/Content/99-Asset/Fab/Street_Bench/LP_Street_Seat_1_BaseColor.ubulk" 3287
"D:/work/project/portpolio/project-ARPG/ARPG_Hunter/Content/99-Asset/Fab/Street_Bench/LP_Street_Seat_1_BaseColor.uasset" 3288
"D:/work/project/portpolio/project-ARPG/ARPG_Hunter/Content/99-Asset/Fab/Street_Bench/LP_Street_Seat_1_BaseColor.uexp" 3289
"D:/work/project/portpolio/project-ARPG/ARPG_Hunter/Content/99-Asset/Fab/Street_Bench/LP_Street_Seat_1_Normal.ubulk" 3290
"D:/work/project/portpolio/project-ARPG/ARPG_Hunter/Content/99-Asset/Fab/Street_Bench/LP_Street_Seat_1_Normal.uasset" 3291
"D:/work/project/portpolio/project-ARPG/ARPG_Hunter/Content/99-Asset/Fab/Street_Bench/LP_Street_Seat_1_Normal.uexp" 3292
"D:/work/project/portpolio/project-ARPG/ARPG_Hunter/Content/99-Asset/Fab/Street_Bench/LP_Street_Seat_01.uasset" 3293
"D:/work/project/portpolio/project-ARPG/ARPG_Hunter/Content/99-Asset/Fab/Street_Bench/LP_Street_Seat_01.uexp" 3294
"D:/work/project/portpolio/project-ARPG/ARPG_Hunter/Content/99-Asset/Fab/Street_Bench/LP_Street_Seat_1.ubulk" 3295
"D:/work/project/portpolio/project-ARPG/ARPG_Hunter/Content/99-Asset/Fab/Street_Bench/LP_Street_Seat_1.uasset" 3296
"D:/work/project/portpolio/project-ARPG/ARPG_Hunter/Content/99-Asset/Fab/Street_Bench/LP_Street_Seat_1.uexp" 3297
"../../../Engine/Plugins/Interchange/Assets/Content/Functions/MF_PhongToMetalRoughness.uasset" 3298
"../../../Engine/Plugins/Interchange/Assets/Content/Functions/MF_PhongToMetalRoughness.uexp" 3299
"D:/work/project/portpolio/project-ARPG/ARPG_Hunter/Content/99-Asset/Prop/CityDebris/CityDebris_1_BaseMap.ubulk" 3300
"D:/work/project/portpolio/project-ARPG/ARPG_Hunter/Content/99-Asset/Prop/CityDebris/CityDebris_1_BaseMap.uasset" 3301
"D:/work/project/portpolio/project-ARPG/ARPG_Hunter/Content/99-Asset/Prop/CityDebris/CityDebris_1_BaseMap.uexp" 3302
"D:/work/project/portpolio/project-ARPG/ARPG_Hunter/Content/99-Asset/Prop/CityDebris/M_CityDebris_1.uasset" 3303
"D:/work/project/portpolio/project-ARPG/ARPG_Hunter/Content/99-Asset/Prop/CityDebris/M_CityDebris_1.uexp" 3304
"D:/work/project/portpolio/project-ARPG/ARPG_Hunter/Content/99-Asset/Prop/CityDebris/CityDebris_1.ubulk" 3305
"D:/work/project/portpolio/project-ARPG/ARPG_Hunter/Content/99-Asset/Prop/CityDebris/CityDebris_1.uasset" 3306
"D:/work/project/portpolio/project-ARPG/ARPG_Hunter/Content/99-Asset/Prop/CityDebris/CityDebris_1.uexp" 3307
"D:/work/project/portpolio/project-ARPG/ARPG_Hunter/Content/99-Asset/Prop/CityDebris/CityDebris_2_BaseMap.ubulk" 3308
"D:/work/project/portpolio/project-ARPG/ARPG_Hunter/Content/99-Asset/Prop/CityDebris/CityDebris_2_BaseMap.uasset" 3309
"D:/work/project/portpolio/project-ARPG/ARPG_Hunter/Content/99-Asset/Prop/CityDebris/CityDebris_2_BaseMap.uexp" 3310
"D:/work/project/portpolio/project-ARPG/ARPG_Hunter/Content/99-Asset/Prop/CityDebris/M_CityDebris_2.uasset" 3311
"D:/work/project/portpolio/project-ARPG/ARPG_Hunter/Content/99-Asset/Prop/CityDebris/M_CityDebris_2.uexp" 3312
"D:/work/project/portpolio/project-ARPG/ARPG_Hunter/Content/99-Asset/Prop/CityDebris/CityDebris_2.ubulk" 3313
"D:/work/project/portpolio/project-ARPG/ARPG_Hunter/Content/99-Asset/Prop/CityDebris/CityDebris_2.uasset" 3314
"D:/work/project/portpolio/project-ARPG/ARPG_Hunter/Content/99-Asset/Prop/CityDebris/CityDebris_2.uexp" 3315
"D:/work/project/portpolio/project-ARPG/ARPG_Hunter/Content/02-BP/PCG/BP_PCG.uasset" 3316
"D:/work/project/portpolio/project-ARPG/ARPG_Hunter/Content/02-BP/PCG/BP_PCG.uexp" 3317
"../../../Engine/Content/EngineMaterials/DefaultPhysicalMaterial.uasset" 3318
"../../../Engine/Content/EngineMaterials/DefaultPhysicalMaterial.uexp" 3319
"D:/work/project/portpolio/project-ARPG/ARPG_Hunter/Content/02-BP/PCG/PCGGraph_Debris.uasset" 3320
"D:/work/project/portpolio/project-ARPG/ARPG_Hunter/Content/02-BP/PCG/PCGGraph_Debris.uexp" 3321
"D:/work/project/portpolio/project-ARPG/ARPG_Hunter/Content/99-Asset/Scene_RoadsideConstruction/Assets/MS/Surfaces/Ground_Tiles_Sidewalk_Dirty_01/T_Ground_Tiles_Sidewalk_Dirty_01_N.uasset" 3322
"D:/work/project/portpolio/project-ARPG/ARPG_Hunter/Content/99-Asset/Scene_RoadsideConstruction/Assets/MS/Surfaces/Ground_Tiles_Sidewalk_Dirty_01/T_Ground_Tiles_Sidewalk_Dirty_01_N.uexp" 3323
"D:/work/project/portpolio/project-ARPG/ARPG_Hunter/Content/99-Asset/Scene_RoadsideConstruction/Assets/MS/Surfaces/Ground_Rubble_Construction_01/T_Ground_Rubble_Construction_01_N.uasset" 3324
"D:/work/project/portpolio/project-ARPG/ARPG_Hunter/Content/99-Asset/Scene_RoadsideConstruction/Assets/MS/Surfaces/Ground_Rubble_Construction_01/T_Ground_Rubble_Construction_01_N.uexp" 3325
"D:/work/project/portpolio/project-ARPG/ARPG_Hunter/Content/99-Asset/Scene_RoadsideConstruction/Assets/MS/Surfaces/Ground_Cobblestone_Tileable_01/T_Ground_Cobblestone_Tileable_01_ORDp.uasset" 3326
"D:/work/project/portpolio/project-ARPG/ARPG_Hunter/Content/99-Asset/Scene_RoadsideConstruction/Assets/MS/Surfaces/Ground_Cobblestone_Tileable_01/T_Ground_Cobblestone_Tileable_01_ORDp.uexp" 3327
"D:/work/project/portpolio/project-ARPG/ARPG_Hunter/Content/99-Asset/Scene_RoadsideConstruction/Assets/MS/Surfaces/Ground_Cobblestone_Tileable_01/T_Ground_Cobblestone_Tileable_01_N.uasset" 3328
"D:/work/project/portpolio/project-ARPG/ARPG_Hunter/Content/99-Asset/Scene_RoadsideConstruction/Assets/MS/Surfaces/Ground_Cobblestone_Tileable_01/T_Ground_Cobblestone_Tileable_01_N.uexp" 3329
"D:/work/project/portpolio/project-ARPG/ARPG_Hunter/Content/99-Asset/Scene_RoadsideConstruction/Assets/MS/Surfaces/Ground_Tiles_Sidewalk_Dirty_01/T_Ground_Tiles_Sidewalk_Dirty_01_D.uasset" 3330
"D:/work/project/portpolio/project-ARPG/ARPG_Hunter/Content/99-Asset/Scene_RoadsideConstruction/Assets/MS/Surfaces/Ground_Tiles_Sidewalk_Dirty_01/T_Ground_Tiles_Sidewalk_Dirty_01_D.uexp" 3331
"D:/work/project/portpolio/project-ARPG/ARPG_Hunter/Content/99-Asset/Scene_RoadsideConstruction/Assets/MS/Surfaces/Ground_Cobblestone_Tileable_01/T_Ground_Cobblestone_Tileable_01_D.uasset" 3332
"D:/work/project/portpolio/project-ARPG/ARPG_Hunter/Content/99-Asset/Scene_RoadsideConstruction/Assets/MS/Surfaces/Ground_Cobblestone_Tileable_01/T_Ground_Cobblestone_Tileable_01_D.uexp" 3333
"D:/work/project/portpolio/project-ARPG/ARPG_Hunter/Content/99-Asset/Scene_RoadsideConstruction/Assets/MS/Surfaces/Ground_Rubble_Construction_01/T_Ground_Rubble_Construction_01_ORDp.uasset" 3334
"D:/work/project/portpolio/project-ARPG/ARPG_Hunter/Content/99-Asset/Scene_RoadsideConstruction/Assets/MS/Surfaces/Ground_Rubble_Construction_01/T_Ground_Rubble_Construction_01_ORDp.uexp" 3335
"D:/work/project/portpolio/project-ARPG/ARPG_Hunter/Content/99-Asset/Scene_RoadsideConstruction/Materials/MaterialFunctions/LayerFunctions/MF_NormalCorrection.uasset" 3336
"D:/work/project/portpolio/project-ARPG/ARPG_Hunter/Content/99-Asset/Scene_RoadsideConstruction/Materials/MaterialFunctions/LayerFunctions/MF_NormalCorrection.uexp" 3337
"D:/work/project/portpolio/project-ARPG/ARPG_Hunter/Content/99-Asset/Scene_RoadsideConstruction/Materials/MaterialFunctions/LayerFunctions/Middle/MF_MiddleLayerTextures.uasset" 3338
"D:/work/project/portpolio/project-ARPG/ARPG_Hunter/Content/99-Asset/Scene_RoadsideConstruction/Materials/MaterialFunctions/LayerFunctions/Middle/MF_MiddleLayerTextures.uexp" 3339
"../../../Engine/Content/Functions/Engine_MaterialFunctions01/ImageAdjustment/CheapContrast.uasset" 3340
"../../../Engine/Content/Functions/Engine_MaterialFunctions01/ImageAdjustment/CheapContrast.uexp" 3341
"D:/work/project/portpolio/project-ARPG/ARPG_Hunter/Content/99-Asset/Scene_RoadsideConstruction/Materials/MaterialFunctions/LayerFunctions/Top/MF_TopLayerAdjustments.uasset" 3342
"D:/work/project/portpolio/project-ARPG/ARPG_Hunter/Content/99-Asset/Scene_RoadsideConstruction/Materials/MaterialFunctions/LayerFunctions/Top/MF_TopLayerAdjustments.uexp" 3343
"D:/work/project/portpolio/project-ARPG/ARPG_Hunter/Content/99-Asset/Scene_RoadsideConstruction/Materials/MaterialFunctions/LayerFunctions/Middle/MF_MiddleLayerAdjustments.uasset" 3344
"D:/work/project/portpolio/project-ARPG/ARPG_Hunter/Content/99-Asset/Scene_RoadsideConstruction/Materials/MaterialFunctions/LayerFunctions/Middle/MF_MiddleLayerAdjustments.uexp" 3345
"D:/work/project/portpolio/project-ARPG/ARPG_Hunter/Content/99-Asset/Scene_RoadsideConstruction/Materials/MaterialFunctions/LayerFunctions/Base/MF_BaseLayerAdjustments.uasset" 3346
"D:/work/project/portpolio/project-ARPG/ARPG_Hunter/Content/99-Asset/Scene_RoadsideConstruction/Materials/MaterialFunctions/LayerFunctions/Base/MF_BaseLayerAdjustments.uexp" 3347
"D:/work/project/portpolio/project-ARPG/ARPG_Hunter/Content/99-Asset/Scene_RoadsideConstruction/Materials/MaterialFunctions/LayerFunctions/Top/MF_TopLayerTextures.uasset" 3348
"D:/work/project/portpolio/project-ARPG/ARPG_Hunter/Content/99-Asset/Scene_RoadsideConstruction/Materials/MaterialFunctions/LayerFunctions/Top/MF_TopLayerTextures.uexp" 3349
"../../../Engine/Content/Engine_MI_Shaders/T_Base_Tile_Normal.ubulk" 3350
"../../../Engine/Content/Engine_MI_Shaders/T_Base_Tile_Normal.uasset" 3351
"../../../Engine/Content/Engine_MI_Shaders/T_Base_Tile_Normal.uexp" 3352
"../../../Engine/Content/Functions/Engine_MaterialFunctions03/ComplexMotion/Motion_4WayChaos_Normal.uasset" 3353
"../../../Engine/Content/Functions/Engine_MaterialFunctions03/ComplexMotion/Motion_4WayChaos_Normal.uexp" 3354
"D:/work/project/portpolio/project-ARPG/ARPG_Hunter/Content/99-Asset/Scene_RoadsideConstruction/Materials/MaterialFunctions/LayerFunctions/Base/MF_BaseLayerTextures.uasset" 3355
"D:/work/project/portpolio/project-ARPG/ARPG_Hunter/Content/99-Asset/Scene_RoadsideConstruction/Materials/MaterialFunctions/LayerFunctions/Base/MF_BaseLayerTextures.uexp" 3356
"D:/work/project/portpolio/project-ARPG/ARPG_Hunter/Content/99-Asset/Scene_RoadsideConstruction/Materials/MaterialFunctions/LayerFunctions/MF_MaterialBlend.uasset" 3357
"D:/work/project/portpolio/project-ARPG/ARPG_Hunter/Content/99-Asset/Scene_RoadsideConstruction/Materials/MaterialFunctions/LayerFunctions/MF_MaterialBlend.uexp" 3358
"D:/work/project/portpolio/project-ARPG/ARPG_Hunter/Content/99-Asset/Scene_RoadsideConstruction/Materials/MaterialFunctions/LayerFunctions/Puddle/MF_PuddleLayer.uasset" 3359
"D:/work/project/portpolio/project-ARPG/ARPG_Hunter/Content/99-Asset/Scene_RoadsideConstruction/Materials/MaterialFunctions/LayerFunctions/Puddle/MF_PuddleLayer.uexp" 3360
"D:/work/project/portpolio/project-ARPG/ARPG_Hunter/Content/99-Asset/Scene_RoadsideConstruction/Materials/MasterMaterials/M_Urb_Roa_LayerSurface_01.uasset" 3361
"D:/work/project/portpolio/project-ARPG/ARPG_Hunter/Content/99-Asset/Scene_RoadsideConstruction/Materials/MasterMaterials/M_Urb_Roa_LayerSurface_01.uexp" 3362
"D:/work/project/portpolio/project-ARPG/ARPG_Hunter/Content/99-Asset/Scene_RoadsideConstruction/Assets/MS/Surfaces/Ground_Tiles_Sidewalk_Dirty_01/T_Ground_Tiles_Sidewalk_Dirty_01_ORDp.uasset" 3363
"D:/work/project/portpolio/project-ARPG/ARPG_Hunter/Content/99-Asset/Scene_RoadsideConstruction/Assets/MS/Surfaces/Ground_Tiles_Sidewalk_Dirty_01/T_Ground_Tiles_Sidewalk_Dirty_01_ORDp.uexp" 3364
"D:/work/project/portpolio/project-ARPG/ARPG_Hunter/Content/99-Asset/Scene_RoadsideConstruction/Assets/MS/Surfaces/Ground_Rubble_Construction_01/T_Ground_Rubble_Construction_01_D.uasset" 3365
"D:/work/project/portpolio/project-ARPG/ARPG_Hunter/Content/99-Asset/Scene_RoadsideConstruction/Assets/MS/Surfaces/Ground_Rubble_Construction_01/T_Ground_Rubble_Construction_01_D.uexp" 3366
"D:/work/project/portpolio/project-ARPG/ARPG_Hunter/Content/99-Asset/Scene_RoadsideConstruction/Materials/MaterialInstances/MI_Urb_Roa_Cobblestone_01.uasset" 3367
"D:/work/project/portpolio/project-ARPG/ARPG_Hunter/Content/99-Asset/Scene_RoadsideConstruction/Materials/MaterialInstances/MI_Urb_Roa_Cobblestone_01.uexp" 3368
"D:/work/project/portpolio/project-ARPG/ARPG_Hunter/Content/99-Asset/Scene_RoadsideConstruction/Assets/MS/3D/Urb_Str_Debris_Asphalt_Set_03/SM_Urb_Str_Debris_Asphalt_Set_03_D.ubulk" 3369
"D:/work/project/portpolio/project-ARPG/ARPG_Hunter/Content/99-Asset/Scene_RoadsideConstruction/Assets/MS/3D/Urb_Str_Debris_Asphalt_Set_03/SM_Urb_Str_Debris_Asphalt_Set_03_D.uasset" 3370
"D:/work/project/portpolio/project-ARPG/ARPG_Hunter/Content/99-Asset/Scene_RoadsideConstruction/Assets/MS/3D/Urb_Str_Debris_Asphalt_Set_03/SM_Urb_Str_Debris_Asphalt_Set_03_D.uexp" 3371
"D:/work/project/portpolio/project-ARPG/ARPG_Hunter/Content/02-BP/PCG/PCGGraph_RoadSide.uasset" 3372
"D:/work/project/portpolio/project-ARPG/ARPG_Hunter/Content/02-BP/PCG/PCGGraph_RoadSide.uexp" 3373
"D:/work/project/portpolio/project-ARPG/ARPG_Hunter/Content/02-BP/Stage/BP_Section.uasset" 3374
"D:/work/project/portpolio/project-ARPG/ARPG_Hunter/Content/02-BP/Stage/BP_Section.uexp" 3375
"D:/work/project/portpolio/project-ARPG/ARPG_Hunter/Content/99-Asset/Prop/Freight_shipping_container_-_Rusted/freight_shipping_container_rusted_texture_6.ubulk" 3376
"D:/work/project/portpolio/project-ARPG/ARPG_Hunter/Content/99-Asset/Prop/Freight_shipping_container_-_Rusted/freight_shipping_container_rusted_texture_6.uasset" 3377
"D:/work/project/portpolio/project-ARPG/ARPG_Hunter/Content/99-Asset/Prop/Freight_shipping_container_-_Rusted/freight_shipping_container_rusted_texture_6.uexp" 3378
"D:/work/project/portpolio/project-ARPG/ARPG_Hunter/Content/99-Asset/Prop/Freight_shipping_container_-_Rusted/freight_shipping_container_rusted_texture_7.ubulk" 3379
"D:/work/project/portpolio/project-ARPG/ARPG_Hunter/Content/99-Asset/Prop/Freight_shipping_container_-_Rusted/freight_shipping_container_rusted_texture_7.uasset" 3380
"D:/work/project/portpolio/project-ARPG/ARPG_Hunter/Content/99-Asset/Prop/Freight_shipping_container_-_Rusted/freight_shipping_container_rusted_texture_7.uexp" 3381
"D:/work/project/portpolio/project-ARPG/ARPG_Hunter/Content/99-Asset/Prop/Freight_shipping_container_-_Rusted/freight_shipping_container_rusted_texture_8.ubulk" 3382
"D:/work/project/portpolio/project-ARPG/ARPG_Hunter/Content/99-Asset/Prop/Freight_shipping_container_-_Rusted/freight_shipping_container_rusted_texture_8.uasset" 3383
"D:/work/project/portpolio/project-ARPG/ARPG_Hunter/Content/99-Asset/Prop/Freight_shipping_container_-_Rusted/freight_shipping_container_rusted_texture_8.uexp" 3384
"D:/work/project/portpolio/project-ARPG/ARPG_Hunter/Content/99-Asset/Prop/Freight_shipping_container_-_Rusted/corrugated_sides.uasset" 3385
"D:/work/project/portpolio/project-ARPG/ARPG_Hunter/Content/99-Asset/Prop/Freight_shipping_container_-_Rusted/corrugated_sides.uexp" 3386
"D:/work/project/portpolio/project-ARPG/ARPG_Hunter/Content/99-Asset/Prop/Freight_shipping_container_-_Rusted/freight_shipping_container_rusted_texture_3.ubulk" 3387
"D:/work/project/portpolio/project-ARPG/ARPG_Hunter/Content/99-Asset/Prop/Freight_shipping_container_-_Rusted/freight_shipping_container_rusted_texture_3.uasset" 3388
"D:/work/project/portpolio/project-ARPG/ARPG_Hunter/Content/99-Asset/Prop/Freight_shipping_container_-_Rusted/freight_shipping_container_rusted_texture_3.uexp" 3389
"D:/work/project/portpolio/project-ARPG/ARPG_Hunter/Content/99-Asset/Prop/Freight_shipping_container_-_Rusted/freight_shipping_container_rusted_texture_4.ubulk" 3390
"D:/work/project/portpolio/project-ARPG/ARPG_Hunter/Content/99-Asset/Prop/Freight_shipping_container_-_Rusted/freight_shipping_container_rusted_texture_4.uasset" 3391
"D:/work/project/portpolio/project-ARPG/ARPG_Hunter/Content/99-Asset/Prop/Freight_shipping_container_-_Rusted/freight_shipping_container_rusted_texture_4.uexp" 3392
"D:/work/project/portpolio/project-ARPG/ARPG_Hunter/Content/99-Asset/Prop/Freight_shipping_container_-_Rusted/freight_shipping_container_rusted_texture_5.ubulk" 3393
"D:/work/project/portpolio/project-ARPG/ARPG_Hunter/Content/99-Asset/Prop/Freight_shipping_container_-_Rusted/freight_shipping_container_rusted_texture_5.uasset" 3394
"D:/work/project/portpolio/project-ARPG/ARPG_Hunter/Content/99-Asset/Prop/Freight_shipping_container_-_Rusted/freight_shipping_container_rusted_texture_5.uexp" 3395
"D:/work/project/portpolio/project-ARPG/ARPG_Hunter/Content/99-Asset/Prop/Freight_shipping_container_-_Rusted/front_doors.uasset" 3396
"D:/work/project/portpolio/project-ARPG/ARPG_Hunter/Content/99-Asset/Prop/Freight_shipping_container_-_Rusted/front_doors.uexp" 3397
"D:/work/project/portpolio/project-ARPG/ARPG_Hunter/Content/99-Asset/Prop/Freight_shipping_container_-_Rusted/freight_shipping_container_rusted_texture_0.ubulk" 3398
"D:/work/project/portpolio/project-ARPG/ARPG_Hunter/Content/99-Asset/Prop/Freight_shipping_container_-_Rusted/freight_shipping_container_rusted_texture_0.uasset" 3399
"D:/work/project/portpolio/project-ARPG/ARPG_Hunter/Content/99-Asset/Prop/Freight_shipping_container_-_Rusted/freight_shipping_container_rusted_texture_0.uexp" 3400
"D:/work/project/portpolio/project-ARPG/ARPG_Hunter/Content/99-Asset/Prop/Freight_shipping_container_-_Rusted/freight_shipping_container_rusted_texture_1.ubulk" 3401
"D:/work/project/portpolio/project-ARPG/ARPG_Hunter/Content/99-Asset/Prop/Freight_shipping_container_-_Rusted/freight_shipping_container_rusted_texture_1.uasset" 3402
"D:/work/project/portpolio/project-ARPG/ARPG_Hunter/Content/99-Asset/Prop/Freight_shipping_container_-_Rusted/freight_shipping_container_rusted_texture_1.uexp" 3403
"D:/work/project/portpolio/project-ARPG/ARPG_Hunter/Content/99-Asset/Prop/Freight_shipping_container_-_Rusted/freight_shipping_container_rusted_texture_2.ubulk" 3404
"D:/work/project/portpolio/project-ARPG/ARPG_Hunter/Content/99-Asset/Prop/Freight_shipping_container_-_Rusted/freight_shipping_container_rusted_texture_2.uasset" 3405
"D:/work/project/portpolio/project-ARPG/ARPG_Hunter/Content/99-Asset/Prop/Freight_shipping_container_-_Rusted/freight_shipping_container_rusted_texture_2.uexp" 3406
"D:/work/project/portpolio/project-ARPG/ARPG_Hunter/Content/99-Asset/Prop/Freight_shipping_container_-_Rusted/frame.uasset" 3407
"D:/work/project/portpolio/project-ARPG/ARPG_Hunter/Content/99-Asset/Prop/Freight_shipping_container_-_Rusted/frame.uexp" 3408
"D:/work/project/portpolio/project-ARPG/ARPG_Hunter/Content/99-Asset/Prop/Freight_shipping_container_-_Rusted/freight_shipping_container_rusted.ubulk" 3409
"D:/work/project/portpolio/project-ARPG/ARPG_Hunter/Content/99-Asset/Prop/Freight_shipping_container_-_Rusted/freight_shipping_container_rusted.uasset" 3410
"D:/work/project/portpolio/project-ARPG/ARPG_Hunter/Content/99-Asset/Prop/Freight_shipping_container_-_Rusted/freight_shipping_container_rusted.uexp" 3411
"D:/work/project/portpolio/project-ARPG/ARPG_Hunter/Content/99-Asset/Prop/Cargo_Container_Mesh/Mat_Cargo_Container_Pipes_baseColor.ubulk" 3412
"D:/work/project/portpolio/project-ARPG/ARPG_Hunter/Content/99-Asset/Prop/Cargo_Container_Mesh/Mat_Cargo_Container_Pipes_baseColor.uasset" 3413
"D:/work/project/portpolio/project-ARPG/ARPG_Hunter/Content/99-Asset/Prop/Cargo_Container_Mesh/Mat_Cargo_Container_Pipes_baseColor.uexp" 3414
"D:/work/project/portpolio/project-ARPG/ARPG_Hunter/Content/99-Asset/Prop/Cargo_Container_Mesh/Mat_Cargo_Container_Pipes_metallicRoughness.ubulk" 3415
"D:/work/project/portpolio/project-ARPG/ARPG_Hunter/Content/99-Asset/Prop/Cargo_Container_Mesh/Mat_Cargo_Container_Pipes_metallicRoughness.uasset" 3416
"D:/work/project/portpolio/project-ARPG/ARPG_Hunter/Content/99-Asset/Prop/Cargo_Container_Mesh/Mat_Cargo_Container_Pipes_metallicRoughness.uexp" 3417
"D:/work/project/portpolio/project-ARPG/ARPG_Hunter/Content/99-Asset/Prop/Cargo_Container_Mesh/Mat_Cargo_Container_Pipes_normal.ubulk" 3418
"D:/work/project/portpolio/project-ARPG/ARPG_Hunter/Content/99-Asset/Prop/Cargo_Container_Mesh/Mat_Cargo_Container_Pipes_normal.uasset" 3419
"D:/work/project/portpolio/project-ARPG/ARPG_Hunter/Content/99-Asset/Prop/Cargo_Container_Mesh/Mat_Cargo_Container_Pipes_normal.uexp" 3420
"D:/work/project/portpolio/project-ARPG/ARPG_Hunter/Content/99-Asset/Prop/Cargo_Container_Mesh/Mat_Cargo_Container_Pipes.uasset" 3421
"D:/work/project/portpolio/project-ARPG/ARPG_Hunter/Content/99-Asset/Prop/Cargo_Container_Mesh/Mat_Cargo_Container_Pipes.uexp" 3422
"D:/work/project/portpolio/project-ARPG/ARPG_Hunter/Content/99-Asset/Prop/Cargo_Container_Mesh/Mat_Cargo_Container_Pole_baseColor.ubulk" 3423
"D:/work/project/portpolio/project-ARPG/ARPG_Hunter/Content/99-Asset/Prop/Cargo_Container_Mesh/Mat_Cargo_Container_Pole_baseColor.uasset" 3424
"D:/work/project/portpolio/project-ARPG/ARPG_Hunter/Content/99-Asset/Prop/Cargo_Container_Mesh/Mat_Cargo_Container_Pole_baseColor.uexp" 3425
"D:/work/project/portpolio/project-ARPG/ARPG_Hunter/Content/99-Asset/Prop/Cargo_Container_Mesh/Mat_Cargo_Container_Pole_metallicRoughness.ubulk" 3426
"D:/work/project/portpolio/project-ARPG/ARPG_Hunter/Content/99-Asset/Prop/Cargo_Container_Mesh/Mat_Cargo_Container_Pole_metallicRoughness.uasset" 3427
"D:/work/project/portpolio/project-ARPG/ARPG_Hunter/Content/99-Asset/Prop/Cargo_Container_Mesh/Mat_Cargo_Container_Pole_metallicRoughness.uexp" 3428
"D:/work/project/portpolio/project-ARPG/ARPG_Hunter/Content/99-Asset/Prop/Cargo_Container_Mesh/Mat_Cargo_Container_Pole_normal.ubulk" 3429
"D:/work/project/portpolio/project-ARPG/ARPG_Hunter/Content/99-Asset/Prop/Cargo_Container_Mesh/Mat_Cargo_Container_Pole_normal.uasset" 3430
"D:/work/project/portpolio/project-ARPG/ARPG_Hunter/Content/99-Asset/Prop/Cargo_Container_Mesh/Mat_Cargo_Container_Pole_normal.uexp" 3431
"D:/work/project/portpolio/project-ARPG/ARPG_Hunter/Content/99-Asset/Prop/Cargo_Container_Mesh/Mat_Cargo_Container_Pole.uasset" 3432
"D:/work/project/portpolio/project-ARPG/ARPG_Hunter/Content/99-Asset/Prop/Cargo_Container_Mesh/Mat_Cargo_Container_Pole.uexp" 3433
"D:/work/project/portpolio/project-ARPG/ARPG_Hunter/Content/99-Asset/Prop/Cargo_Container_Mesh/Mat_Cargo_Container_normal.ubulk" 3434
"D:/work/project/portpolio/project-ARPG/ARPG_Hunter/Content/99-Asset/Prop/Cargo_Container_Mesh/Mat_Cargo_Container_normal.uasset" 3435
"D:/work/project/portpolio/project-ARPG/ARPG_Hunter/Content/99-Asset/Prop/Cargo_Container_Mesh/Mat_Cargo_Container_normal.uexp" 3436
"D:/work/project/portpolio/project-ARPG/ARPG_Hunter/Content/99-Asset/Prop/Cargo_Container_Mesh/Mat_Cargo_Container_baseColor.ubulk" 3437
"D:/work/project/portpolio/project-ARPG/ARPG_Hunter/Content/99-Asset/Prop/Cargo_Container_Mesh/Mat_Cargo_Container_baseColor.uasset" 3438
"D:/work/project/portpolio/project-ARPG/ARPG_Hunter/Content/99-Asset/Prop/Cargo_Container_Mesh/Mat_Cargo_Container_baseColor.uexp" 3439
"D:/work/project/portpolio/project-ARPG/ARPG_Hunter/Content/99-Asset/Prop/Cargo_Container_Mesh/Mat_Cargo_Container_metallicRoughness.ubulk" 3440
"D:/work/project/portpolio/project-ARPG/ARPG_Hunter/Content/99-Asset/Prop/Cargo_Container_Mesh/Mat_Cargo_Container_metallicRoughness.uasset" 3441
"D:/work/project/portpolio/project-ARPG/ARPG_Hunter/Content/99-Asset/Prop/Cargo_Container_Mesh/Mat_Cargo_Container_metallicRoughness.uexp" 3442
"D:/work/project/portpolio/project-ARPG/ARPG_Hunter/Content/99-Asset/Prop/Cargo_Container_Mesh/Mat_Cargo_Container.uasset" 3443
"D:/work/project/portpolio/project-ARPG/ARPG_Hunter/Content/99-Asset/Prop/Cargo_Container_Mesh/Mat_Cargo_Container.uexp" 3444
"D:/work/project/portpolio/project-ARPG/ARPG_Hunter/Content/99-Asset/Prop/Cargo_Container_Mesh/Mat_Cargo_Container_Back_normal.ubulk" 3445
"D:/work/project/portpolio/project-ARPG/ARPG_Hunter/Content/99-Asset/Prop/Cargo_Container_Mesh/Mat_Cargo_Container_Back_normal.uasset" 3446
"D:/work/project/portpolio/project-ARPG/ARPG_Hunter/Content/99-Asset/Prop/Cargo_Container_Mesh/Mat_Cargo_Container_Back_normal.uexp" 3447
"D:/work/project/portpolio/project-ARPG/ARPG_Hunter/Content/99-Asset/Prop/Cargo_Container_Mesh/Mat_Cargo_Container_Back_baseColor.ubulk" 3448
"D:/work/project/portpolio/project-ARPG/ARPG_Hunter/Content/99-Asset/Prop/Cargo_Container_Mesh/Mat_Cargo_Container_Back_baseColor.uasset" 3449
"D:/work/project/portpolio/project-ARPG/ARPG_Hunter/Content/99-Asset/Prop/Cargo_Container_Mesh/Mat_Cargo_Container_Back_baseColor.uexp" 3450
"D:/work/project/portpolio/project-ARPG/ARPG_Hunter/Content/99-Asset/Prop/Cargo_Container_Mesh/Mat_Cargo_Container_Back_metallicRoughness.ubulk" 3451
"D:/work/project/portpolio/project-ARPG/ARPG_Hunter/Content/99-Asset/Prop/Cargo_Container_Mesh/Mat_Cargo_Container_Back_metallicRoughness.uasset" 3452
"D:/work/project/portpolio/project-ARPG/ARPG_Hunter/Content/99-Asset/Prop/Cargo_Container_Mesh/Mat_Cargo_Container_Back_metallicRoughness.uexp" 3453
"D:/work/project/portpolio/project-ARPG/ARPG_Hunter/Content/99-Asset/Prop/Cargo_Container_Mesh/Mat_Cargo_Container_Back.uasset" 3454
"D:/work/project/portpolio/project-ARPG/ARPG_Hunter/Content/99-Asset/Prop/Cargo_Container_Mesh/Mat_Cargo_Container_Back.uexp" 3455
"D:/work/project/portpolio/project-ARPG/ARPG_Hunter/Content/99-Asset/Prop/Cargo_Container_Mesh/Mat_Cargo_Container_Rings_baseColor.ubulk" 3456
"D:/work/project/portpolio/project-ARPG/ARPG_Hunter/Content/99-Asset/Prop/Cargo_Container_Mesh/Mat_Cargo_Container_Rings_baseColor.uasset" 3457
"D:/work/project/portpolio/project-ARPG/ARPG_Hunter/Content/99-Asset/Prop/Cargo_Container_Mesh/Mat_Cargo_Container_Rings_baseColor.uexp" 3458
"D:/work/project/portpolio/project-ARPG/ARPG_Hunter/Content/99-Asset/Prop/Cargo_Container_Mesh/Mat_Cargo_Container_Rings_normal.ubulk" 3459
"D:/work/project/portpolio/project-ARPG/ARPG_Hunter/Content/99-Asset/Prop/Cargo_Container_Mesh/Mat_Cargo_Container_Rings_normal.uasset" 3460
"D:/work/project/portpolio/project-ARPG/ARPG_Hunter/Content/99-Asset/Prop/Cargo_Container_Mesh/Mat_Cargo_Container_Rings_normal.uexp" 3461
"D:/work/project/portpolio/project-ARPG/ARPG_Hunter/Content/99-Asset/Prop/Cargo_Container_Mesh/Mat_Cargo_Container_Rings_metallicRoughness.ubulk" 3462
"D:/work/project/portpolio/project-ARPG/ARPG_Hunter/Content/99-Asset/Prop/Cargo_Container_Mesh/Mat_Cargo_Container_Rings_metallicRoughness.uasset" 3463
"D:/work/project/portpolio/project-ARPG/ARPG_Hunter/Content/99-Asset/Prop/Cargo_Container_Mesh/Mat_Cargo_Container_Rings_metallicRoughness.uexp" 3464
"D:/work/project/portpolio/project-ARPG/ARPG_Hunter/Content/99-Asset/Prop/Cargo_Container_Mesh/Mat_Cargo_Container_Rings.uasset" 3465
"D:/work/project/portpolio/project-ARPG/ARPG_Hunter/Content/99-Asset/Prop/Cargo_Container_Mesh/Mat_Cargo_Container_Rings.uexp" 3466
"D:/work/project/portpolio/project-ARPG/ARPG_Hunter/Content/99-Asset/Prop/Cargo_Container_Mesh/scene.ubulk" 3467
"D:/work/project/portpolio/project-ARPG/ARPG_Hunter/Content/99-Asset/Prop/Cargo_Container_Mesh/scene.uasset" 3468
"D:/work/project/portpolio/project-ARPG/ARPG_Hunter/Content/99-Asset/Prop/Cargo_Container_Mesh/scene.uexp" 3469
"D:/work/project/portpolio/project-ARPG/ARPG_Hunter/Content/99-Asset/Fab/Megascans/3D/Concrete_Rubble_Pile_tfxteboda/Medium/T_tfxteboda_2K_N.ubulk" 3470
"D:/work/project/portpolio/project-ARPG/ARPG_Hunter/Content/99-Asset/Fab/Megascans/3D/Concrete_Rubble_Pile_tfxteboda/Medium/T_tfxteboda_2K_N.uasset" 3471
"D:/work/project/portpolio/project-ARPG/ARPG_Hunter/Content/99-Asset/Fab/Megascans/3D/Concrete_Rubble_Pile_tfxteboda/Medium/T_tfxteboda_2K_N.uexp" 3472
"D:/work/project/portpolio/project-ARPG/ARPG_Hunter/Content/99-Asset/Fab/Megascans/3D/Concrete_Rubble_Pile_tfxteboda/Medium/T_tfxteboda_2K_ORM.ubulk" 3473
"D:/work/project/portpolio/project-ARPG/ARPG_Hunter/Content/99-Asset/Fab/Megascans/3D/Concrete_Rubble_Pile_tfxteboda/Medium/T_tfxteboda_2K_ORM.uasset" 3474
"D:/work/project/portpolio/project-ARPG/ARPG_Hunter/Content/99-Asset/Fab/Megascans/3D/Concrete_Rubble_Pile_tfxteboda/Medium/T_tfxteboda_2K_ORM.uexp" 3475
"D:/work/project/portpolio/project-ARPG/ARPG_Hunter/Content/99-Asset/Fab/Megascans/3D/Concrete_Rubble_Pile_tfxteboda/Medium/T_tfxteboda_2K_B.ubulk" 3476
"D:/work/project/portpolio/project-ARPG/ARPG_Hunter/Content/99-Asset/Fab/Megascans/3D/Concrete_Rubble_Pile_tfxteboda/Medium/T_tfxteboda_2K_B.uasset" 3477
"D:/work/project/portpolio/project-ARPG/ARPG_Hunter/Content/99-Asset/Fab/Megascans/3D/Concrete_Rubble_Pile_tfxteboda/Medium/T_tfxteboda_2K_B.uexp" 3478
"D:/work/project/portpolio/project-ARPG/ARPG_Hunter/Content/99-Asset/Fab/Megascans/3D/Concrete_Rubble_Pile_tfxteboda/Medium/MI_tfxteboda.uasset" 3479
"D:/work/project/portpolio/project-ARPG/ARPG_Hunter/Content/99-Asset/Fab/Megascans/3D/Concrete_Rubble_Pile_tfxteboda/Medium/MI_tfxteboda.uexp" 3480
"D:/work/project/portpolio/project-ARPG/ARPG_Hunter/Content/99-Asset/Fab/Megascans/3D/Concrete_Rubble_Pile_tfxteboda/Medium/tfxteboda_tier_2.ubulk" 3481
"D:/work/project/portpolio/project-ARPG/ARPG_Hunter/Content/99-Asset/Fab/Megascans/3D/Concrete_Rubble_Pile_tfxteboda/Medium/tfxteboda_tier_2.uasset" 3482
"D:/work/project/portpolio/project-ARPG/ARPG_Hunter/Content/99-Asset/Fab/Megascans/3D/Concrete_Rubble_Pile_tfxteboda/Medium/tfxteboda_tier_2.uexp" 3483
"../../../Engine/Content/EngineSky/M_SimpleSkyDome.uasset" 3484
"../../../Engine/Content/EngineSky/M_SimpleSkyDome.uexp" 3485
"D:/work/project/portpolio/project-ARPG/ARPG_Hunter/Content/01-Level/Dungeon/Stage1.uexp" 3486
"D:/work/project/portpolio/project-ARPG/ARPG_Hunter/Content/01-Level/Dungeon/Stage1.ubulk" 3487
"D:/work/project/portpolio/project-ARPG/ARPG_Hunter/Content/01-Level/Dungeon/Stage1.umap" 3488
"../../../Engine/Content/Maps/Entry_BuiltData.uasset" 3489
"../../../Engine/Content/Maps/Entry_BuiltData.uexp" 3490
"../../../Engine/Content/Maps/Entry.uexp" 3491
"../../../Engine/Content/Maps/Entry.umap" 3492
"D:/work/project/portpolio/project-ARPG/ARPG_Hunter/Content/99-Asset/Prop/Post_Apocalyptic_Building/post_apocalyptic_building_free_texture_0.ubulk" 3493
"D:/work/project/portpolio/project-ARPG/ARPG_Hunter/Content/99-Asset/Prop/Post_Apocalyptic_Building/post_apocalyptic_building_free_texture_0.uasset" 3494
"D:/work/project/portpolio/project-ARPG/ARPG_Hunter/Content/99-Asset/Prop/Post_Apocalyptic_Building/post_apocalyptic_building_free_texture_0.uexp" 3495
"D:/work/project/portpolio/project-ARPG/ARPG_Hunter/Content/99-Asset/Prop/Post_Apocalyptic_Building/post_apocalyptic_building_free_texture_1.ubulk" 3496
"D:/work/project/portpolio/project-ARPG/ARPG_Hunter/Content/99-Asset/Prop/Post_Apocalyptic_Building/post_apocalyptic_building_free_texture_1.uasset" 3497
"D:/work/project/portpolio/project-ARPG/ARPG_Hunter/Content/99-Asset/Prop/Post_Apocalyptic_Building/post_apocalyptic_building_free_texture_1.uexp" 3498
"D:/work/project/portpolio/project-ARPG/ARPG_Hunter/Content/99-Asset/Prop/Post_Apocalyptic_Building/post_apocalyptic_building_free_texture_2.ubulk" 3499
"D:/work/project/portpolio/project-ARPG/ARPG_Hunter/Content/99-Asset/Prop/Post_Apocalyptic_Building/post_apocalyptic_building_free_texture_2.uasset" 3500
"D:/work/project/portpolio/project-ARPG/ARPG_Hunter/Content/99-Asset/Prop/Post_Apocalyptic_Building/post_apocalyptic_building_free_texture_2.uexp" 3501
"D:/work/project/portpolio/project-ARPG/ARPG_Hunter/Content/99-Asset/Prop/Post_Apocalyptic_Building/Buildings.uasset" 3502
"D:/work/project/portpolio/project-ARPG/ARPG_Hunter/Content/99-Asset/Prop/Post_Apocalyptic_Building/Buildings.uexp" 3503
"D:/work/project/portpolio/project-ARPG/ARPG_Hunter/Content/99-Asset/Prop/Post_Apocalyptic_Building/post_apocalyptic_building_free.ubulk" 3504
"D:/work/project/portpolio/project-ARPG/ARPG_Hunter/Content/99-Asset/Prop/Post_Apocalyptic_Building/post_apocalyptic_building_free.uasset" 3505
"D:/work/project/portpolio/project-ARPG/ARPG_Hunter/Content/99-Asset/Prop/Post_Apocalyptic_Building/post_apocalyptic_building_free.uexp" 3506
"D:/work/project/portpolio/project-ARPG/ARPG_Hunter/Content/02-BP/NPC/BP_NPC.uasset" 3507
"D:/work/project/portpolio/project-ARPG/ARPG_Hunter/Content/02-BP/NPC/BP_NPC.uexp" 3508
"D:/work/project/portpolio/project-ARPG/ARPG_Hunter/Content/99-Asset/Prop/rustic_shack_1/rustic_shack_1_roughness.ubulk" 3509
"D:/work/project/portpolio/project-ARPG/ARPG_Hunter/Content/99-Asset/Prop/rustic_shack_1/rustic_shack_1_roughness.uasset" 3510
"D:/work/project/portpolio/project-ARPG/ARPG_Hunter/Content/99-Asset/Prop/rustic_shack_1/rustic_shack_1_roughness.uexp" 3511
"D:/work/project/portpolio/project-ARPG/ARPG_Hunter/Content/99-Asset/Prop/rustic_shack_1/rustic_shack_1_Normal_Bake.ubulk" 3512
"D:/work/project/portpolio/project-ARPG/ARPG_Hunter/Content/99-Asset/Prop/rustic_shack_1/rustic_shack_1_Normal_Bake.uasset" 3513
"D:/work/project/portpolio/project-ARPG/ARPG_Hunter/Content/99-Asset/Prop/rustic_shack_1/rustic_shack_1_Normal_Bake.uexp" 3514
"D:/work/project/portpolio/project-ARPG/ARPG_Hunter/Content/99-Asset/Prop/rustic_shack_1/rustic_shack_1_albedo.ubulk" 3515
"D:/work/project/portpolio/project-ARPG/ARPG_Hunter/Content/99-Asset/Prop/rustic_shack_1/rustic_shack_1_albedo.uasset" 3516
"D:/work/project/portpolio/project-ARPG/ARPG_Hunter/Content/99-Asset/Prop/rustic_shack_1/rustic_shack_1_albedo.uexp" 3517
"D:/work/project/portpolio/project-ARPG/ARPG_Hunter/Content/99-Asset/Prop/rustic_shack_1/rustic_shack_1_metallic.ubulk" 3518
"D:/work/project/portpolio/project-ARPG/ARPG_Hunter/Content/99-Asset/Prop/rustic_shack_1/rustic_shack_1_metallic.uasset" 3519
"D:/work/project/portpolio/project-ARPG/ARPG_Hunter/Content/99-Asset/Prop/rustic_shack_1/rustic_shack_1_metallic.uexp" 3520
"D:/work/project/portpolio/project-ARPG/ARPG_Hunter/Content/99-Asset/Prop/rustic_shack_1/MI_Rustic_Shack1.uasset" 3521
"D:/work/project/portpolio/project-ARPG/ARPG_Hunter/Content/99-Asset/Prop/rustic_shack_1/MI_Rustic_Shack1.uexp" 3522
"D:/work/project/portpolio/project-ARPG/ARPG_Hunter/Content/99-Asset/Prop/rustic_shack_1/rustic_shack_1.ubulk" 3523
"D:/work/project/portpolio/project-ARPG/ARPG_Hunter/Content/99-Asset/Prop/rustic_shack_1/rustic_shack_1.uasset" 3524
"D:/work/project/portpolio/project-ARPG/ARPG_Hunter/Content/99-Asset/Prop/rustic_shack_1/rustic_shack_1.uexp" 3525
"D:/work/project/portpolio/project-ARPG/ARPG_Hunter/Content/02-BP/Object/BP_PlayerHouse.uasset" 3526
"D:/work/project/portpolio/project-ARPG/ARPG_Hunter/Content/02-BP/Object/BP_PlayerHouse.uexp" 3527
"D:/work/project/portpolio/project-ARPG/ARPG_Hunter/Content/99-Asset/Prop/rustic_market_shack1/rustic_market_shack1_basecolor.ubulk" 3528
"D:/work/project/portpolio/project-ARPG/ARPG_Hunter/Content/99-Asset/Prop/rustic_market_shack1/rustic_market_shack1_basecolor.uasset" 3529
"D:/work/project/portpolio/project-ARPG/ARPG_Hunter/Content/99-Asset/Prop/rustic_market_shack1/rustic_market_shack1_basecolor.uexp" 3530
"D:/work/project/portpolio/project-ARPG/ARPG_Hunter/Content/99-Asset/Prop/rustic_market_shack1/rustic_market_shack1_metallic.ubulk" 3531
"D:/work/project/portpolio/project-ARPG/ARPG_Hunter/Content/99-Asset/Prop/rustic_market_shack1/rustic_market_shack1_metallic.uasset" 3532
"D:/work/project/portpolio/project-ARPG/ARPG_Hunter/Content/99-Asset/Prop/rustic_market_shack1/rustic_market_shack1_metallic.uexp" 3533
"D:/work/project/portpolio/project-ARPG/ARPG_Hunter/Content/99-Asset/Prop/rustic_market_shack1/rustic_market_shack1_normal.ubulk" 3534
"D:/work/project/portpolio/project-ARPG/ARPG_Hunter/Content/99-Asset/Prop/rustic_market_shack1/rustic_market_shack1_normal.uasset" 3535
"D:/work/project/portpolio/project-ARPG/ARPG_Hunter/Content/99-Asset/Prop/rustic_market_shack1/rustic_market_shack1_normal.uexp" 3536
"D:/work/project/portpolio/project-ARPG/ARPG_Hunter/Content/99-Asset/Prop/rustic_market_shack1/MI_Rustic_Market_Shack1.uasset" 3537
"D:/work/project/portpolio/project-ARPG/ARPG_Hunter/Content/99-Asset/Prop/rustic_market_shack1/MI_Rustic_Market_Shack1.uexp" 3538
"D:/work/project/portpolio/project-ARPG/ARPG_Hunter/Content/99-Asset/Prop/rustic_market_shack1/rustic_market_shack1.ubulk" 3539
"D:/work/project/portpolio/project-ARPG/ARPG_Hunter/Content/99-Asset/Prop/rustic_market_shack1/rustic_market_shack1.uasset" 3540
"D:/work/project/portpolio/project-ARPG/ARPG_Hunter/Content/99-Asset/Prop/rustic_market_shack1/rustic_market_shack1.uexp" 3541
"D:/work/project/portpolio/project-ARPG/ARPG_Hunter/Content/02-BP/Object/BP_Market1.uasset" 3542
"D:/work/project/portpolio/project-ARPG/ARPG_Hunter/Content/02-BP/Object/BP_Market1.uexp" 3543
"D:/work/project/portpolio/project-ARPG/ARPG_Hunter/Content/02-BP/BP_Test.uasset" 3544
"D:/work/project/portpolio/project-ARPG/ARPG_Hunter/Content/02-BP/BP_Test.uexp" 3545
"D:/work/project/portpolio/project-ARPG/ARPG_Hunter/Content/99-Asset/Prop/rustic_market_shack2/rustic_market_shack2_basecolor.ubulk" 3546
"D:/work/project/portpolio/project-ARPG/ARPG_Hunter/Content/99-Asset/Prop/rustic_market_shack2/rustic_market_shack2_basecolor.uasset" 3547
"D:/work/project/portpolio/project-ARPG/ARPG_Hunter/Content/99-Asset/Prop/rustic_market_shack2/rustic_market_shack2_basecolor.uexp" 3548
"D:/work/project/portpolio/project-ARPG/ARPG_Hunter/Content/99-Asset/Prop/rustic_market_shack2/rustic_market_shack2_metallic.ubulk" 3549
"D:/work/project/portpolio/project-ARPG/ARPG_Hunter/Content/99-Asset/Prop/rustic_market_shack2/rustic_market_shack2_metallic.uasset" 3550
"D:/work/project/portpolio/project-ARPG/ARPG_Hunter/Content/99-Asset/Prop/rustic_market_shack2/rustic_market_shack2_metallic.uexp" 3551
"D:/work/project/portpolio/project-ARPG/ARPG_Hunter/Content/99-Asset/Prop/rustic_market_shack2/rustic_market_shack2_normal.ubulk" 3552
"D:/work/project/portpolio/project-ARPG/ARPG_Hunter/Content/99-Asset/Prop/rustic_market_shack2/rustic_market_shack2_normal.uasset" 3553
"D:/work/project/portpolio/project-ARPG/ARPG_Hunter/Content/99-Asset/Prop/rustic_market_shack2/rustic_market_shack2_normal.uexp" 3554
"D:/work/project/portpolio/project-ARPG/ARPG_Hunter/Content/99-Asset/Prop/rustic_market_shack2/MI_Rustic_Market_Shack2.uasset" 3555
"D:/work/project/portpolio/project-ARPG/ARPG_Hunter/Content/99-Asset/Prop/rustic_market_shack2/MI_Rustic_Market_Shack2.uexp" 3556
"D:/work/project/portpolio/project-ARPG/ARPG_Hunter/Content/99-Asset/Prop/rustic_market_shack2/rustic_market_shack2.ubulk" 3557
"D:/work/project/portpolio/project-ARPG/ARPG_Hunter/Content/99-Asset/Prop/rustic_market_shack2/rustic_market_shack2.uasset" 3558
"D:/work/project/portpolio/project-ARPG/ARPG_Hunter/Content/99-Asset/Prop/rustic_market_shack2/rustic_market_shack2.uexp" 3559
"D:/work/project/portpolio/project-ARPG/ARPG_Hunter/Content/02-BP/Object/BP_Market2.uasset" 3560
"D:/work/project/portpolio/project-ARPG/ARPG_Hunter/Content/02-BP/Object/BP_Market2.uexp" 3561
"../../../Engine/Content/MapTemplates/SM_Template_Map_Floor.ubulk" 3562
"../../../Engine/Content/MapTemplates/SM_Template_Map_Floor.uasset" 3563
"../../../Engine/Content/MapTemplates/SM_Template_Map_Floor.uexp" 3564
"D:/work/project/portpolio/project-ARPG/ARPG_Hunter/Content/99-Asset/UI/128.uasset" 3565
"D:/work/project/portpolio/project-ARPG/ARPG_Hunter/Content/99-Asset/UI/128.uexp" 3566
"D:/work/project/portpolio/project-ARPG/ARPG_Hunter/Content/99-Asset/Prop/FREE_Post_Apocalypse_Survivor_Environment_Kitbash_set/Post_apocalypse_city_color_dark.ubulk" 3567
"D:/work/project/portpolio/project-ARPG/ARPG_Hunter/Content/99-Asset/Prop/FREE_Post_Apocalypse_Survivor_Environment_Kitbash_set/Post_apocalypse_city_color_dark.uasset" 3568
"D:/work/project/portpolio/project-ARPG/ARPG_Hunter/Content/99-Asset/Prop/FREE_Post_Apocalypse_Survivor_Environment_Kitbash_set/Post_apocalypse_city_color_dark.uexp" 3569
"D:/work/project/portpolio/project-ARPG/ARPG_Hunter/Content/99-Asset/Prop/FREE_Post_Apocalypse_Survivor_Environment_Kitbash_set/M_Kitbash.uasset" 3570
"D:/work/project/portpolio/project-ARPG/ARPG_Hunter/Content/99-Asset/Prop/FREE_Post_Apocalypse_Survivor_Environment_Kitbash_set/M_Kitbash.uexp" 3571
"D:/work/project/portpolio/project-ARPG/ARPG_Hunter/Content/99-Asset/Prop/FREE_Post_Apocalypse_Survivor_Environment_Kitbash_set/Post_apocalypse_city_roughness.ubulk" 3572
"D:/work/project/portpolio/project-ARPG/ARPG_Hunter/Content/99-Asset/Prop/FREE_Post_Apocalypse_Survivor_Environment_Kitbash_set/Post_apocalypse_city_roughness.uasset" 3573
"D:/work/project/portpolio/project-ARPG/ARPG_Hunter/Content/99-Asset/Prop/FREE_Post_Apocalypse_Survivor_Environment_Kitbash_set/Post_apocalypse_city_roughness.uexp" 3574
"D:/work/project/portpolio/project-ARPG/ARPG_Hunter/Content/99-Asset/Prop/FREE_Post_Apocalypse_Survivor_Environment_Kitbash_set/Post_apocalypse_city_normal.ubulk" 3575
"D:/work/project/portpolio/project-ARPG/ARPG_Hunter/Content/99-Asset/Prop/FREE_Post_Apocalypse_Survivor_Environment_Kitbash_set/Post_apocalypse_city_normal.uasset" 3576
"D:/work/project/portpolio/project-ARPG/ARPG_Hunter/Content/99-Asset/Prop/FREE_Post_Apocalypse_Survivor_Environment_Kitbash_set/Post_apocalypse_city_normal.uexp" 3577
"D:/work/project/portpolio/project-ARPG/ARPG_Hunter/Content/99-Asset/Prop/FREE_Post_Apocalypse_Survivor_Environment_Kitbash_set/Post_apocalypse_city_metalness.ubulk" 3578
"D:/work/project/portpolio/project-ARPG/ARPG_Hunter/Content/99-Asset/Prop/FREE_Post_Apocalypse_Survivor_Environment_Kitbash_set/Post_apocalypse_city_metalness.uasset" 3579
"D:/work/project/portpolio/project-ARPG/ARPG_Hunter/Content/99-Asset/Prop/FREE_Post_Apocalypse_Survivor_Environment_Kitbash_set/Post_apocalypse_city_metalness.uexp" 3580
"D:/work/project/portpolio/project-ARPG/ARPG_Hunter/Content/99-Asset/Prop/FREE_Post_Apocalypse_Survivor_Environment_Kitbash_set/09_-_Default.uasset" 3581
"D:/work/project/portpolio/project-ARPG/ARPG_Hunter/Content/99-Asset/Prop/FREE_Post_Apocalypse_Survivor_Environment_Kitbash_set/09_-_Default.uexp" 3582
"D:/work/project/portpolio/project-ARPG/ARPG_Hunter/Content/99-Asset/Prop/FREE_Post_Apocalypse_Survivor_Environment_Kitbash_set/Kitbash_Building.ubulk" 3583
"D:/work/project/portpolio/project-ARPG/ARPG_Hunter/Content/99-Asset/Prop/FREE_Post_Apocalypse_Survivor_Environment_Kitbash_set/Kitbash_Building.uasset" 3584
"D:/work/project/portpolio/project-ARPG/ARPG_Hunter/Content/99-Asset/Prop/FREE_Post_Apocalypse_Survivor_Environment_Kitbash_set/Kitbash_Building.uexp" 3585
"D:/work/project/portpolio/project-ARPG/ARPG_Hunter/Content/06-UI/WBP_EquipmentIndicateSlot.uasset" 3586
"D:/work/project/portpolio/project-ARPG/ARPG_Hunter/Content/06-UI/WBP_EquipmentIndicateSlot.uexp" 3587
"D:/work/project/portpolio/project-ARPG/ARPG_Hunter/Content/06-UI/WBP_ProductSlot.uasset" 3588
"D:/work/project/portpolio/project-ARPG/ARPG_Hunter/Content/06-UI/WBP_ProductSlot.uexp" 3589
"D:/work/project/portpolio/project-ARPG/ARPG_Hunter/Content/06-UI/WBP_EquipmentSuccession.uasset" 3590
"D:/work/project/portpolio/project-ARPG/ARPG_Hunter/Content/06-UI/WBP_EquipmentSuccession.uexp" 3591
"D:/work/project/portpolio/project-ARPG/ARPG_Hunter/Content/06-UI/WBP_EquipmentProduction.uasset" 3592
"D:/work/project/portpolio/project-ARPG/ARPG_Hunter/Content/06-UI/WBP_EquipmentProduction.uexp" 3593
"D:/work/project/portpolio/project-ARPG/ARPG_Hunter/Content/06-UI/WBP_IngredientSlotUpgrade.uasset" 3594
"D:/work/project/portpolio/project-ARPG/ARPG_Hunter/Content/06-UI/WBP_IngredientSlotUpgrade.uexp" 3595
"D:/work/project/portpolio/project-ARPG/ARPG_Hunter/Content/06-UI/WBP_StatChange.uasset" 3596
"D:/work/project/portpolio/project-ARPG/ARPG_Hunter/Content/06-UI/WBP_StatChange.uexp" 3597
"D:/work/project/portpolio/project-ARPG/ARPG_Hunter/Content/06-UI/WBP_EquipmentUpgrade.uasset" 3598
"D:/work/project/portpolio/project-ARPG/ARPG_Hunter/Content/06-UI/WBP_EquipmentUpgrade.uexp" 3599
"D:/work/project/portpolio/project-ARPG/ARPG_Hunter/Content/03-Data/NPCConfig/NPC_BlackSmith.uasset" 3600
"D:/work/project/portpolio/project-ARPG/ARPG_Hunter/Content/03-Data/NPCConfig/NPC_BlackSmith.uexp" 3601
"D:/work/project/portpolio/project-ARPG/ARPG_Hunter/Content/99-Asset/Fab/Megascans/Surfaces/Ground_Rubble_vl3jbbcg/Medium/T_vl3jbbcg_2K_ORM.ubulk" 3602
"D:/work/project/portpolio/project-ARPG/ARPG_Hunter/Content/99-Asset/Fab/Megascans/Surfaces/Ground_Rubble_vl3jbbcg/Medium/T_vl3jbbcg_2K_ORM.uasset" 3603
"D:/work/project/portpolio/project-ARPG/ARPG_Hunter/Content/99-Asset/Fab/Megascans/Surfaces/Ground_Rubble_vl3jbbcg/Medium/T_vl3jbbcg_2K_ORM.uexp" 3604
"D:/work/project/portpolio/project-ARPG/ARPG_Hunter/Content/99-Asset/Fab/Megascans/Surfaces/Ground_Rubble_vl3jbbcg/Medium/T_vl3jbbcg_2K_N.ubulk" 3605
"D:/work/project/portpolio/project-ARPG/ARPG_Hunter/Content/99-Asset/Fab/Megascans/Surfaces/Ground_Rubble_vl3jbbcg/Medium/T_vl3jbbcg_2K_N.uasset" 3606
"D:/work/project/portpolio/project-ARPG/ARPG_Hunter/Content/99-Asset/Fab/Megascans/Surfaces/Ground_Rubble_vl3jbbcg/Medium/T_vl3jbbcg_2K_N.uexp" 3607
"D:/work/project/portpolio/project-ARPG/ARPG_Hunter/Content/99-Asset/Fab/Megascans/Surfaces/Ground_Rubble_vl3jbbcg/Medium/T_vl3jbbcg_2K_B.ubulk" 3608
"D:/work/project/portpolio/project-ARPG/ARPG_Hunter/Content/99-Asset/Fab/Megascans/Surfaces/Ground_Rubble_vl3jbbcg/Medium/T_vl3jbbcg_2K_B.uasset" 3609
"D:/work/project/portpolio/project-ARPG/ARPG_Hunter/Content/99-Asset/Fab/Megascans/Surfaces/Ground_Rubble_vl3jbbcg/Medium/T_vl3jbbcg_2K_B.uexp" 3610
"../../../Engine/Plugins/Fab/Content/MaterialFunctions/QMF_Tiling.uasset" 3611
"../../../Engine/Plugins/Fab/Content/MaterialFunctions/QMF_Tiling.uexp" 3612
"../../../Engine/Plugins/Fab/Content/Materials/Standard/M_MS_Srf.uasset" 3613
"../../../Engine/Plugins/Fab/Content/Materials/Standard/M_MS_Srf.uexp" 3614
"D:/work/project/portpolio/project-ARPG/ARPG_Hunter/Content/99-Asset/Fab/Megascans/Surfaces/Ground_Rubble_vl3jbbcg/Medium/MI_vl3jbbcg.uasset" 3615
"D:/work/project/portpolio/project-ARPG/ARPG_Hunter/Content/99-Asset/Fab/Megascans/Surfaces/Ground_Rubble_vl3jbbcg/Medium/MI_vl3jbbcg.uexp" 3616
"../../../Engine/Content/BasicShapes/Plane.ubulk" 3617
"../../../Engine/Content/BasicShapes/Plane.uasset" 3618
"../../../Engine/Content/BasicShapes/Plane.uexp" 3619
"D:/work/project/portpolio/project-ARPG/ARPG_Hunter/Content/05-Material/M_Hologram.uasset" 3620
"D:/work/project/portpolio/project-ARPG/ARPG_Hunter/Content/05-Material/M_Hologram.uexp" 3621
"D:/work/project/portpolio/project-ARPG/ARPG_Hunter/Content/99-Asset/Prop/rustic_board/rustic_display_albedo.ubulk" 3622
"D:/work/project/portpolio/project-ARPG/ARPG_Hunter/Content/99-Asset/Prop/rustic_board/rustic_display_albedo.uasset" 3623
"D:/work/project/portpolio/project-ARPG/ARPG_Hunter/Content/99-Asset/Prop/rustic_board/rustic_display_albedo.uexp" 3624
"D:/work/project/portpolio/project-ARPG/ARPG_Hunter/Content/99-Asset/Prop/rustic_board/MI_Rustic_Display.uasset" 3625
"D:/work/project/portpolio/project-ARPG/ARPG_Hunter/Content/99-Asset/Prop/rustic_board/MI_Rustic_Display.uexp" 3626
"D:/work/project/portpolio/project-ARPG/ARPG_Hunter/Content/99-Asset/Prop/rustic_board/rustic_display.ubulk" 3627
"D:/work/project/portpolio/project-ARPG/ARPG_Hunter/Content/99-Asset/Prop/rustic_board/rustic_display.uasset" 3628
"D:/work/project/portpolio/project-ARPG/ARPG_Hunter/Content/99-Asset/Prop/rustic_board/rustic_display.uexp" 3629
"D:/work/project/portpolio/project-ARPG/ARPG_Hunter/Content/02-BP/Object/BP_StageSelector.uasset" 3630
"D:/work/project/portpolio/project-ARPG/ARPG_Hunter/Content/02-BP/Object/BP_StageSelector.uexp" 3631
"D:/work/project/portpolio/project-ARPG/ARPG_Hunter/Content/99-Asset/Prop/Construction_dig_site_and_heaps/construction_dig_site_and_heaps_texture_0.ubulk" 3632
"D:/work/project/portpolio/project-ARPG/ARPG_Hunter/Content/99-Asset/Prop/Construction_dig_site_and_heaps/construction_dig_site_and_heaps_texture_0.uasset" 3633
"D:/work/project/portpolio/project-ARPG/ARPG_Hunter/Content/99-Asset/Prop/Construction_dig_site_and_heaps/construction_dig_site_and_heaps_texture_0.uexp" 3634
"D:/work/project/portpolio/project-ARPG/ARPG_Hunter/Content/99-Asset/Prop/Construction_dig_site_and_heaps/tex_u1_v1.uasset" 3635
"D:/work/project/portpolio/project-ARPG/ARPG_Hunter/Content/99-Asset/Prop/Construction_dig_site_and_heaps/tex_u1_v1.uexp" 3636
"D:/work/project/portpolio/project-ARPG/ARPG_Hunter/Content/99-Asset/Prop/Construction_dig_site_and_heaps/construction_dig_site_and_heaps.ubulk" 3637
"D:/work/project/portpolio/project-ARPG/ARPG_Hunter/Content/99-Asset/Prop/Construction_dig_site_and_heaps/construction_dig_site_and_heaps.uasset" 3638
"D:/work/project/portpolio/project-ARPG/ARPG_Hunter/Content/99-Asset/Prop/Construction_dig_site_and_heaps/construction_dig_site_and_heaps.uexp" 3639
"D:/work/project/portpolio/project-ARPG/ARPG_Hunter/Content/01-Level/MainTown.uexp" 3640
"D:/work/project/portpolio/project-ARPG/ARPG_Hunter/Content/01-Level/MainTown.umap" 3641
"D:/work/project/portpolio/project-ARPG/ARPG_Hunter/Content/01-Level/Title.uexp" 3642
"D:/work/project/portpolio/project-ARPG/ARPG_Hunter/Content/01-Level/Title.umap" 3643
