"C:/Project-KJh/project-ARPGHunter/ARPG_Hunter.uproject" 1
"../../../../../../Project-KJh/project-ARPGHunter/Binaries/Win64/UnrealEditor.modules" 2
"../../../Engine/Plugins/AudioGameplayVolume/AudioGameplayVolume.uplugin" 3
"../../../Engine/Plugins/AudioGameplay/AudioGameplay.uplugin" 4
"../../../Engine/Plugins/BlueprintFileUtils/BlueprintFileUtils.uplugin" 5
"../../../Engine/Plugins/AudioInsights/AudioInsights.uplugin" 6
"../../../Engine/Plugins/ChaosClothAsset/ChaosClothAsset.uplugin" 7
"../../../Engine/Plugins/ChaosCloth/ChaosCloth.uplugin" 8
"../../../Engine/Plugins/Chooser/Chooser.uplugin" 9
"../../../Engine/Plugins/Bridge/Bridge.uplugin" 10
"../../../Engine/Plugins/ChaosClothAssetEditor/ChaosClothAssetEditor.uplugin" 11
"../../../Engine/Plugins/ChaosVD/ChaosVD.uplugin" 12
"../../../Engine/Plugins/EnhancedInput/EnhancedInput.uplugin" 13
"../../../Engine/Plugins/FastBuildController/FastBuildController.uplugin" 14
"../../../Engine/Plugins/CmdLinkServer/CmdLinkServer.uplugin" 15
"../../../Engine/Plugins/DiscoveryBeaconReceiver/DiscoveryBeaconReceiver.uplugin" 16
"../../../Engine/Plugins/LightWeightInstancesEditor/LightWeightInstancesEditor.uplugin" 17
"../../../Engine/Plugins/Fab/Fab.uplugin" 18
"../../../Engine/Plugins/JsonBlueprintUtilities/JsonBlueprintUtilities.uplugin" 19
"../../../Engine/Plugins/MemoryUsageQueries/MemoryUsageQueries.uplugin" 20
"../../../Engine/Plugins/MeshPainting/MeshPainting.uplugin" 21
"../../../Engine/Plugins/TraceUtilities/TraceUtilities.uplugin" 22
"../../../Engine/Plugins/UbaController/UbaController.uplugin" 23
"../../../Engine/Plugins/Mutable/Mutable.uplugin" 24
"../../../Engine/Plugins/PCG/PCG.uplugin" 25
"../../../Engine/Plugins/ScriptPlugin/ScriptPlugin.uplugin" 26
"../../../Engine/Plugins/XGEController/XGEController.uplugin" 27
"../../../Engine/Plugins/Developer/AnimationSharing/AnimationSharing.uplugin" 28
"../../../Engine/Plugins/RenderGraphInsights/RenderGraphInsights.uplugin" 29
"../../../Engine/Plugins/Developer/DumpGPUServices/DumpGPUServices.uplugin" 30
"../../../Engine/Plugins/WorldMetrics/WorldMetrics.uplugin" 31
"../../../Engine/Plugins/Developer/FieldNotificationTrace/FieldNotificationTrace.uplugin" 32
"../../../Engine/Plugins/Developer/BlankPlugin/BlankPlugin.uplugin" 33
"../../../Engine/Plugins/Developer/KDevelopSourceCodeAccess/KDevelopSourceCodeAccess.uplugin" 34
"../../../Engine/Plugins/Developer/CodeLiteSourceCodeAccess/CodeLiteSourceCodeAccess.uplugin" 35
"../../../Engine/Plugins/Developer/CLionSourceCodeAccess/CLionSourceCodeAccess.uplugin" 36
"../../../Engine/Plugins/Developer/GitSourceControl/GitSourceControl.uplugin" 37
"../../../Engine/Plugins/Developer/N10XSourceCodeAccess/N10XSourceCodeAccess.uplugin" 38
"../../../Engine/Plugins/Developer/PlasticSourceControl/PlasticSourceControl.uplugin" 39
"../../../Engine/Plugins/Developer/OneSkyLocalizationService/OneSkyLocalizationService.uplugin" 40
"../../../Engine/Plugins/Developer/NullSourceCodeAccess/NullSourceCodeAccess.uplugin" 41
"../../../Engine/Plugins/Developer/PixWinPlugin/PixWinPlugin.uplugin" 42
"../../../Engine/Plugins/Developer/PerforceSourceControl/PerforceSourceControl.uplugin" 43
"../../../Engine/Plugins/Developer/SubversionSourceControl/SubversionSourceControl.uplugin" 44
"../../../Engine/Plugins/Developer/RiderSourceCodeAccess/RiderSourceCodeAccess.uplugin" 45
"../../../Engine/Plugins/Developer/PluginUtils/PluginUtils.uplugin" 46
"../../../Engine/Plugins/Developer/TraceSourceFiltering/TraceSourceFilters.uplugin" 47
"../../../Engine/Plugins/Developer/TraceDataFiltering/TraceDataFilters.uplugin" 48
"../../../Engine/Plugins/Developer/TextureFormatOodle/TextureFormatOodle.uplugin" 49
"../../../Engine/Plugins/Developer/XcodeGPUDebuggerPlugin/XcodeGPUDebuggerPlugin.uplugin" 50
"../../../Engine/Plugins/Developer/UObjectPlugin/UObjectPlugin.uplugin" 51
"../../../Engine/Plugins/Developer/VisualStudioCodeSourceCodeAccess/VisualStudioCodeSourceCodeAccess.uplugin" 52
"../../../Engine/Plugins/Developer/RenderDocPlugin/RenderDocPlugin.uplugin" 53
"../../../Engine/Plugins/Developer/PropertyAccessNode/PropertyAccessNode.uplugin" 54
"../../../Engine/Plugins/Developer/XCodeSourceCodeAccess/XCodeSourceCodeAccess.uplugin" 55
"../../../Engine/Plugins/Developer/VisualStudioSourceCodeAccess/VisualStudioSourceCodeAccess.uplugin" 56
"../../../Engine/Plugins/Enterprise/AxFImporter/AxFImporter.uplugin" 57
"../../../Engine/Plugins/Enterprise/GLTFExporter/GLTFExporter.uplugin" 58
"../../../Engine/Plugins/FX/Niagara/Niagara.uplugin" 59
"../../../Engine/Plugins/FX/NiagaraMRQ/NiagaraMRQ.uplugin" 60
"../../../Engine/Plugins/FX/NiagaraFluids/NiagaraFluids.uplugin" 61
"../../../Engine/Plugins/Enterprise/LidarPointCloud/LidarPointCloud.uplugin" 62
"../../../Engine/Plugins/Enterprise/DatasmithC4DImporter/DatasmithC4DImporter.uplugin" 63
"../../../Engine/Plugins/Enterprise/DatasmithCADImporter/DatasmithCADImporter.uplugin" 64
"../../../Engine/Plugins/FX/CascadeToNiagaraConverter/CascadeToNiagaraConverter.uplugin" 65
"../../../Engine/Plugins/FX/ExampleCustomDataInterface/ExampleCustomDataInterface.uplugin" 66
"../../../Engine/Plugins/Enterprise/DataprepEditor/DataprepEditor.uplugin" 67
"../../../Engine/Plugins/Enterprise/MDLImporter/MDLImporter.uplugin" 68
"../../../Engine/Plugins/Enterprise/DatasmithFBXImporter/DatasmithFBXImporter.uplugin" 69
"../../../Engine/Plugins/Enterprise/VariantManager/VariantManager.uplugin" 70
"../../../Engine/Plugins/Enterprise/DatasmithImporter/DatasmithImporter.uplugin" 71
"../../../Engine/Plugins/Enterprise/DatasmithContent/DatasmithContent.uplugin" 72
"../../../Engine/Plugins/FX/NiagaraSimCaching/NiagaraSimCaching.uplugin" 73
"../../../Engine/Plugins/Importers/USDImporter/USDImporter.uplugin" 74
"../../../Engine/Plugins/Enterprise/VariantManagerContent/VariantManagerContent.uplugin" 75
"../../../Engine/Plugins/Importers/AlembicHairImporter/AlembicHairImporter.uplugin" 76
"../../../Engine/Plugins/Importers/AlembicImporter/AlembicImporter.uplugin" 77
"../../../Engine/Plugins/Messaging/MessagingDebugger/MessagingDebugger.uplugin" 78
"../../../Engine/Plugins/Messaging/TcpMessaging/TcpMessaging.uplugin" 79
"../../../Engine/Plugins/Importers/USDMultiUser/USDMultiUser.uplugin" 80
"../../../Engine/Plugins/NetcodeUnitTest/NetcodeUnitTest/NetcodeUnitTest.uplugin" 81
"../../../Engine/Plugins/NetcodeUnitTest/NUTUnrealEngine/NUTUnrealEngine.uplugin" 82
"../../../Engine/Plugins/Tests/AutomationDriverTests/AutomationDriverTests.uplugin" 83
"../../../Engine/Plugins/Messaging/UdpMessaging/UdpMessaging.uplugin" 84
"../../../Engine/Plugins/Tests/CQTestEnhancedInput/CQTestEnhancedInput.uplugin" 85
"../../../Engine/Plugins/Portal/LauncherChunkInstaller/LauncherChunkInstaller.uplugin" 86
"../../../Engine/Plugins/Tests/InterchangeTests/InterchangeTests.uplugin" 87
"../../../Engine/Plugins/Tests/EditorTests/EditorTests.uplugin" 88
"../../../Engine/Plugins/Tests/FbxAutomationTestBuilder/FbxAutomationTestBuilder.uplugin" 89
"../../../Engine/Plugins/Tests/FunctionalTestingEditor/FunctionalTestingEditor.uplugin" 90
"../../../Engine/Plugins/Tests/CQTest/CQTest.uplugin" 91
"../../../Engine/Plugins/Tests/RuntimeTests/RuntimeTests.uplugin" 92
"../../../Engine/Plugins/Tests/PythonAutomationTest/PythonAutomationTest.uplugin" 93
"../../../Engine/Plugins/Tests/RHITests/RHITests.uplugin" 94
"../../../Engine/Plugins/Tests/TestFramework/TestFramework.uplugin" 95
"../../../Engine/Plugins/Tests/WidgetAutomationTests/WidgetAutomationTests.uplugin" 96
"../../../Engine/Plugins/Tests/TestSamples/TestSamples.uplugin" 97
"../../../Engine/Plugins/VirtualProduction/CameraCalibrationCore/CameraCalibrationCore.uplugin" 98
"../../../Engine/Plugins/VirtualProduction/CameraCalibration/CameraCalibration.uplugin" 99
"../../../Engine/Plugins/VirtualProduction/DataCharts/DataCharts.uplugin" 100
"../../../Engine/Plugins/VirtualProduction/CaptureData/CaptureData.uplugin" 101
"../../../Engine/Plugins/VirtualProduction/ICVFX/ICVFX.uplugin" 102
"../../../Engine/Plugins/VirtualProduction/CompositePlane/CompositePlane.uplugin" 103
"../../../Engine/Plugins/VirtualProduction/CameraCalibrationML/CameraCalibrationML.uplugin" 104
"../../../Engine/Plugins/VirtualProduction/EpicStageApp/EpicStageApp.uplugin" 105
"../../../Engine/Plugins/VirtualProduction/ICVFXTesting/ICVFXTesting.uplugin" 106
"../../../Engine/Plugins/VirtualProduction/LensComponent/LensComponent.uplugin" 107
"../../../Engine/Plugins/VirtualProduction/LiveLinkCamera/LiveLinkCamera.uplugin" 108
"../../../Engine/Plugins/VirtualProduction/LiveLinkVRPN/LiveLinkVRPN.uplugin" 109
"../../../Engine/Plugins/VirtualProduction/LevelSnapshots/LevelSnapshots.uplugin" 110
"../../../Engine/Plugins/VirtualProduction/LiveLinkFreeD/LiveLinkFreeD.uplugin" 111
"../../../Engine/Plugins/VirtualProduction/LiveLinkXR/LiveLinkXR.uplugin" 112
"../../../Engine/Plugins/VirtualProduction/LiveLinkLens/LiveLinkLens.uplugin" 113
"../../../Engine/Plugins/VirtualProduction/LiveLinkInputDevice/LiveLinkInputDevice.uplugin" 114
"../../../Engine/Plugins/VirtualProduction/MultiUserTakes/MultiUserTakes.uplugin" 115
"../../../Engine/Plugins/VirtualProduction/LiveLinkMasterLockit/LiveLinkMasterLockit.uplugin" 116
"../../../Engine/Plugins/VirtualProduction/RemoteControlInterception/RemoteControlInterception.uplugin" 117
"../../../Engine/Plugins/VirtualProduction/RemoteControlProtocolDMX/RemoteControlProtocolDMX.uplugin" 118
"../../../Engine/Plugins/VirtualProduction/RemoteControl/RemoteControl.uplugin" 119
"../../../Engine/Plugins/VirtualProduction/LiveLinkPrestonMDR/LiveLinkPrestonMDR.uplugin" 120
"../../../Engine/Plugins/VirtualProduction/RemoteControlProtocolMIDI/RemoteControlProtocolMIDI.uplugin" 121
"../../../Engine/Plugins/VirtualProduction/Takes/Takes.uplugin" 122
"../../../Engine/Plugins/VirtualProduction/RemoteControlWebInterface/RemoteControlWebInterface.uplugin" 123
"../../../Engine/Plugins/VirtualProduction/RemoteControlProtocolOSC/RemoteControlProtocolOSC.uplugin" 124
"../../../Engine/Plugins/VirtualProduction/SequencerPlaylists/SequencerPlaylists.uplugin" 125
"../../../Engine/Plugins/VirtualProduction/StageMonitoring/StageMonitoring.uplugin" 126
"../../../Engine/Plugins/VirtualProduction/TimedDataMonitor/TimedDataMonitor.uplugin" 127
"../../../Engine/Plugins/VirtualProduction/TextureShare/TextureShare.uplugin" 128
"../../../Engine/Plugins/VirtualProduction/VirtualCamera/VirtualCamera.uplugin" 129
"../../../Engine/Plugins/VirtualProduction/Switchboard/Switchboard.uplugin" 130
"../../../Engine/Plugins/VirtualProduction/VirtualCameraCore/VirtualCameraCore.uplugin" 131
"../../../Engine/Plugins/Interchange/Assets/InterchangeAssets.uplugin" 132
"../../../Engine/Plugins/VirtualProduction/VirtualScouting/VirtualScouting.uplugin" 133
"../../../Engine/Plugins/Interchange/Runtime/Interchange.uplugin" 134
"../../../Engine/Plugins/Interchange/Editor/InterchangeEditor.uplugin" 135
"../../../Engine/Plugins/Media/AjaMedia/AjaMedia.uplugin" 136
"../../../Engine/Plugins/Media/AndroidMedia/AndroidMedia.uplugin" 137
"../../../Engine/Plugins/Media/AndroidCamera/AndroidCamera.uplugin" 138
"../../../Engine/Plugins/Media/AppleProResDecoderElectra/AppleProResDecoderElectra.uplugin" 139
"../../../Engine/Plugins/Media/AppleProResMedia/AppleProResMedia.uplugin" 140
"../../../Engine/Plugins/Media/AvfMedia/AvfMedia.uplugin" 141
"../../../Engine/Plugins/Media/AudioCaptureTimecodeProvider/AudioCaptureTimecodeProvider.uplugin" 142
"../../../Engine/Plugins/Media/AvidDNxHDDecoderElectra/AvidDNxHDDecoderElectra.uplugin" 143
"../../../Engine/Plugins/Media/BlackmagicMedia/BlackmagicMedia.uplugin" 144
"../../../Engine/Plugins/Media/AvidDNxMedia/AvidDNxMedia.uplugin" 145
"../../../Engine/Plugins/Media/BinkMedia/BinkMedia.uplugin" 146
"../../../Engine/Plugins/Media/ElectraCDM/ElectraCDM.uplugin" 147
"../../../Engine/Plugins/Media/D3D12VideoDecodersElectra/D3D12VideoDecodersElectra.uplugin" 148
"../../../Engine/Plugins/Media/ElectraSubtitles/ElectraSubtitles.uplugin" 149
"../../../Engine/Plugins/Media/ElectraPlayer/ElectraPlayer.uplugin" 150
"../../../Engine/Plugins/Media/HAPDecoderElectra/HAPDecoderElectra.uplugin" 151
"../../../Engine/Plugins/Media/HAPMedia/HAPMedia.uplugin" 152
"../../../Engine/Plugins/Media/ElectraCodecs/ElectraCodecs.uplugin" 153
"../../../Engine/Plugins/Media/MediaMovieStreamer/MediaMovieStreamer.uplugin" 154
"../../../Engine/Plugins/Media/MfMedia/MfMedia.uplugin" 155
"../../../Engine/Plugins/Media/MediaIOFramework/MediaIOFramework.uplugin" 156
"../../../Engine/Plugins/Media/LinearTimecode/LinearTimecode.uplugin" 157
"../../../Engine/Plugins/Media/ImgMedia/ImgMedia.uplugin" 158
"../../../Engine/Plugins/Media/MediaFrameworkUtilities/MediaFrameworkUtilities.uplugin" 159
"../../../Engine/Plugins/Media/HardwareEncoders/HardwareEncoders.uplugin" 160
"../../../Engine/Plugins/Media/MediaCompositing/MediaCompositing.uplugin" 161
"../../../Engine/Plugins/Media/OpusDecoderElectra/OpusDecoderElectra.uplugin" 162
"../../../Engine/Plugins/Media/PixelCapture/PixelCapture.uplugin" 163
"../../../Engine/Plugins/Media/MediaPlate/MediaPlate.uplugin" 164
"../../../Engine/Plugins/Media/ElectraUtil/ElectraUtil.uplugin" 165
"../../../Engine/Plugins/Media/FlacDecoderElectra/FlacDecoderElectra.uplugin" 166
"../../../Engine/Plugins/Media/MediaPlayerEditor/MediaPlayerEditor.uplugin" 167
"../../../Engine/Plugins/Media/NDIMedia/NDIMedia.uplugin" 168
"../../../Engine/Plugins/Media/WebMMedia/WebMMedia.uplugin" 169
"../../../Engine/Plugins/Media/PixelStreaming2/PixelStreaming2.uplugin" 170
"../../../Engine/Plugins/Media/PixelStreaming/PixelStreaming.uplugin" 171
"../../../Engine/Plugins/Media/VPxDecoderElectra/VPxDecoderElectra.uplugin" 172
"../../../Engine/Plugins/Media/WmfMedia/WmfMedia.uplugin" 173
"../../../Engine/Plugins/MovieScene/CustomizableSequencerTracks/CustomizableSequencerTracks.uplugin" 174
"../../../Engine/Plugins/Media/TimecodeSynchronizer/TimecodeSynchronizer.uplugin" 175
"../../../Engine/Plugins/NNE/NNEDenoiser/NNEDenoiser.uplugin" 176
"../../../Engine/Plugins/MovieScene/MoviePipelineMaskRenderPass/MoviePipelineMaskRenderPass.uplugin" 177
"../../../Engine/Plugins/MovieScene/LevelSequenceEditor/LevelSequenceEditor.uplugin" 178
"../../../Engine/Plugins/MovieScene/ActorSequence/ActorSequence.uplugin" 179
"../../../Engine/Plugins/NNE/NNERuntimeORT/NNERuntimeORT.uplugin" 180
"../../../Engine/Plugins/MovieScene/MovieRenderPipeline/MovieRenderPipeline.uplugin" 181
"../../../Engine/Plugins/MovieScene/MovieSceneTextTrack/MovieSceneTextTrack.uplugin" 182
"../../../Engine/Plugins/MovieScene/TemplateSequence/TemplateSequence.uplugin" 183
"../../../Engine/Plugins/MovieScene/SequencerScripting/SequencerScripting.uplugin" 184
"../../../Engine/Plugins/MovieScene/ReplayTracks/ReplayTracks.uplugin" 185
"../../../Engine/Plugins/PCGInterops/PCGExternalDataInterop/PCGExternalDataInterop.uplugin" 186
"../../../Engine/Plugins/Runtime/ActorLayerUtilities/ActorLayerUtilities.uplugin" 187
"../../../Engine/Plugins/PCGInterops/PCGGeometryScriptInterop/PCGGeometryScriptInterop.uplugin" 188
"../../../Engine/Plugins/Runtime/AndroidDeviceProfileSelector/AndroidDeviceProfileSelector.uplugin" 189
"../../../Engine/Plugins/Runtime/AndroidBackgroundService/AndroidBackgroundService.uplugin" 190
"../../../Engine/Plugins/Runtime/AndroidFileServer/AndroidFileServer.uplugin" 191
"../../../Engine/Plugins/Runtime/ArchVisCharacter/ArchVisCharacter.uplugin" 192
"../../../Engine/Plugins/Runtime/AppleMoviePlayer/AppleMoviePlayer.uplugin" 193
"../../../Engine/Plugins/Runtime/AssetTags/AssetTags.uplugin" 194
"../../../Engine/Plugins/Runtime/ApexDestruction/ApexDestruction.uplugin" 195
"../../../Engine/Plugins/Runtime/AnimationBudgetAllocator/AnimationBudgetAllocator.uplugin" 196
"../../../Engine/Plugins/Runtime/AndroidPermission/AndroidPermission.uplugin" 197
"../../../Engine/Plugins/Runtime/AndroidMoviePlayer/AndroidMoviePlayer.uplugin" 198
"../../../Engine/Plugins/Runtime/AudioModulation/AudioModulation.uplugin" 199
"../../../Engine/Plugins/Runtime/AppleImageUtils/AppleImageUtils.uplugin" 200
"../../../Engine/Plugins/Runtime/AudioMotorSim/AudioMotorSim.uplugin" 201
"../../../Engine/Plugins/Runtime/AudioWidgets/AudioWidgets.uplugin" 202
"../../../Engine/Plugins/Runtime/CableComponent/CableComponent.uplugin" 203
"../../../Engine/Plugins/Runtime/ChunkDownloader/ChunkDownloader.uplugin" 204
"../../../Engine/Plugins/Runtime/AudioSynesthesia/AudioSynesthesia.uplugin" 205
"../../../Engine/Plugins/Runtime/CommonUI/CommonUI.uplugin" 206
"../../../Engine/Plugins/Runtime/AudioCapture/AudioCapture.uplugin" 207
"../../../Engine/Plugins/Runtime/GameFeatures/GameFeatures.uplugin" 208
"../../../Engine/Plugins/Runtime/Firebase/Firebase.uplugin" 209
"../../../Engine/Plugins/Runtime/ComputeFramework/ComputeFramework.uplugin" 210
"../../../Engine/Plugins/Runtime/CustomMeshComponent/CustomMeshComponent.uplugin" 211
"../../../Engine/Plugins/Runtime/DataRegistry/DataRegistry.uplugin" 212
"../../../Engine/Plugins/Runtime/GameplayAbilities/GameplayAbilities.uplugin" 213
"../../../Engine/Plugins/Runtime/GameInput/GameInput.uplugin" 214
"../../../Engine/Plugins/Runtime/ExampleDeviceProfileSelector/ExampleDeviceProfileSelector.uplugin" 215
"../../../Engine/Plugins/Runtime/GeometryScripting/GeometryScripting.uplugin" 216
"../../../Engine/Plugins/Runtime/GameplayInteractions/GameplayInteractions.uplugin" 217
"../../../Engine/Plugins/Runtime/GameplayStateTree/GameplayStateTree.uplugin" 218
"../../../Engine/Plugins/Runtime/GameplayBehaviorSmartObjects/GameplayBehaviorSmartObjects.uplugin" 219
"../../../Engine/Plugins/Runtime/GooglePAD/GooglePAD.uplugin" 220
"../../../Engine/Plugins/Runtime/GeoReferencing/GeoReferencing.uplugin" 221
"../../../Engine/Plugins/Runtime/GeometryProcessing/GeometryProcessing.uplugin" 222
"../../../Engine/Plugins/Runtime/HairStrands/HairStrands.uplugin" 223
"../../../Engine/Plugins/Runtime/GeometryCache/GeometryCache.uplugin" 224
"../../../Engine/Plugins/Runtime/GoogleCloudMessaging/GoogleCloudMessaging.uplugin" 225
"../../../Engine/Plugins/Runtime/Harmonix/Harmonix.uplugin" 226
"../../../Engine/Plugins/Runtime/HPMotionController/HPMotionController.uplugin" 227
"../../../Engine/Plugins/Runtime/IOSReplayKit/IOSReplayKit.uplugin" 228
"../../../Engine/Plugins/Runtime/InstancedActors/InstancedActors.uplugin" 229
"../../../Engine/Plugins/Runtime/HTTPChunkInstaller/HTTPChunkInstaller.uplugin" 230
"../../../Engine/Plugins/Runtime/LinuxDeviceProfileSelector/LinuxDeviceProfileSelector.uplugin" 231
"../../../Engine/Plugins/Runtime/HDRIBackdrop/HDRIBackdrop.uplugin" 232
"../../../Engine/Plugins/Runtime/LevelStreamingPersistence/LevelStreamingPersistence.uplugin" 233
"../../../Engine/Plugins/Runtime/LiveLinkOvernDisplay/LiveLinkOverNDisplay.uplugin" 234
"../../../Engine/Plugins/Runtime/LocationServicesBPLibrary/LocationServicesBPLibrary.uplugin" 235
"../../../Engine/Plugins/Runtime/InputDebugging/InputDebugging.uplugin" 236
"../../../Engine/Plugins/Runtime/IOSDeviceProfileSelector/IOSDeviceProfileSelector.uplugin" 237
"../../../Engine/Plugins/Runtime/LocationServicesAndroidImpl/LocationServicesAndroidImpl.uplugin" 238
"../../../Engine/Plugins/Runtime/LocationServicesIOSImpl/LocationServicesIOSImpl.uplugin" 239
"../../../Engine/Plugins/Runtime/MassGameplay/MassGameplay.uplugin" 240
"../../../Engine/Plugins/Runtime/MassEntity/MassEntity.uplugin" 241
"../../../Engine/Plugins/Runtime/MeshModelingToolset/MeshModelingToolset.uplugin" 242
"../../../Engine/Plugins/Runtime/ModelViewViewModel/ModelViewViewModel.uplugin" 243
"../../../Engine/Plugins/Runtime/MIDIDevice/MIDIDevice.uplugin" 244
"../../../Engine/Plugins/Runtime/MicrosoftSpatialAudio/MicroSoftSpatialSound.uplugin" 245
"../../../Engine/Plugins/Runtime/Metasound/Metasound.uplugin" 246
"../../../Engine/Plugins/Runtime/MsQuic/MsQuic.uplugin" 247
"../../../Engine/Plugins/Runtime/MobilePatchingUtils/MobilePatchingUtils.uplugin" 248
"../../../Engine/Plugins/Runtime/NavCorridor/NavCorridor.uplugin" 249
"../../../Engine/Plugins/Runtime/MobileFSR/MobileFSR.uplugin" 250
"../../../Engine/Plugins/Runtime/MixedRealityCaptureFramework/MixedRealityCaptureFramework.uplugin" 251
"../../../Engine/Plugins/Runtime/ModularGameplay/ModularGameplay.uplugin" 252
"../../../Engine/Plugins/Runtime/nDisplay/nDisplay.uplugin" 253
"../../../Engine/Plugins/Runtime/MultiServerReplication/MultiServerReplication.uplugin" 254
"../../../Engine/Plugins/Runtime/nDisplayModularFeatures/nDisplayModularFeatures.uplugin" 255
"../../../Engine/Plugins/Runtime/OpenXR/OpenXR.uplugin" 256
"../../../Engine/Plugins/Runtime/OpenXREyeTracker/OpenXREyeTracker.uplugin" 257
"../../../Engine/Plugins/Runtime/OpenXRViveTracker/OpenXRViveTracker.uplugin" 258
"../../../Engine/Plugins/Runtime/NetworkPrediction/NetworkPrediction.uplugin" 259
"../../../Engine/Plugins/Runtime/OpenXRMsftHandInteraction/OpenXRMsftHandInteraction.uplugin" 260
"../../../Engine/Plugins/Runtime/NetworkPredictionInsights/NetworkPredictionInsights.uplugin" 261
"../../../Engine/Plugins/Runtime/OpenCV/OpenCV.uplugin" 262
"../../../Engine/Plugins/Runtime/NetworkPredictionExtras/NetworkPredictionExtras.uplugin" 263
"../../../Engine/Plugins/Runtime/OptionalMobileFeaturesBPLibrary/OptionalMobileFeaturesBPLibrary.uplugin" 264
"../../../Engine/Plugins/Runtime/OpenXRHandTracking/OpenXRHandTracking.uplugin" 265
"../../../Engine/Plugins/Runtime/PreLoadScreenMoviePlayer/PreLoadScreenMoviePlayer.uplugin" 266
"../../../Engine/Plugins/Runtime/RenderTrace/RenderTrace.uplugin" 267
"../../../Engine/Plugins/Runtime/OSC/OSC.uplugin" 268
"../../../Engine/Plugins/Runtime/ResonanceAudio/ResonanceAudio.uplugin" 269
"../../../Engine/Plugins/Runtime/PropertyBindingUtils/PropertyBindingUtils.uplugin" 270
"../../../Engine/Plugins/Runtime/ProceduralMeshComponent/ProceduralMeshComponent.uplugin" 271
"../../../Engine/Plugins/Runtime/SmartObjects/SmartObjects.uplugin" 272
"../../../Engine/Plugins/Runtime/SignificanceManager/SignificanceManager.uplugin" 273
"../../../Engine/Plugins/Runtime/RigVM/RigVM.uplugin" 274
"../../../Engine/Plugins/Runtime/PropertyAccess/PropertyAccessEditor.uplugin" 275
"../../../Engine/Plugins/Runtime/ReplicationSystemTestPlugin/ReplicationSystemTestPlugin.uplugin" 276
"../../../Engine/Plugins/Runtime/SoundCueTemplates/SoundCueTemplates.uplugin" 277
"../../../Engine/Plugins/Runtime/ReplicationGraph/ReplicationGraph.uplugin" 278
"../../../Engine/Plugins/Runtime/ScriptableToolsFramework/ScriptableToolsFramework.uplugin" 279
"../../../Engine/Plugins/Runtime/SkeletalMerging/SkeletalMerging.uplugin" 280
"../../../Engine/Plugins/Runtime/SoundFields/SoundFields.uplugin" 281
"../../../Engine/Plugins/Runtime/SoundMod/SoundMod.uplugin" 282
"../../../Engine/Plugins/Runtime/Soundscape/Soundscape.uplugin" 283
"../../../Engine/Plugins/Runtime/SunPosition/SunPosition.uplugin" 284
"../../../Engine/Plugins/Runtime/Spatialization/Spatialization.uplugin" 285
"../../../Engine/Plugins/Runtime/USDCore/USDCore.uplugin" 286
"../../../Engine/Plugins/Runtime/SoundUtilities/SoundUtilities.uplugin" 287
"../../../Engine/Plugins/Runtime/WebMMoviePlayer/WebMMoviePlayer.uplugin" 288
"../../../Engine/Plugins/Runtime/WebBrowserNativeProxy/WebBrowserNativeProxy.uplugin" 289
"../../../Engine/Plugins/Runtime/WebBrowserWidget/WebBrowserWidget.uplugin" 290
"../../../Engine/Plugins/Runtime/WindowsDeviceProfileSelector/WindowsDeviceProfileSelector.uplugin" 291
"../../../Engine/Plugins/Runtime/WarpUtils/WarpUtils.uplugin" 292
"../../../Engine/Plugins/Runtime/ZoneGraph/ZoneGraph.uplugin" 293
"../../../Engine/Plugins/Runtime/StateTree/StateTree.uplugin" 294
"../../../Engine/Plugins/Runtime/WindowsMoviePlayer/WindowsMoviePlayer.uplugin" 295
"../../../Engine/Plugins/Runtime/WaveTable/WaveTable.uplugin" 296
"../../../Engine/Plugins/Runtime/Synthesis/Synthesis.uplugin" 297
"../../../Engine/Plugins/Runtime/ZoneGraphAnnotations/ZoneGraphAnnotations.uplugin" 298
"../../../Engine/Plugins/Performance/AutomatedPerfTesting/AutomatedPerfTesting.uplugin" 299
"../../../Engine/Plugins/Runtime/XRBase/XRBase.uplugin" 300
"../../../Engine/Plugins/Runtime/WorldConditions/WorldConditions.uplugin" 301
"../../../Engine/Plugins/Slate/SlateScripting/SlateScripting.uplugin" 302
"../../../Engine/Plugins/2D/Paper2D/Paper2D.uplugin" 303
"../../../Engine/Plugins/Slate/SlateInsights/SlateInsights.uplugin" 304
"../../../Engine/Plugins/Animation/ACLPlugin/ACLPlugin.uplugin" 305
"../../../Engine/Plugins/AI/MassAI/MassAI.uplugin" 306
"../../../Engine/Plugins/AI/HTNPlanner/HTNPlanner.uplugin" 307
"../../../Engine/Plugins/AI/EnvironmentQueryEditor/EnvironmentQueryEditor.uplugin" 308
"../../../Engine/Plugins/Performance/PerformanceMonitor/PerformanceMonitor.uplugin" 309
"../../../Engine/Plugins/AI/AISupport/AISupport.uplugin" 310
"../../../Engine/Plugins/AI/MassCrowd/MassCrowd.uplugin" 311
"../../../Engine/Plugins/AI/MLAdapter/MLAdapter.uplugin" 312
"../../../Engine/Plugins/Animation/AnimationData/AnimationData.uplugin" 313
"../../../Engine/Plugins/Animation/AnimationLocomotionLibrary/AnimationLocomotionLibrary.uplugin" 314
"../../../Engine/Plugins/Animation/AnimationModifierLibrary/AnimationModifierLibrary.uplugin" 315
"../../../Engine/Plugins/Animation/AnimationWarping/AnimationWarping.uplugin" 316
"../../../Engine/Plugins/Animation/AnimatorKit/AnimatorKit.uplugin" 317
"../../../Engine/Plugins/Animation/ControlRigModules/ControlRigModules.uplugin" 318
"../../../Engine/Plugins/Animation/ControlRigSpline/ControlRigSpline.uplugin" 319
"../../../Engine/Plugins/Animation/GameplayInsights/GameplayInsights.uplugin" 320
"../../../Engine/Plugins/Animation/IKRig/IKRig.uplugin" 321
"../../../Engine/Plugins/Animation/LiveLinkCurveDebugUI/LiveLinkCurveDebugUI.uplugin" 322
"../../../Engine/Plugins/Animation/BlendSpaceMotionAnalysis/BlendSpaceMotionAnalysis.uplugin" 323
"../../../Engine/Plugins/Animation/DeformerGraph/DeformerGraph.uplugin" 324
"../../../Engine/Plugins/Animation/LiveLink/LiveLink.uplugin" 325
"../../../Engine/Plugins/Animation/BlendStack/BlendStack.uplugin" 326
"../../../Engine/Plugins/Animation/LiveLinkHub/LiveLinkHub.uplugin" 327
"../../../Engine/Plugins/Animation/ControlRig/ControlRig.uplugin" 328
"../../../Engine/Plugins/Animation/PoseSearch/PoseSearch.uplugin" 329
"../../../Engine/Plugins/Animation/MotionWarping/MotionWarping.uplugin" 330
"../../../Engine/Plugins/Animation/RigLogic/RigLogic.uplugin" 331
"../../../Engine/Plugins/Animation/PerformanceCaptureCore/PerformanceCaptureCore.uplugin" 332
"../../../Engine/Plugins/Cameras/EngineCameras/EngineCameras.uplugin" 333
"../../../Engine/Plugins/Cameras/CameraShakePreviewer/CameraShakePreviewer.uplugin" 334
"../../../Engine/Plugins/Compositing/Composure/Composure.uplugin" 335
"../../../Engine/Plugins/Compression/OodleNetwork/OodleNetwork.uplugin" 336
"../../../Engine/Plugins/Compositing/LensDistortion/LensDistortion.uplugin" 337
"../../../Engine/Plugins/Compositing/OpenColorIO/OpenColorIO.uplugin" 338
"../../../Engine/Plugins/Editor/AssetManagerEditor/AssetManagerEditor.uplugin" 339
"../../../Engine/Plugins/Editor/AssetReferenceRestrictions/AssetReferenceRestrictions.uplugin" 340
"../../../Engine/Plugins/Editor/BlueprintMaterialTextureNodes/BlueprintMaterialTextureNodes.uplugin" 341
"../../../Engine/Plugins/Cameras/GameplayCameras/GameplayCameras.uplugin" 342
"../../../Engine/Plugins/Editor/AssetSearch/AssetSearch.uplugin" 343
"../../../Engine/Plugins/Editor/BlueprintHeaderView/BlueprintHeaderView.uplugin" 344
"../../../Engine/Plugins/Compositing/OpenCVLensDistortion/OpenCVLensDistortion.uplugin" 345
"../../../Engine/Plugins/Editor/ChangelistReview/ChangelistReview.uplugin" 346
"../../../Engine/Plugins/Editor/ColorGrading/ColorGrading.uplugin" 347
"../../../Engine/Plugins/Editor/AssetRegistryExport/AssetRegistryExport.uplugin" 348
"../../../Engine/Plugins/Editor/ConsoleVariablesEditor/ConsoleVariables.uplugin" 349
"../../../Engine/Plugins/Editor/CryptoKeys/CryptoKeys.uplugin" 350
"../../../Engine/Plugins/Editor/DataValidation/DataValidation.uplugin" 351
"../../../Engine/Plugins/Editor/CurveEditorTools/CurveEditorTools.uplugin" 352
"../../../Engine/Plugins/Editor/FacialAnimation/FacialAnimation.uplugin" 353
"../../../Engine/Plugins/Editor/DisplayClusterLaunch/DisplayClusterLaunch.uplugin" 354
"../../../Engine/Plugins/Editor/EditorDebugTools/EditorDebugTools.uplugin" 355
"../../../Engine/Plugins/Editor/EditorScriptingUtilities/EditorScriptingUtilities.uplugin" 356
"../../../Engine/Plugins/Editor/GameplayTagsEditor/GameplayTagsEditor.uplugin" 357
"../../../Engine/Plugins/Editor/GeometryMode/GeometryMode.uplugin" 358
"../../../Engine/Plugins/Editor/LiveUpdateForSlate/LiveUpdateForSlate.uplugin" 359
"../../../Engine/Plugins/Editor/EngineAssetDefinitions/EngineAssetDefinitions.uplugin" 360
"../../../Engine/Plugins/Editor/EditorSysConfigAssistant/EditorSysConfigAssistant.uplugin" 361
"../../../Engine/Plugins/Editor/MacGraphicsSwitching/MacGraphicsSwitching.uplugin" 362
"../../../Engine/Plugins/Editor/GuidedTutorials/GuidedTutorials.uplugin" 363
"../../../Engine/Plugins/Editor/MaterialAnalyzer/MaterialAnalyzer.uplugin" 364
"../../../Engine/Plugins/Editor/MakeCookedEditorAsDLC/MakeCookedEditorAsDLC.uplugin" 365
"../../../Engine/Plugins/Editor/MeshLODToolset/MeshLODToolset.uplugin" 366
"../../../Engine/Plugins/Editor/ModelingToolsEditorMode/ModelingToolsEditorMode.uplugin" 367
"../../../Engine/Plugins/Editor/MobileLauncherProfileWizard/MobileLauncherProfileWizard.uplugin" 368
"../../../Engine/Plugins/Editor/PluginBrowser/PluginBrowser.uplugin" 369
"../../../Engine/Plugins/Editor/ModelViewViewModelPreview/ModelViewViewModelPreview.uplugin" 370
"../../../Engine/Plugins/Editor/ProxyLODPlugin/ProxyLODPlugin.uplugin" 371
"../../../Engine/Plugins/Editor/StylusInput/StylusInput.uplugin" 372
"../../../Engine/Plugins/Editor/SpeedTreeImporter/SpeedTreeImporter.uplugin" 373
"../../../Engine/Plugins/Editor/SampleToolsEditorMode/SampleToolsEditorMode.uplugin" 374
"../../../Engine/Plugins/Editor/UMGWidgetPreview/UMGWidgetPreview.uplugin" 375
"../../../Engine/Plugins/Editor/ScriptableToolsEditorMode/ScriptableToolsEditorMode.uplugin" 376
"../../../Engine/Plugins/Editor/WorldPartitionHLODUtilities/WorldPartitionHLODUtilities.uplugin" 377
"../../../Engine/Plugins/Editor/StaticMeshEditorModeling/StaticMeshEditorModeling.uplugin" 378
"../../../Engine/Plugins/Editor/SequencerAnimTools/SequencerAnimTools.uplugin" 379
"../../../Engine/Plugins/Experimental/AbilitySystemGameFeatureActions/AbilitySystemGameFeatureActions.uplugin" 380
"../../../Engine/Plugins/Editor/UVEditor/UVEditor.uplugin" 381
"../../../Engine/Plugins/Editor/WaveformEditor/WaveformEditor.uplugin" 382
"../../../Engine/Plugins/Experimental/ActorPalette/ActorPalette.uplugin" 383
"../../../Engine/Plugins/Experimental/AppleVision/AppleVision.uplugin" 384
"../../../Engine/Plugins/Experimental/AnimNextAnimGraph/AnimNextAnimGraph.uplugin" 385
"../../../Engine/Plugins/Experimental/AnimNext/AnimNext.uplugin" 386
"../../../Engine/Plugins/Experimental/AutomationUtils/AutomationUtils.uplugin" 387
"../../../Engine/Plugins/Experimental/AnimNextChooser/AnimNextChooser.uplugin" 388
"../../../Engine/Plugins/Experimental/AnimToTexture/AnimToTexture.uplugin" 389
"../../../Engine/Plugins/Experimental/Avalanche/Avalanche.uplugin" 390
"../../../Engine/Plugins/Experimental/ActorModifierCore/ActorModifierCore.uplugin" 391
"../../../Engine/Plugins/Experimental/Buoyancy/Buoyancy.uplugin" 392
"../../../Engine/Plugins/Experimental/AnimNextStateTree/AnimNextStateTree.uplugin" 393
"../../../Engine/Plugins/Experimental/AdvancedRenamer/AdvancedRenamer.uplugin" 394
"../../../Engine/Plugins/Experimental/AvalancheDisplayCluster/AvalancheDisplayCluster.uplugin" 395
"../../../Engine/Plugins/Experimental/BackChannel/BackChannel.uplugin" 396
"../../../Engine/Plugins/Experimental/ChaosCaching/ChaosCaching.uplugin" 397
"../../../Engine/Plugins/Experimental/BlueprintSnapNodes/BlueprintSnapNodes.uplugin" 398
"../../../Engine/Plugins/Experimental/ChaosEditor/ChaosEditor.uplugin" 399
"../../../Engine/Plugins/Experimental/ChaosClothEditor/ChaosClothEditor.uplugin" 400
"../../../Engine/Plugins/Experimental/BlueprintStats/BlueprintStats.uplugin" 401
"../../../Engine/Plugins/Experimental/ChaosCachingUSD/ChaosCachingUSD.uplugin" 402
"../../../Engine/Plugins/Experimental/ChaosFlesh/ChaosFlesh.uplugin" 403
"../../../Engine/Plugins/Experimental/CharacterAI/CharacterAI.uplugin" 404
"../../../Engine/Plugins/Experimental/ChaosSolverPlugin/ChaosSolverPlugin.uplugin" 405
"../../../Engine/Plugins/Experimental/ChaosVehiclesPlugin/ChaosVehiclesPlugin.uplugin" 406
"../../../Engine/Plugins/Experimental/ChaosModularVehicle/ChaosModularVehicle.uplugin" 407
"../../../Engine/Plugins/Experimental/ChaosUserDataPT/ChaosUserDataPT.uplugin" 408
"../../../Engine/Plugins/Experimental/ChaosModularVehicleExamples/ChaosModularVehicleExamples.uplugin" 409
"../../../Engine/Plugins/Experimental/CineCameraSceneCapture/CineCameraSceneCapture.uplugin" 410
"../../../Engine/Plugins/Experimental/ChaosNiagara/ChaosNiagara.uplugin" 411
"../../../Engine/Plugins/Experimental/CineCameraRigs/CineCameraRigs.uplugin" 412
"../../../Engine/Plugins/Experimental/CodeView/CodeView.uplugin" 413
"../../../Engine/Plugins/Experimental/CodeEditor/CodeEditor.uplugin" 414
"../../../Engine/Plugins/Experimental/CommonConversation/CommonConversation.uplugin" 415
"../../../Engine/Plugins/Experimental/CustomDetailsView/CustomDetailsView.uplugin" 416
"../../../Engine/Plugins/Experimental/ClonerEffector/ClonerEffector.uplugin" 417
"../../../Engine/Plugins/Experimental/ColorCorrectRegions/ColorCorrectRegions.uplugin" 418
"../../../Engine/Plugins/Experimental/CinematicPrestreaming/CinematicPrestreaming.uplugin" 419
"../../../Engine/Plugins/Experimental/DefaultInstallBundleManager/DefaultInstallBundleManager.uplugin" 420
"../../../Engine/Plugins/Experimental/DynamicMaterial/DynamicMaterial.uplugin" 421
"../../../Engine/Plugins/Experimental/ControlFlows/ControlFlows.uplugin" 422
"../../../Engine/Plugins/Experimental/EditorDataStorageFeatures/EditorDataStorageFeatures.uplugin" 423
"../../../Engine/Plugins/Experimental/EditorDataStorage/EditorDataStorage.uplugin" 424
"../../../Engine/Plugins/Experimental/Dataflow/Dataflow.uplugin" 425
"../../../Engine/Plugins/Experimental/DaySequence/DaySequence.uplugin" 426
"../../../Engine/Plugins/Experimental/EditorPerformance/EditorPerformance.uplugin" 427
"../../../Engine/Plugins/Experimental/GameplayGraph/GameplayGraph.uplugin" 428
"../../../Engine/Plugins/Experimental/FloatingProperties/FloatingProperties.uplugin" 429
"../../../Engine/Plugins/Experimental/EditorTelemetry/EditorTelemetry.uplugin" 430
"../../../Engine/Plugins/Experimental/GameInputWindows/GameInputWindows.uplugin" 431
"../../../Engine/Plugins/Experimental/FieldSystemPlugin/FieldSystemPlugin.uplugin" 432
"../../../Engine/Plugins/Experimental/GameplayBehaviors/GameplayBehaviors.uplugin" 433
"../../../Engine/Plugins/Experimental/FullBodyIK/FullBodyIK.uplugin" 434
"../../../Engine/Plugins/Experimental/GeometryMask/GeometryMask.uplugin" 435
"../../../Engine/Plugins/Experimental/Fracture/Fracture.uplugin" 436
"../../../Engine/Plugins/Experimental/GeometryCollectionPlugin/GeometryCollectionPlugin.uplugin" 437
"../../../Engine/Plugins/Experimental/GeometryFlow/GeometryFlow.uplugin" 438
"../../../Engine/Plugins/Experimental/HairCardGenerator/HairCardGenerator.uplugin" 439
"../../../Engine/Plugins/Experimental/GeometryCacheAbcFile/GeometryCacheAbcFile.uplugin" 440
"../../../Engine/Plugins/Experimental/GizmoFramework/GizmoFramework.uplugin" 441
"../../../Engine/Plugins/Experimental/Gauntlet/Gauntlet.uplugin" 442
"../../../Engine/Plugins/Experimental/GPULightmass/GPULightmass.uplugin" 443
"../../../Engine/Plugins/Experimental/GameplayTargetingSystem/TargetingSystem.uplugin" 444
"../../../Engine/Plugins/Experimental/HairStrandsMutable/HairStrandsMutable.uplugin" 445
"../../../Engine/Plugins/Experimental/GizmoEdMode/GizmoEdMode.uplugin" 446
"../../../Engine/Plugins/Experimental/HairModelingToolset/HairModelingToolset.uplugin" 447
"../../../Engine/Plugins/Experimental/ImageWidgets/ImageWidgets.uplugin" 448
"../../../Engine/Plugins/Experimental/ImagePlate/ImagePlate.uplugin" 449
"../../../Engine/Plugins/Experimental/Iris/Iris.uplugin" 450
"../../../Engine/Plugins/Experimental/InstanceDataObjectFixupTool/InstanceDataObjectFixupTool.uplugin" 451
"../../../Engine/Plugins/Experimental/LearningAgents/LearningAgents.uplugin" 452
"../../../Engine/Plugins/Experimental/LandscapePatch/LandscapePatch.uplugin" 453
"../../../Engine/Plugins/Experimental/MotorSimOutputMotoSynth/MotorSimOutputMotoSynth.uplugin" 454
"../../../Engine/Plugins/Experimental/LowLevelNetTrace/LowLevelNetTrace.uplugin" 455
"../../../Engine/Plugins/Experimental/MotoSynth/MotoSynth.uplugin" 456
"../../../Engine/Plugins/Experimental/Mover/Mover.uplugin" 457
"../../../Engine/Plugins/Experimental/LocalizableMessage/LocalizableMessage.uplugin" 458
"../../../Engine/Plugins/Experimental/Landmass/Landmass.uplugin" 459
"../../../Engine/Plugins/Experimental/LiveLinkControlRig/LiveLinkControlRig.uplugin" 460
"../../../Engine/Plugins/Experimental/LiveLinkOpenVR/LiveLinkOpenVR.uplugin" 461
"../../../Engine/Plugins/Experimental/JWT/JWT.uplugin" 462
"../../../Engine/Plugins/Experimental/LiveLinkFaceImporter/LiveLinkFaceImporter.uplugin" 463
"../../../Engine/Plugins/Experimental/InlineMaterialInstance/InlineMaterialInstance.uplugin" 464
"../../../Engine/Plugins/Experimental/ImpostorBaker/ImpostorBaker.uplugin" 465
"../../../Engine/Plugins/Experimental/MeshModelingToolsetExp/MeshModelingToolsetExp.uplugin" 466
"../../../Engine/Plugins/Experimental/NFORDenoise/NFORDenoise.uplugin" 467
"../../../Engine/Plugins/Experimental/MoverExamples/MoverExamples.uplugin" 468
"../../../Engine/Plugins/Experimental/MutablePopulation/MutablePopulation.uplugin" 469
"../../../Engine/Plugins/Experimental/NeuralRendering/NeuralRendering.uplugin" 470
"../../../Engine/Plugins/Experimental/MoverTests/MoverTests.uplugin" 471
"../../../Engine/Plugins/Experimental/NaniteDisplacedMesh/NaniteDisplacedMesh.uplugin" 472
"../../../Engine/Plugins/Experimental/NNERuntimeIREE/NNERuntimeIREE.uplugin" 473
"../../../Engine/Plugins/Experimental/NNERuntimeRDG/NNERuntimeRDG.uplugin" 474
"../../../Engine/Plugins/Experimental/OpenImageDenoise/OpenImageDenoise.uplugin" 475
"../../../Engine/Plugins/Experimental/OperatorStack/OperatorStack.uplugin" 476
"../../../Engine/Plugins/Experimental/PanoramicCapture/PanoramicCapture.uplugin" 477
"../../../Engine/Plugins/Experimental/OptiXDenoise/OptiXDenoise.uplugin" 478
"../../../Engine/Plugins/Experimental/PlanarCutPlugin/PlanarCut.uplugin" 479
"../../../Engine/Plugins/Experimental/NNERuntimeBasicCpu/NNERuntimeBasicCpu.uplugin" 480
"../../../Engine/Plugins/Experimental/PCGBiomeSample/PCGBiomeSample.uplugin" 481
"../../../Engine/Plugins/Experimental/PCGBiomeCore/PCGBiomeCore.uplugin" 482
"../../../Engine/Plugins/Experimental/PhysicsControl/PhysicsControl.uplugin" 483
"../../../Engine/Plugins/Experimental/PlatformCrypto/PlatformCrypto.uplugin" 484
"../../../Engine/Plugins/Experimental/PluginAudit/PluginAudit.uplugin" 485
"../../../Engine/Plugins/Experimental/PythonScriptPlugin/PythonScriptPlugin.uplugin" 486
"../../../Engine/Plugins/Experimental/PixelStreamingPlayer/PixelStreamingPlayer.uplugin" 487
"../../../Engine/Plugins/Experimental/PluginReferenceViewer/PluginReferenceViewer.uplugin" 488
"../../../Engine/Plugins/Experimental/PropertyAnimatorCore/PropertyAnimatorCore.uplugin" 489
"../../../Engine/Plugins/Experimental/PropertyAnimator/PropertyAnimator.uplugin" 490
"../../../Engine/Plugins/Experimental/QuicMessaging/QuicMessaging.uplugin" 491
"../../../Engine/Plugins/Experimental/RawInput/RawInput.uplugin" 492
"../../../Engine/Plugins/Experimental/PlainProps/PlainProps.uplugin" 493
"../../../Engine/Plugins/Experimental/PluginTemplateTool/PluginTemplateTool.uplugin" 494
"../../../Engine/Plugins/Experimental/PythonFoundationPackages/PythonFoundationPackages.uplugin" 495
"../../../Engine/Plugins/Experimental/PostProcessMaterialChainGraph/PostProcessMaterialChainGraph.uplugin" 496
"../../../Engine/Plugins/Experimental/RemoteSession/RemoteSession.uplugin" 497
"../../../Engine/Plugins/Experimental/RazerChromaDevices/RazerChromaDevices.uplugin" 498
"../../../Engine/Plugins/Experimental/RenderGrid/RenderGrid.uplugin" 499
"../../../Engine/Plugins/Experimental/RigLogicAnimNext/RigLogicAnimNext.uplugin" 500
"../../../Engine/Plugins/Experimental/SlateScreenReader/SlateScreenReader.uplugin" 501
"../../../Engine/Plugins/Experimental/RigLogicMutable/RigLogicMutable.uplugin" 502
"../../../Engine/Plugins/Experimental/Shotgrid/Shotgrid.uplugin" 503
"../../../Engine/Plugins/Experimental/SimpleHMD/SimpleHMD.uplugin" 504
"../../../Engine/Plugins/Experimental/SecuritySandbox/SecuritySandbox.uplugin" 505
"../../../Engine/Plugins/Experimental/SkeletalReduction/SkeletalReduction.uplugin" 506
"../../../Engine/Plugins/Experimental/RemoteControlComponents/RemoteControlComponents.uplugin" 507
"../../../Engine/Plugins/Experimental/SerializationUtils/SerializationUtils.uplugin" 508
"../../../Engine/Plugins/Experimental/ScreenReader/ScreenReader.uplugin" 509
"../../../Engine/Plugins/Experimental/StructUtils/StructUtils.uplugin" 510
"../../../Engine/Plugins/Experimental/SlateModelViewViewModel/SlateModelViewViewModel.uplugin" 511
"../../../Engine/Plugins/Experimental/StormSync/StormSync.uplugin" 512
"../../../Engine/Plugins/Experimental/StudioTelemetry/StudioTelemetry.uplugin" 513
"../../../Engine/Plugins/Experimental/SurfaceEffects/SurfaceEffects.uplugin" 514
"../../../Engine/Plugins/Experimental/SVGImporter/SVGImporter.uplugin" 515
"../../../Engine/Plugins/Experimental/StormSyncAvalancheBridge/StormSyncAvalancheBridge.uplugin" 516
"../../../Engine/Plugins/Experimental/TargetDeviceServicesScripting/TargetDeviceServicesScripting.uplugin" 517
"../../../Engine/Plugins/Experimental/StateGraph/StateGraph.uplugin" 518
"../../../Engine/Plugins/Experimental/TextureGraph/TextureGraph.uplugin" 519
"../../../Engine/Plugins/Experimental/TextureMediaPlayer/TextureMediaPlayer.uplugin" 520
"../../../Engine/Plugins/Experimental/UIFramework/UIFramework.uplugin" 521
"../../../Engine/Plugins/Experimental/ToolPresets/ToolPresets.uplugin" 522
"../../../Engine/Plugins/Experimental/TextToSpeech/TextToSpeech.uplugin" 523
"../../../Engine/Plugins/Experimental/Text3D/Text3D.uplugin" 524
"../../../Engine/Plugins/Experimental/VirtualHeightfieldMesh/VirtualHeightfieldMesh.uplugin" 525
"../../../Engine/Plugins/Experimental/Volumetrics/Volumetrics.uplugin" 526
"../../../Engine/Plugins/Experimental/UserToolBoxBasicCommand/UserToolBoxBasicCommand.uplugin" 527
"../../../Engine/Plugins/Experimental/TetMeshing/TetMeshing.uplugin" 528
"../../../Engine/Plugins/Experimental/VirtualProductionUtilities/VirtualProductionUtilities.uplugin" 529
"../../../Engine/Plugins/Experimental/UserToolBoxCore/UserToolBoxCore.uplugin" 530
"../../../Engine/Plugins/Experimental/Water/Water.uplugin" 531
"../../../Engine/Plugins/Experimental/WaterAdvanced/WaterAdvanced.uplugin" 532
"../../../Engine/Plugins/Experimental/WaterExtras/WaterExtras.uplugin" 533
"../../../Engine/Plugins/Experimental/Workspace/Workspace.uplugin" 534
"../../../Engine/Plugins/Online/EOSOverlayInputProvider/EOSOverlayInputProvider.uplugin" 535
"../../../Engine/Plugins/Experimental/WaveFunctionCollapse/WaveFunctionCollapse.uplugin" 536
"../../../Engine/Plugins/Experimental/WebSocketMessaging/WebSocketMessaging.uplugin" 537
"../../../Engine/Plugins/Online/OnlineBase/OnlineBase.uplugin" 538
"../../../Engine/Plugins/Online/OnlineServicesEOS/OnlineServicesEOS.uplugin" 539
"../../../Engine/Plugins/Online/OnlineServicesEOSGS/OnlineServicesEOSGS.uplugin" 540
"../../../Engine/Plugins/Online/EOSShared/EOSShared.uplugin" 541
"../../../Engine/Plugins/Experimental/WidgetEditorToolPalette/WidgetEditorToolPalette.uplugin" 542
"../../../Engine/Plugins/Online/OnlineServices/OnlineServices.uplugin" 543
"../../../Engine/Plugins/Experimental/WebSocketNetworking/WebSocketNetworking.uplugin" 544
"../../../Engine/Plugins/Online/OnlineFramework/OnlineFramework.uplugin" 545
"../../../Engine/Plugins/Online/OnlineServicesNull/OnlineServicesNull.uplugin" 546
"../../../Engine/Plugins/Online/OnlineSubsystem/OnlineSubsystem.uplugin" 547
"../../../Engine/Plugins/Experimental/XRCreativeFramework/XRCreativeFramework.uplugin" 548
"../../../Engine/Plugins/Online/OnlineServicesOSSAdapter/OnlineServicesOSSAdapter.uplugin" 549
"../../../Engine/Plugins/Online/OnlineSubsystemAmazon/OnlineSubsystemAmazon.uplugin" 550
"../../../Engine/Plugins/Online/OnlineSubsystemEOS/OnlineSubsystemEOS.uplugin" 551
"../../../Engine/Plugins/Online/OnlineSubsystemGoogle/OnlineSubsystemGoogle.uplugin" 552
"../../../Engine/Plugins/Online/OnlineSubsystemFacebook/OnlineSubsystemFacebook.uplugin" 553
"../../../Engine/Plugins/Online/OnlineSubsystemApple/OnlineSubsystemApple.uplugin" 554
"../../../Engine/Plugins/Online/OnlineSubsystemTencent/OnlineSubsystemTencent.uplugin" 555
"../../../Engine/Plugins/Online/OnlineSubsystemSteam/OnlineSubsystemSteam.uplugin" 556
"../../../Engine/Plugins/Protocols/MQTT/MQTT.uplugin" 557
"../../../Engine/Plugins/Online/OnlineSubsystemUtils/OnlineSubsystemUtils.uplugin" 558
"../../../Engine/Plugins/Online/WebAuth/WebAuth.uplugin" 559
"../../../Engine/Plugins/Online/OnlineSubsystemNull/OnlineSubsystemNull.uplugin" 560
"../../../Engine/Plugins/Online/SocketSubsystemEOS/SocketSubsystemEOS.uplugin" 561
"../../../Engine/Plugins/Web/HttpBlueprint/HttpBlueprint.uplugin" 562
"../../../Engine/Plugins/Online/VoiceChat/EOSVoiceChat/EOSVoiceChat.uplugin" 563
"../../../Engine/Plugins/Runtime/MeshReconstruction/DummyMeshReconstructor/DummyMeshReconstructor.uplugin" 564
"../../../Engine/Plugins/Runtime/Analytics/FileLogging/FileLogging.uplugin" 565
"../../../Engine/Plugins/Online/VoiceChat/VoiceChat/VoiceChat.uplugin" 566
"../../../Engine/Plugins/Runtime/Analytics/AnalyticsBlueprintLibrary/AnalyticsBlueprintLibrary.uplugin" 567
"../../../Engine/Plugins/Runtime/Analytics/Adjust/Adjust.uplugin" 568
"../../../Engine/Plugins/Runtime/Analytics/Flurry/Flurry.uplugin" 569
"../../../Engine/Plugins/Runtime/Analytics/AnalyticsMulticast/AnalyticsMulticast.uplugin" 570
"../../../Engine/Plugins/VirtualProduction/DMX/DatasmithMVR/DatasmithMVR.uplugin" 571
"../../../Engine/Plugins/Runtime/Advertising/IOSTapJoy/IOSTapJoy.uplugin" 572
"../../../Engine/Plugins/VirtualProduction/DMX/DMXControlConsole/DMXControlConsole.uplugin" 573
"../../../Engine/Plugins/VirtualProduction/DMX/DMXEngine/DMXEngine.uplugin" 574
"../../../Engine/Plugins/VirtualProduction/DMX/DMXFixtures/DMXFixtures.uplugin" 575
"../../../Engine/Plugins/Runtime/AR/ARUtilities/ARUtilities.uplugin" 576
"../../../Engine/Plugins/VirtualProduction/DMX/DMXDisplayCluster/DMXDisplayCluster.uplugin" 577
"../../../Engine/Plugins/VirtualProduction/DMX/DMXGDTF/DMXGDTF.uplugin" 578
"../../../Engine/Plugins/Runtime/Database/ADOSupport/ADOSupport.uplugin" 579
"../../../Engine/Plugins/Runtime/Database/DatabaseSupport/DatabaseSupport.uplugin" 580
"../../../Engine/Plugins/Runtime/Database/SQLiteCore/SQLiteCore.uplugin" 581
"../../../Engine/Plugins/VirtualProduction/DMX/DMXPixelMapping/DMXPixelMapping.uplugin" 582
"../../../Engine/Plugins/VirtualProduction/DMX/DMXProtocol/DMXProtocol.uplugin" 583
"../../../Engine/Plugins/VirtualProduction/DMX/DMXModularFeatures/DMXModularFeatures.uplugin" 584
"../../../Engine/Plugins/Runtime/Database/RemoteDatabaseSupport/RemoteDatabaseSupport.uplugin" 585
"../../../Engine/Plugins/Runtime/Database/SQLiteSupport/SQLiteSupport.uplugin" 586
"../../../Engine/Plugins/Experimental/PCGInterops/PCGWaterInterop/PCGWaterInterop.uplugin" 587
"../../../Engine/Plugins/Experimental/PCGInterops/PCGNiagaraInterop/PCGNiagaraInterop.uplugin" 588
"../../../Engine/Plugins/VirtualProduction/Rivermax/RivermaxMedia/RivermaxMedia.uplugin" 589
"../../../Engine/Plugins/VirtualProduction/Rivermax/RivermaxCore/RivermaxCore.uplugin" 590
"../../../Engine/Plugins/VirtualProduction/Rivermax/RivermaxSync/RivermaxSync.uplugin" 591
"../../../Engine/Plugins/Animation/MLDeformer/ChaosClothGenerator/ChaosClothGenerator.uplugin" 592
"../../../Engine/Plugins/Runtime/Nvidia/Reflex/Reflex.uplugin" 593
"../../../Engine/Plugins/Animation/MLDeformer/MLDeformerFramework/MLDeformerFramework.uplugin" 594
"../../../Engine/Plugins/Online/IOS/OnlineSubsystemIOS/OnlineSubsystemIOS.uplugin" 595
"../../../Engine/Plugins/Animation/MLDeformer/NearestNeighborModel/NearestNeighborModel.uplugin" 596
"../../../Engine/Plugins/Animation/MLDeformer/NeuralMorphModel/NeuralMorphModel.uplugin" 597
"../../../Engine/Plugins/Experimental/Compositing/HoldoutComposite/HoldoutComposite.uplugin" 598
"../../../Engine/Plugins/Animation/MLDeformer/VertexDeltaModel/VertexDeltaModel.uplugin" 599
"../../../Engine/Plugins/Runtime/PacketHandlers/AESGCMHandlerComponent/AESGCMHandlerComponent.uplugin" 600
"../../../Engine/Plugins/Animation/MLDeformer/ChaosFleshGenerator/ChaosFleshGenerator.uplugin" 601
"../../../Engine/Plugins/Runtime/Nvidia/GeForceNOWWrapper/GeForceNOWWrapper.uplugin" 602
"../../../Engine/Plugins/Runtime/PacketHandlers/DTLSHandlerComponent/DTLSHandlerComponent.uplugin" 603
"../../../Engine/Plugins/Runtime/Windows/WinDualShock/WinDualShock.uplugin" 604
"../../../Engine/Plugins/Runtime/PacketHandlers/AESHandlerComponent/AESHandlerComponent.uplugin" 605
"../../../Engine/Plugins/Runtime/Windows/XInputDevice/XInputDevice.uplugin" 606
"../../../Engine/Plugins/Editor/ObjectMixer/LightMixer/LightMixer.uplugin" 607
"../../../Engine/Plugins/Runtime/XR/XRScribe/XRScribe.uplugin" 608
"../../../Engine/Plugins/Runtime/XR/XRVisualization/XRVisualization.uplugin" 609
"../../../Engine/Plugins/Experimental/CharacterFXEditor/BaseCharacterFXEditor/BaseCharacterFXEditor.uplugin" 610
"../../../Engine/Plugins/Editor/ObjectMixer/ObjectMixer/ObjectMixer.uplugin" 611
"../../../Engine/Plugins/Experimental/Animation/ContextualAnimation/ContextualAnimation.uplugin" 612
"../../../Engine/Plugins/Experimental/CharacterFXEditor/ExampleCharacterFXEditor/ExampleCharacterFXEditor.uplugin" 613
"../../../Engine/Plugins/Experimental/Animation/MotionTrajectory/MotionTrajectory.uplugin" 614
"../../../Engine/Plugins/Experimental/Animation/HierarchyTableBuiltin/HierarchyTableBuiltin.uplugin" 615
"../../../Engine/Plugins/Experimental/Animation/HierarchyTable/HierarchyTable.uplugin" 616
"../../../Engine/Plugins/Experimental/Animation/CurveExpression/CurveExpression.uplugin" 617
"../../../Engine/Plugins/Experimental/MetaHuman/MetaHumanRuntime/MetaHumanRuntime.uplugin" 618
"../../../Engine/Plugins/Experimental/Animation/SkeletalMeshModelingTools/SkeletalMeshModelingTools.uplugin" 619
"../../../Engine/Plugins/Experimental/MetaHuman/MetaHumanSDK/MetaHumanSDK.uplugin" 620
"../../../Engine/Plugins/Experimental/Enterprise/DataprepGeometryOperations/DataprepGeometryOperations.uplugin" 621
"../../../Engine/Plugins/Experimental/Animation/Optimus/Optimus.uplugin" 622
"../../../Engine/Plugins/Experimental/Enterprise/DatasmithInterchange/DatasmithInterchange.uplugin" 623
"../../../Engine/Plugins/Experimental/Enterprise/DatasmithRuntime/DatasmithRuntime.uplugin" 624
"../../../Engine/Plugins/Experimental/VirtualProduction/LedWallCalibration/LedWallCalibration.uplugin" 625
"../../../Engine/Plugins/Experimental/VirtualProduction/VPSettings/VPSettings.uplugin" 626
"../../../Engine/Plugins/Experimental/VirtualProduction/VPRoles/VPRoles.uplugin" 627
"../../../Engine/Plugins/Experimental/Web/WebAPI/WebAPI.uplugin" 628
"../../../Engine/Plugins/Runtime/Steam/SteamShared/SteamShared.uplugin" 629
"../../../Engine/Plugins/Runtime/Steam/SteamController/SteamController.uplugin" 630
"../../../Engine/Plugins/Runtime/Steam/SteamAudio/SteamAudio.uplugin" 631
"../../../Engine/Plugins/Online/Android/OnlineSubsystemGooglePlay/OnlineSubsystemGooglePlay.uplugin" 632
"../../../Engine/Plugins/Runtime/Steam/SteamSockets/SteamSockets.uplugin" 633
"../../../Engine/Plugins/Online/Android/AndroidFetchBackgroundDownload/AndroidFetchBackgroundDownload.uplugin" 634
"../../../Engine/Plugins/Editor/Localization/PortableObjectFileDataSource/PortableObjectFileDataSource.uplugin" 635
"../../../Engine/Plugins/Experimental/AVCodecs/AVCodecsCore/AVCodecsCore.uplugin" 636
"../../../Engine/Plugins/Experimental/AVCodecs/AMFCodecs/AMFCodecs.uplugin" 637
"../../../Engine/Plugins/Experimental/AVCodecs/VTCodecs/VTCodecs.uplugin" 638
"../../../Engine/Plugins/Experimental/AVCodecs/NVCodecs/NVCodecs.uplugin" 639
"../../../Engine/Plugins/Experimental/AVCodecs/LibVpxCodecs/LibVpxCodecs.uplugin" 640
"../../../Engine/Plugins/Experimental/AVCodecs/WMFCodecs/WMFCodecs.uplugin" 641
"../../../Engine/Plugins/Editor/ContentBrowser/ContentBrowserAssetDataSource/ContentBrowserAssetDataSource.uplugin" 642
"../../../Engine/Plugins/Editor/ContentBrowser/ContentBrowserAliasDataSource/ContentBrowserAliasDataSource.uplugin" 643
"../../../Engine/Plugins/Editor/ContentBrowser/ContentBrowserFileDataSource/ContentBrowserFileDataSource.uplugin" 644
"../../../Engine/Plugins/Editor/ContentBrowser/ContentBrowserClassDataSource/ContentBrowserClassDataSource.uplugin" 645
"../../../Engine/Plugins/Developer/Concert/ConcertMain/ConcertMain.uplugin" 646
"../../../Engine/Plugins/Runtime/AR/AppleAR/AppleARKitFaceSupport/AppleARKitFaceSupport.uplugin" 647
"../../../Engine/Plugins/Developer/Concert/ConcertInsights/ConcertInsightsCore/ConcertInsightsCore.uplugin" 648
"../../../Engine/Plugins/Runtime/AR/AppleAR/AppleARKit/AppleARKit.uplugin" 649
"../../../Engine/Plugins/Developer/Concert/ConcertUI/ConcertClientSharedSlate/ConcertClientSharedSlate.uplugin" 650
"../../../Engine/Plugins/Developer/Concert/ConcertApp/DisasterRecoveryClient/DisasterRecoveryClient.uplugin" 651
"../../../Engine/Plugins/Developer/Concert/ConcertInsights/ConcertInsightsServer/ConcertInsightsServer.uplugin" 652
"../../../Engine/Plugins/Developer/Concert/ConcertUI/ConcertSharedSlate/ConcertSharedSlate.uplugin" 653
"../../../Engine/Plugins/Developer/Concert/ConcertScripting/ConcertReplicationScripting/ConcertReplicationScripting.uplugin" 654
"../../../Engine/Plugins/Developer/Concert/ConcertInsights/ConcertInsightsVisualizer/ConcertInsightsVisualizer.uplugin" 655
"../../../Engine/Plugins/Developer/Concert/ConcertInsights/ConcertInsightsClient/ConcertInsightsClient.uplugin" 656
"../../../Engine/Plugins/Runtime/AR/Google/GoogleARCore/GoogleARCore.uplugin" 657
"../../../Engine/Plugins/Runtime/AR/Google/GoogleARCoreServices/GoogleARCoreServices.uplugin" 658
"../../../Engine/Plugins/Developer/Concert/ConcertApp/MultiUserClient/MultiUserClient.uplugin" 659
"../../../Engine/Plugins/Developer/Concert/ConcertApp/MultiUserServer/MultiUserServer.uplugin" 660
"../../../Engine/Plugins/Developer/Concert/ConcertSync/ConcertSyncClient/ConcertSyncClient.uplugin" 661
"../../../Engine/Plugins/Developer/Concert/ConcertSync/ConcertSyncCore/ConcertSyncCore.uplugin" 662
"../../../Engine/Plugins/Developer/Concert/ConcertSync/ConcertSyncTest/ConcertSyncTest.uplugin" 663
"../../../Engine/Plugins/Developer/Concert/ConcertSync/ConcertSyncServer/ConcertSyncServer.uplugin" 664
"../../../Engine/Content/Internationalization/icudt64l/cnvalias.icu" 665
"../../../Engine/Content/Internationalization/icudt64l/res_index.res" 666
"../../../Engine/Content/Internationalization/icudt64l/plurals.res" 667
"../../../Engine/Content/Internationalization/icudt64l/lang/ko.res" 668
"../../../Engine/Content/Internationalization/icudt64l/lang/pool.res" 669
"../../../Engine/Content/Internationalization/icudt64l/lang/root.res" 670
"../../../Engine/Content/Internationalization/icudt64l/region/ko.res" 671
"../../../Engine/Content/Internationalization/icudt64l/region/pool.res" 672
"../../../Engine/Content/Internationalization/icudt64l/region/root.res" 673
"../../../Engine/Content/Internationalization/icudt64l/lang/en.res" 674
"../../../Engine/Content/Internationalization/icudt64l/region/en.res" 675
"../../../Engine/Content/Internationalization/icudt64l/windowsZones.res" 676
"../../../Engine/Content/Internationalization/icudt64l/zoneinfo64.res" 677
"../../../Engine/Content/Internationalization/icudt64l/keyTypeData.res" 678
"../../../Engine/Content/Internationalization/icudt64l/timezoneTypes.res" 679
"../../../Engine/Content/Internationalization/icudt64l/likelySubtags.res" 680
"../../../Engine/Content/Internationalization/icudt64l/ko_KR.res" 681
"../../../Engine/Content/Internationalization/icudt64l/pool.res" 682
"../../../Engine/Content/Internationalization/icudt64l/ko.res" 683
"../../../Engine/Content/Internationalization/icudt64l/root.res" 684
"../../../Engine/Content/Internationalization/icudt64l/supplementalData.res" 685
"../../../Engine/Config/ConfigRedirects.ini" 686
"C:/Users/B-05/AppData/Local/UnrealEngine/5.5/Saved/Config/WindowsEditor/Manifest.ini" 687
"../../../Engine/Config/BaseEngine.ini" 688
"../../../Engine/Config/Windows/BaseWindowsEngine.ini" 689
"../../../../../../Project-KJh/project-ARPGHunter/Config/DefaultEngine.ini" 690
"../../../Engine/Config/Windows/WindowsEngine.ini" 691
"../../../Engine/Config/BaseGame.ini" 692
"../../../../../../Project-KJh/project-ARPGHunter/Config/DefaultGame.ini" 693
"../../../Engine/Config/Windows/WindowsGame.ini" 694
"C:/Project-KJh/project-ARPGHunter/Saved/Config/WindowsEditor/Game.ini" 695
"../../../Engine/Config/BaseInput.ini" 696
"../../../Engine/Config/Windows/BaseWindowsInput.ini" 697
"../../../../../../Project-KJh/project-ARPGHunter/Config/DefaultInput.ini" 698
"../../../Engine/Config/Windows/WindowsInput.ini" 699
"../../../Engine/Config/BaseDeviceProfiles.ini" 700
"../../../Engine/Config/BaseGameUserSettings.ini" 701
"C:/Project-KJh/project-ARPGHunter/Saved/Config/WindowsEditor/GameUserSettings.ini" 702
"../../../Engine/Config/BaseScalability.ini" 703
"../../../Engine/Config/BaseRuntimeOptions.ini" 704
"../../../Engine/Config/BaseInstallBundle.ini" 705
"../../../Engine/Config/BaseHardware.ini" 706
"../../../Engine/Config/BaseLightmass.ini" 707
"../../../Engine/Config/BaseEditor.ini" 708
"../../../../../../Project-KJh/project-ARPGHunter/Config/DefaultEditor.ini" 709
"C:/Project-KJh/project-ARPGHunter/Saved/Config/WindowsEditor/Editor.ini" 710
"../../../Engine/Config/BaseEditorPerProjectUserSettings.ini" 711
"../../../Engine/Config/Windows/WindowsEditorPerProjectUserSettings.ini" 712
"C:/Project-KJh/project-ARPGHunter/Saved/Config/WindowsEditor/EditorPerProjectUserSettings.ini" 713
"../../../Engine/Config/BaseEditorSettings.ini" 714
"C:/Users/B-05/AppData/Local/UnrealEngine/5.5/Saved/Config/WindowsEditor/EditorSettings.ini" 715
"../../../Engine/Config/BaseEditorKeyBindings.ini" 716
"C:/Users/B-05/AppData/Local/UnrealEngine/5.5/Saved/Config/WindowsEditor/EditorKeyBindings.ini" 717
"../../../Engine/Config/Android/BaseAndroidEngine.ini" 718
"../../../Engine/Config/IOS/BaseIOSEngine.ini" 719
"../../../Engine/Config/Linux/BaseLinuxEngine.ini" 720
"../../../Engine/Config/LinuxArm64/BaseLinuxArm64Engine.ini" 721
"../../../Engine/Config/Mac/BaseMacEngine.ini" 722
"../../../Engine/Platforms/VisionOS/Config/BaseVisionOSEngine.ini" 723
"../../../Engine/Config/Android/AndroidEngine.ini" 724
"../../../Engine/Config/TVOS/TVOSEngine.ini" 725
"../../../Engine/Config/Unix/UnixEngine.ini" 726
"../../../Engine/Platforms/VisionOS/Config/VisionOSEngine.ini" 727
"../../../Engine/Config/LinuxArm64/LinuxArm64Engine.ini" 728
"../../../Engine/Config/Linux/LinuxEngine.ini" 729
"../../../Engine/Config/Android/BaseAndroidGame.ini" 730
"../../../../../../Project-KJh/project-ARPGHunter/Binaries/Win64/ARPG_Hunter-Win64-Shipping.target" 731
"../../../Engine/Config/IOS/BaseIOSGame.ini" 732
"../../../Engine/Config/Mac/MacGame.ini" 733
"../../../Engine/Config/IOS/IOSGame.ini" 734
"../../../../../../Project-KJh/project-ARPGHunter/Binaries/Win64/ARPG_HunterEditor-Win64-DebugGame.target" 735
"../../../Engine/Config/Mac/BaseMacInput.ini" 736
"../../../Engine/Config/Linux/LinuxGame.ini" 737
"../../../Engine/Config/Android/AndroidScalability.ini" 738
"../../../Engine/Config/IOS/IOSScalability.ini" 739
"../../../../../../Project-KJh/project-ARPGHunter/Binaries/Win64/ARPG_HunterEditor.target" 740
"../../../Engine/Config/Android/BaseAndroidInstallBundle.ini" 741
"../../../Engine/Config/IOS/BaseIOSInstallBundle.ini" 742
"../../../Engine/Config/PluginBase.ini" 743
"../../../Engine/Plugins/ChaosVD/Config/DefaultChaosVD.ini" 744
"../../../Engine/Plugins/EnhancedInput/Config/BaseEnhancedInput.ini" 745
"../../../Engine/Plugins/Fab/Config/BaseFab.ini" 746
"../../../Engine/Plugins/PCG/Config/BasePCG.ini" 747
"../../../Engine/Plugins/TraceUtilities/Config/BaseTraceUtilities.ini" 748
"../../../Engine/Plugins/Enterprise/DatasmithContent/Config/BaseDatasmithContent.ini" 749
"../../../Engine/Plugins/Enterprise/GLTFExporter/Config/BaseGLTFExporter.ini" 750
"../../../Engine/Plugins/Enterprise/GLTFExporter/Config/DefaultGLTFExporter.ini" 751
"../../../Engine/Plugins/FX/Niagara/Config/BaseNiagara.ini" 752
"../../../Engine/Plugins/Enterprise/VariantManagerContent/Config/BaseVariantManagerContent.ini" 753
"../../../Engine/Plugins/VirtualProduction/Takes/Config/BaseTakes.ini" 754
"../../../Engine/Plugins/Interchange/Assets/Config/BaseInterchangeAssets.ini" 755
"../../../Engine/Plugins/Interchange/Runtime/Config/BaseInterchange.ini" 756
"../../../Engine/Plugins/PCGInterops/PCGGeometryScriptInterop/Config/BasePCGGeometryScriptInterop.ini" 757
"../../../Engine/Plugins/Runtime/CommonUI/Config/BaseCommonUI.ini" 758
"../../../Engine/Plugins/Runtime/HairStrands/Config/BaseHairStrands.ini" 759
"../../../Engine/Plugins/Runtime/Metasound/Config/BaseMetasound.ini" 760
"../../../Engine/Plugins/Runtime/Metasound/Config/DefaultMetasound.ini" 761
"../../../Engine/Plugins/Runtime/RigVM/Config/BaseRigVM.ini" 762
"../../../Engine/Plugins/Runtime/StateTree/Config/BaseStateTree.ini" 763
"../../../Engine/Plugins/Runtime/Synthesis/Config/BaseSynthesis.ini" 764
"../../../Engine/Plugins/Runtime/USDCore/Config/BaseUSDCore.ini" 765
"../../../Engine/Plugins/2D/Paper2D/Config/BasePaper2D.ini" 766
"../../../Engine/Plugins/Animation/ControlRig/Config/BaseControlRig.ini" 767
"../../../Engine/Plugins/Animation/IKRig/Config/BaseIKRig.ini" 768
"../../../Engine/Plugins/Animation/LiveLink/Config/BaseLiveLink.ini" 769
"../../../Engine/Plugins/Animation/DeformerGraph/Config/BaseDeformerGraph.ini" 770
"../../../Engine/Plugins/Cameras/GameplayCameras/Config/BaseGameplayCameras.ini" 771
"../../../Engine/Plugins/Editor/EditorScriptingUtilities/Config/BaseEditorScriptingUtilities.ini" 772
"../../../Engine/Plugins/Experimental/FullBodyIK/Config/BaseFullBodyIK.ini" 773
"../../../Engine/Plugins/Experimental/ToolPresets/Config/BaseToolPresets.ini" 774
"../../../Engine/Plugins/Experimental/Compositing/HoldoutComposite/Config/BaseHoldoutComposite.ini" 775
"../../../Engine/Plugins/Experimental/MetaHuman/MetaHumanSDK/Config/BaseMetaHumanSDK.ini" 776
"../../../Engine/Plugins/Developer/Concert/ConcertSync/ConcertSyncCore/Config/BaseConcertSyncCore.ini" 777
"../../../Engine/Plugins/ChaosVD/Config/Engine.ini" 778
"../../../Engine/Plugins/EnhancedInput/Config/Input.ini" 779
"../../../Engine/Plugins/NNE/NNEDenoiser/Config/Game.ini" 780
"../../../Engine/Plugins/Runtime/InputDebugging/Config/Input.ini" 781
"../../../Engine/Plugins/Runtime/RigVM/Config/Editor.ini" 782
"../../../Engine/Plugins/Runtime/Windows/XInputDevice/Config/Input.ini" 783
"../../../Engine/Plugins/Editor/ModelingToolsEditorMode/Binaries/Win64/UnrealEditor.modules" 784
"../../../Engine/Plugins/Runtime/MeshModelingToolset/Binaries/Win64/UnrealEditor.modules" 785
"../../../Engine/Plugins/Experimental/MeshModelingToolsetExp/Binaries/Win64/UnrealEditor.modules" 786
"../../../Engine/Plugins/Editor/MeshLODToolset/Binaries/Win64/UnrealEditor.modules" 787
"../../../Engine/Plugins/Experimental/ToolPresets/Binaries/Win64/UnrealEditor.modules" 788
"../../../Engine/Plugins/Editor/StylusInput/Binaries/Win64/UnrealEditor.modules" 789
"../../../Engine/Plugins/Runtime/GeometryProcessing/Binaries/Win64/UnrealEditor.modules" 790
"../../../Engine/Plugins/Editor/ProxyLODPlugin/Binaries/Win64/UnrealEditor.modules" 791
"../../../Engine/Plugins/Experimental/PlanarCutPlugin/Binaries/Win64/UnrealEditor.modules" 792
"../../../Engine/Plugins/Experimental/GeometryFlow/Binaries/Win64/UnrealEditor.modules" 793
"../../../Engine/Plugins/Editor/EditorScriptingUtilities/Binaries/Win64/UnrealEditor.modules" 794
"../../../Engine/Plugins/Runtime/CommonUI/Binaries/Win64/UnrealEditor.modules" 795
"../../../Engine/Plugins/Editor/GameplayTagsEditor/Binaries/Win64/UnrealEditor.modules" 796
"../../../Engine/Plugins/EnhancedInput/Binaries/Win64/UnrealEditor.modules" 797
"../../../Engine/Plugins/Editor/DataValidation/Binaries/Win64/UnrealEditor.modules" 798
"../../../Engine/Plugins/PCG/Binaries/Win64/UnrealEditor.modules" 799
"../../../Engine/Plugins/Runtime/ComputeFramework/Binaries/Win64/UnrealEditor.modules" 800
"../../../Engine/Plugins/Runtime/GeometryScripting/Binaries/Win64/UnrealEditor.modules" 801
"../../../Engine/Plugins/PCGInterops/PCGGeometryScriptInterop/Binaries/Win64/UnrealEditor.modules" 802
"../../../Engine/Plugins/Bridge/Binaries/Win64/UnrealEditor.modules" 803
"../../../Engine/Plugins/Experimental/MetaHuman/MetaHumanSDK/Binaries/Win64/UnrealEditor.modules" 804
"../../../Engine/Plugins/Animation/ControlRig/Binaries/Win64/UnrealEditor.modules" 805
"../../../Engine/Plugins/Runtime/HairStrands/Binaries/Win64/UnrealEditor.modules" 806
"../../../Engine/Plugins/Animation/RigLogic/Binaries/Win64/UnrealEditor.modules" 807
"../../../Engine/Plugins/Runtime/RigVM/Binaries/Win64/UnrealEditor.modules" 808
"../../../Engine/Plugins/Experimental/PythonScriptPlugin/Binaries/Win64/UnrealEditor.modules" 809
"../../../Engine/Plugins/MovieScene/LevelSequenceEditor/Binaries/Win64/UnrealEditor.modules" 810
"../../../Engine/Plugins/Runtime/PropertyAccess/Binaries/Win64/UnrealEditor.modules" 811
"../../../Engine/Plugins/MovieScene/SequencerScripting/Binaries/Win64/UnrealEditor.modules" 812
"../../../Engine/Plugins/FX/Niagara/Binaries/Win64/UnrealEditor.modules" 813
"../../../Engine/Plugins/Runtime/GeometryCache/Binaries/Win64/UnrealEditor.modules" 814
"../../../Engine/Plugins/Animation/DeformerGraph/Binaries/Win64/UnrealEditor.modules" 815
"../../../Engine/Plugins/Editor/ContentBrowser/ContentBrowserFileDataSource/Binaries/Win64/UnrealEditor.modules" 816
"../../../Engine/Plugins/ChaosCloth/Binaries/Win64/UnrealEditor.modules" 817
"../../../Engine/Plugins/Experimental/ChaosCaching/Binaries/Win64/UnrealEditor.modules" 818
"../../../Engine/Plugins/VirtualProduction/Takes/Binaries/Win64/UnrealEditor.modules" 819
"../../../Engine/Plugins/Runtime/AudioCapture/Binaries/Win64/UnrealEditor.modules" 820
"../../../Engine/Plugins/ChaosVD/Binaries/Win64/UnrealEditor.modules" 821
"../../../Engine/Plugins/CmdLinkServer/Binaries/Win64/UnrealEditor.modules" 822
"../../../Engine/Plugins/Fab/Binaries/Win64/UnrealEditor.modules" 823
"../../../Engine/Plugins/Interchange/Runtime/Binaries/Win64/UnrealEditor.modules" 824
"../../../Engine/Plugins/Online/EOSShared/Binaries/Win64/UnrealEditor.modules" 825
"../../../Engine/Plugins/Runtime/USDCore/Binaries/Win64/UnrealEditor.modules" 826
"../../../Engine/Plugins/Enterprise/VariantManagerContent/Binaries/Win64/UnrealEditor.modules" 827
"../../../Engine/Plugins/Enterprise/VariantManager/Binaries/Win64/UnrealEditor.modules" 828
"../../../Engine/Plugins/Animation/LiveLink/Binaries/Win64/UnrealEditor.modules" 829
"../../../Engine/Plugins/Developer/Concert/ConcertSync/ConcertSyncClient/Binaries/Win64/UnrealEditor.modules" 830
"../../../Engine/Plugins/Editor/ContentBrowser/ContentBrowserAssetDataSource/Binaries/Win64/UnrealEditor.modules" 831
"../../../Engine/Plugins/Developer/Concert/ConcertSync/ConcertSyncCore/Binaries/Win64/UnrealEditor.modules" 832
"../../../Engine/Plugins/Developer/Concert/ConcertMain/Binaries/Win64/UnrealEditor.modules" 833
"../../../Engine/Plugins/Runtime/Database/SQLiteCore/Binaries/Win64/UnrealEditor.modules" 834
"../../../Engine/Plugins/FastBuildController/Binaries/Win64/UnrealEditor.modules" 835
"../../../Engine/Plugins/MeshPainting/Binaries/Win64/UnrealEditor.modules" 836
"../../../Engine/Plugins/Interchange/Editor/Binaries/Win64/UnrealEditor.modules" 837
"../../../Engine/Plugins/RenderGraphInsights/Binaries/Win64/UnrealEditor.modules" 838
"../../../Engine/Plugins/TraceUtilities/Binaries/Win64/UnrealEditor.modules" 839
"../../../Engine/Plugins/UbaController/Binaries/Win64/UnrealEditor.modules" 840
"../../../Engine/Plugins/WorldMetrics/Binaries/Win64/UnrealEditor.modules" 841
"../../../Engine/Plugins/XGEController/Binaries/Win64/UnrealEditor.modules" 842
"../../../Engine/Plugins/Developer/AnimationSharing/Binaries/Win64/UnrealEditor.modules" 843
"../../../Engine/Plugins/Runtime/SignificanceManager/Binaries/Win64/UnrealEditor.modules" 844
"../../../Engine/Plugins/Developer/CLionSourceCodeAccess/Binaries/Win64/UnrealEditor.modules" 845
"../../../Engine/Plugins/Developer/DumpGPUServices/Binaries/Win64/UnrealEditor.modules" 846
"../../../Engine/Plugins/Developer/GitSourceControl/Binaries/Win64/UnrealEditor.modules" 847
"../../../Engine/Plugins/Developer/N10XSourceCodeAccess/Binaries/Win64/UnrealEditor.modules" 848
"../../../Engine/Plugins/Developer/PixWinPlugin/Binaries/Win64/UnrealEditor.modules" 849
"../../../Engine/Plugins/Developer/PlasticSourceControl/Binaries/Win64/UnrealEditor.modules" 850
"../../../Engine/Plugins/Developer/PerforceSourceControl/Binaries/Win64/UnrealEditor.modules" 851
"../../../Engine/Plugins/Developer/PluginUtils/Binaries/Win64/UnrealEditor.modules" 852
"../../../Engine/Plugins/Developer/RenderDocPlugin/Binaries/Win64/UnrealEditor.modules" 853
"../../../Engine/Plugins/Developer/RiderSourceCodeAccess/Binaries/Win64/UnrealEditor.modules" 854
"../../../Engine/Plugins/Developer/PropertyAccessNode/Binaries/Win64/UnrealEditor.modules" 855
"../../../Engine/Plugins/Developer/TextureFormatOodle/Binaries/Win64/UnrealEditor.modules" 856
"../../../Engine/Plugins/Developer/SubversionSourceControl/Binaries/Win64/UnrealEditor.modules" 857
"../../../Engine/Plugins/Developer/VisualStudioCodeSourceCodeAccess/Binaries/Win64/UnrealEditor.modules" 858
"../../../Engine/Plugins/Developer/UObjectPlugin/Binaries/Win64/UnrealEditor.modules" 859
"../../../Engine/Plugins/Developer/VisualStudioSourceCodeAccess/Binaries/Win64/UnrealEditor.modules" 860
"../../../Engine/Plugins/Enterprise/DatasmithContent/Binaries/Win64/UnrealEditor.modules" 861
"../../../Engine/Plugins/Enterprise/GLTFExporter/Binaries/Win64/UnrealEditor.modules" 862
"../../../Engine/Plugins/FX/NiagaraSimCaching/Binaries/Win64/UnrealEditor.modules" 863
"../../../Engine/Plugins/Importers/AlembicImporter/Binaries/Win64/UnrealEditor.modules" 864
"../../../Engine/Plugins/Messaging/TcpMessaging/Binaries/Win64/UnrealEditor.modules" 865
"../../../Engine/Plugins/Messaging/UdpMessaging/Binaries/Win64/UnrealEditor.modules" 866
"../../../Engine/Plugins/Portal/LauncherChunkInstaller/Binaries/Win64/UnrealEditor.modules" 867
"../../../Engine/Plugins/Tests/InterchangeTests/Binaries/Win64/UnrealEditor.modules" 868
"../../../Engine/Plugins/Media/AndroidMedia/Binaries/Win64/UnrealEditor.modules" 869
"../../../Engine/Plugins/Media/AvfMedia/Binaries/Win64/UnrealEditor.modules" 870
"../../../Engine/Plugins/Media/ImgMedia/Binaries/Win64/UnrealEditor.modules" 871
"../../../Engine/Plugins/Media/MediaPlayerEditor/Binaries/Win64/UnrealEditor.modules" 872
"../../../Engine/Plugins/Media/MediaCompositing/Binaries/Win64/UnrealEditor.modules" 873
"../../../Engine/Plugins/Media/MediaPlate/Binaries/Win64/UnrealEditor.modules" 874
"../../../Engine/Plugins/Experimental/Compositing/HoldoutComposite/Binaries/Win64/UnrealEditor.modules" 875
"../../../Engine/Plugins/MovieScene/ActorSequence/Binaries/Win64/UnrealEditor.modules" 876
"../../../Engine/Plugins/Media/WmfMedia/Binaries/Win64/UnrealEditor.modules" 877
"../../../Engine/Plugins/NNE/NNEDenoiser/Binaries/Win64/UnrealEditor.modules" 878
"../../../Engine/Plugins/NNE/NNERuntimeORT/Binaries/Win64/UnrealEditor.modules" 879
"../../../Engine/Plugins/Runtime/ActorLayerUtilities/Binaries/Win64/UnrealEditor.modules" 880
"../../../Engine/Plugins/Runtime/AndroidDeviceProfileSelector/Binaries/Win64/UnrealEditor.modules" 881
"../../../Engine/Plugins/Runtime/AndroidFileServer/Binaries/Win64/UnrealEditor.modules" 882
"../../../Engine/Plugins/Runtime/AppleImageUtils/Binaries/Win64/UnrealEditor.modules" 883
"../../../Engine/Plugins/Runtime/AndroidPermission/Binaries/Win64/UnrealEditor.modules" 884
"../../../Engine/Plugins/Runtime/ArchVisCharacter/Binaries/Win64/UnrealEditor.modules" 885
"../../../Engine/Plugins/Runtime/AssetTags/Binaries/Win64/UnrealEditor.modules" 886
"../../../Engine/Plugins/Runtime/CableComponent/Binaries/Win64/UnrealEditor.modules" 887
"../../../Engine/Plugins/Runtime/ChunkDownloader/Binaries/Win64/UnrealEditor.modules" 888
"../../../Engine/Plugins/Runtime/CustomMeshComponent/Binaries/Win64/UnrealEditor.modules" 889
"../../../Engine/Plugins/Runtime/ExampleDeviceProfileSelector/Binaries/Win64/UnrealEditor.modules" 890
"../../../Engine/Plugins/Runtime/GooglePAD/Binaries/Win64/UnrealEditor.modules" 891
"../../../Engine/Plugins/Runtime/InputDebugging/Binaries/Win64/UnrealEditor.modules" 892
"../../../Engine/Plugins/Runtime/LocationServicesBPLibrary/Binaries/Win64/UnrealEditor.modules" 893
"../../../Engine/Plugins/Runtime/Metasound/Binaries/Win64/UnrealEditor.modules" 894
"../../../Engine/Plugins/Runtime/AudioWidgets/Binaries/Win64/UnrealEditor.modules" 895
"../../../Engine/Plugins/Runtime/AudioSynesthesia/Binaries/Win64/UnrealEditor.modules" 896
"../../../Engine/Plugins/Runtime/WaveTable/Binaries/Win64/UnrealEditor.modules" 897
"../../../Engine/Plugins/Runtime/MobilePatchingUtils/Binaries/Win64/UnrealEditor.modules" 898
"../../../Engine/Plugins/Runtime/MsQuic/Binaries/Win64/UnrealEditor.modules" 899
"../../../Engine/Plugins/Runtime/ProceduralMeshComponent/Binaries/Win64/UnrealEditor.modules" 900
"../../../Engine/Plugins/Runtime/ResonanceAudio/Binaries/Win64/UnrealEditor.modules" 901
"../../../Engine/Plugins/Runtime/SoundFields/Binaries/Win64/UnrealEditor.modules" 902
"../../../Engine/Plugins/Runtime/Synthesis/Binaries/Win64/UnrealEditor.modules" 903
"../../../Engine/Plugins/Runtime/WebMMoviePlayer/Binaries/Win64/UnrealEditor.modules" 904
"../../../Engine/Plugins/Media/WebMMedia/Binaries/Win64/UnrealEditor.modules" 905
"../../../Engine/Plugins/Runtime/WindowsDeviceProfileSelector/Binaries/Win64/UnrealEditor.modules" 906
"../../../Engine/Plugins/Runtime/WindowsMoviePlayer/Binaries/Win64/UnrealEditor.modules" 907
"../../../Engine/Plugins/2D/Paper2D/Binaries/Win64/UnrealEditor.modules" 908
"../../../Engine/Plugins/AI/AISupport/Binaries/Win64/UnrealEditor.modules" 909
"../../../Engine/Plugins/AI/EnvironmentQueryEditor/Binaries/Win64/UnrealEditor.modules" 910
"../../../Engine/Plugins/Animation/ACLPlugin/Binaries/Win64/UnrealEditor.modules" 911
"../../../Engine/Plugins/Animation/AnimationData/Binaries/Win64/UnrealEditor.modules" 912
"../../../Engine/Plugins/Animation/AnimationModifierLibrary/Binaries/Win64/UnrealEditor.modules" 913
"../../../Engine/Plugins/Animation/BlendSpaceMotionAnalysis/Binaries/Win64/UnrealEditor.modules" 914
"../../../Engine/Plugins/Animation/ControlRigSpline/Binaries/Win64/UnrealEditor.modules" 915
"../../../Engine/Plugins/Animation/IKRig/Binaries/Win64/UnrealEditor.modules" 916
"../../../Engine/Plugins/Experimental/FullBodyIK/Binaries/Win64/UnrealEditor.modules" 917
"../../../Engine/Plugins/Cameras/EngineCameras/Binaries/Win64/UnrealEditor.modules" 918
"../../../Engine/Plugins/MovieScene/TemplateSequence/Binaries/Win64/UnrealEditor.modules" 919
"../../../Engine/Plugins/Cameras/CameraShakePreviewer/Binaries/Win64/UnrealEditor.modules" 920
"../../../Engine/Plugins/Cameras/GameplayCameras/Binaries/Win64/UnrealEditor.modules" 921
"../../../Engine/Plugins/Runtime/StateTree/Binaries/Win64/UnrealEditor.modules" 922
"../../../Engine/Plugins/Compression/OodleNetwork/Binaries/Win64/UnrealEditor.modules" 923
"../../../Engine/Plugins/Editor/AssetManagerEditor/Binaries/Win64/UnrealEditor.modules" 924
"../../../Engine/Plugins/Editor/BlueprintHeaderView/Binaries/Win64/UnrealEditor.modules" 925
"../../../Engine/Plugins/Editor/ChangelistReview/Binaries/Win64/UnrealEditor.modules" 926
"../../../Engine/Plugins/Editor/ColorGrading/Binaries/Win64/UnrealEditor.modules" 927
"../../../Engine/Plugins/Editor/ObjectMixer/ObjectMixer/Binaries/Win64/UnrealEditor.modules" 928
"../../../Engine/Plugins/Editor/CurveEditorTools/Binaries/Win64/UnrealEditor.modules" 929
"../../../Engine/Plugins/Editor/EditorDebugTools/Binaries/Win64/UnrealEditor.modules" 930
"../../../Engine/Plugins/Editor/CryptoKeys/Binaries/Win64/UnrealEditor.modules" 931
"../../../Engine/Plugins/Editor/EngineAssetDefinitions/Binaries/Win64/UnrealEditor.modules" 932
"../../../Engine/Plugins/Editor/FacialAnimation/Binaries/Win64/UnrealEditor.modules" 933
"../../../Engine/Plugins/Editor/GeometryMode/Binaries/Win64/UnrealEditor.modules" 934
"../../../Engine/Plugins/Editor/MaterialAnalyzer/Binaries/Win64/UnrealEditor.modules" 935
"../../../Engine/Plugins/Editor/MobileLauncherProfileWizard/Binaries/Win64/UnrealEditor.modules" 936
"../../../Engine/Plugins/Editor/PluginBrowser/Binaries/Win64/UnrealEditor.modules" 937
"../../../Engine/Plugins/Editor/SpeedTreeImporter/Binaries/Win64/UnrealEditor.modules" 938
"../../../Engine/Plugins/Editor/SequencerAnimTools/Binaries/Win64/UnrealEditor.modules" 939
"../../../Engine/Plugins/Editor/UMGWidgetPreview/Binaries/Win64/UnrealEditor.modules" 940
"../../../Engine/Plugins/Editor/UVEditor/Binaries/Win64/UnrealEditor.modules" 941
"../../../Engine/Plugins/Editor/WorldPartitionHLODUtilities/Binaries/Win64/UnrealEditor.modules" 942
"../../../Engine/Plugins/Experimental/AdvancedRenamer/Binaries/Win64/UnrealEditor.modules" 943
"../../../Engine/Plugins/Experimental/AutomationUtils/Binaries/Win64/UnrealEditor.modules" 944
"../../../Engine/Plugins/Experimental/BackChannel/Binaries/Win64/UnrealEditor.modules" 945
"../../../Engine/Plugins/Experimental/ChaosEditor/Binaries/Win64/UnrealEditor.modules" 946
"../../../Engine/Plugins/Experimental/GeometryCollectionPlugin/Binaries/Win64/UnrealEditor.modules" 947
"../../../Engine/Plugins/Experimental/Fracture/Binaries/Win64/UnrealEditor.modules" 948
"../../../Engine/Plugins/Experimental/ChaosSolverPlugin/Binaries/Win64/UnrealEditor.modules" 949
"../../../Engine/Plugins/Experimental/Dataflow/Binaries/Win64/UnrealEditor.modules" 950
"../../../Engine/Plugins/Experimental/CharacterFXEditor/BaseCharacterFXEditor/Binaries/Win64/UnrealEditor.modules" 951
"../../../Engine/Plugins/Experimental/ChaosUserDataPT/Binaries/Win64/UnrealEditor.modules" 952
"../../../Engine/Plugins/Experimental/CharacterAI/Binaries/Win64/UnrealEditor.modules" 953
"../../../Engine/Plugins/Experimental/ChaosNiagara/Binaries/Win64/UnrealEditor.modules" 954
"../../../Engine/Plugins/Experimental/EditorDataStorage/Binaries/Win64/UnrealEditor.modules" 955
"../../../Engine/Plugins/Experimental/EditorTelemetry/Binaries/Win64/UnrealEditor.modules" 956
"../../../Engine/Plugins/Experimental/StudioTelemetry/Binaries/Win64/UnrealEditor.modules" 957
"../../../Engine/Plugins/Experimental/EditorPerformance/Binaries/Win64/UnrealEditor.modules" 958
"../../../Engine/Plugins/Experimental/LocalizableMessage/Binaries/Win64/UnrealEditor.modules" 959
"../../../Engine/Plugins/Experimental/NFORDenoise/Binaries/Win64/UnrealEditor.modules" 960
"../../../Engine/Plugins/Experimental/PlatformCrypto/Binaries/Win64/UnrealEditor.modules" 961
"../../../Engine/Plugins/Experimental/SkeletalReduction/Binaries/Win64/UnrealEditor.modules" 962
"../../../Engine/Plugins/Online/OnlineBase/Binaries/Win64/UnrealEditor.modules" 963
"../../../Engine/Plugins/Online/OnlineSubsystem/Binaries/Win64/UnrealEditor.modules" 964
"../../../Engine/Plugins/Online/OnlineSubsystemUtils/Binaries/Win64/UnrealEditor.modules" 965
"../../../Engine/Plugins/Online/OnlineServices/Binaries/Win64/UnrealEditor.modules" 966
"../../../Engine/Plugins/Online/OnlineSubsystemNull/Binaries/Win64/UnrealEditor.modules" 967
"../../../Engine/Plugins/Runtime/Windows/XInputDevice/Binaries/Win64/UnrealEditor.modules" 968
"../../../Engine/Plugins/Editor/ObjectMixer/LightMixer/Binaries/Win64/UnrealEditor.modules" 969
"../../../Engine/Plugins/Experimental/Animation/SkeletalMeshModelingTools/Binaries/Win64/UnrealEditor.modules" 970
"../../../Engine/Plugins/Editor/Localization/PortableObjectFileDataSource/Binaries/Win64/UnrealEditor.modules" 971
"../../../Engine/Plugins/Editor/ContentBrowser/ContentBrowserClassDataSource/Binaries/Win64/UnrealEditor.modules" 972
"../../../Engine/Config/BaseSourceControlSettings.ini" 973
"C:/Users/B-05/AppData/Local/UnrealEngine/5.5/Saved/Config/WindowsEditor/SourceControlSettings.ini" 974
"../../../Engine/Content/Internationalization/icudt64l/coll/ucadata.icu" 975
"../../../Engine/Content/Internationalization/icudt64l/coll/ko.res" 976
"../../../Engine/Content/Internationalization/icudt64l/coll/root.res" 977
"../../../Engine/Content/Certificates/ThirdParty/cacert.pem" 978
"../../../Engine/Config/ConsoleVariables.ini" 979
"../../../Engine/Binaries/Win64/Android/UnrealEditor.modules" 980
"../../../Engine/Binaries/Win64/IOS/UnrealEditor.modules" 981
"../../../Engine/Binaries/Win64/Linux/UnrealEditor.modules" 982
"../../../Engine/Binaries/Win64/LinuxArm64/UnrealEditor.modules" 983
"../../../Engine/Content/Localization/Editor/en/Editor.locres" 984
"../../../Engine/Content/Localization/EditorTutorials/en/EditorTutorials.locres" 985
"../../../Engine/Content/Localization/Keywords/en/Keywords.locres" 986
"../../../Engine/Content/Localization/Category/en/Category.locres" 987
"../../../Engine/Content/Localization/ToolTips/en/ToolTips.locres" 988
"../../../Engine/Content/Localization/PropertyNames/en/PropertyNames.locres" 989
"../../../Engine/Content/Localization/Engine/en/Engine.locres" 990
"../../../Engine/Plugins/Online/OnlineSubsystem/Content/Localization/OnlineSubsystem/en/OnlineSubsystem.locres" 991
"../../../Engine/Plugins/Online/OnlineSubsystemUtils/Content/Localization/OnlineSubsystemUtils/en/OnlineSubsystemUtils.locres" 992
"../../../Engine/Plugins/Online/IOS/OnlineSubsystemIOS/Content/Localization/OnlineSubsystemIOS/en/OnlineSubsystemIOS.locres" 993
"../../../Engine/Plugins/Online/Android/OnlineSubsystemGooglePlay/Content/Localization/OnlineSubsystemGooglePlay/en/OnlineSubsystemGooglePlay.locres" 994
"../../../Engine/Content/Internationalization/icudt64l/numberingSystems.res" 995
"../../../Engine/Content/Internationalization/icudt64l/curr/supplementalData.res" 996
"../../../Engine/Content/Internationalization/icudt64l/curr/ko.res" 997
"../../../Engine/Content/Internationalization/icudt64l/curr/pool.res" 998
"../../../Engine/Content/Internationalization/icudt64l/curr/root.res" 999
"../../../Engine/Content/Internationalization/icudt64l/lang/af.res" 1000
"../../../Engine/Content/Internationalization/icudt64l/region/af.res" 1001
"../../../Engine/Content/Internationalization/icudt64l/lang/agq.res" 1002
"../../../Engine/Content/Internationalization/icudt64l/region/agq.res" 1003
"../../../Engine/Content/Internationalization/icudt64l/lang/ak.res" 1004
"../../../Engine/Content/Internationalization/icudt64l/region/ak.res" 1005
"../../../Engine/Content/Internationalization/icudt64l/lang/am.res" 1006
"../../../Engine/Content/Internationalization/icudt64l/region/am.res" 1007
"../../../Engine/Content/Internationalization/icudt64l/lang/ar.res" 1008
"../../../Engine/Content/Internationalization/icudt64l/region/ar.res" 1009
"../../../Engine/Content/Internationalization/icudt64l/region/ar_AE.res" 1010
"../../../Engine/Content/Internationalization/icudt64l/lang/ar_EG.res" 1011
"../../../Engine/Content/Internationalization/icudt64l/lang/ar_LY.res" 1012
"../../../Engine/Content/Internationalization/icudt64l/region/ar_LY.res" 1013
"../../../Engine/Content/Internationalization/icudt64l/lang/ar_SA.res" 1014
"../../../Engine/Content/Internationalization/icudt64l/region/ar_SA.res" 1015
"../../../Engine/Content/Internationalization/icudt64l/lang/as.res" 1016
"../../../Engine/Content/Internationalization/icudt64l/region/as.res" 1017
"../../../Engine/Content/Internationalization/icudt64l/lang/asa.res" 1018
"../../../Engine/Content/Internationalization/icudt64l/region/asa.res" 1019
"../../../Engine/Content/Internationalization/icudt64l/lang/ast.res" 1020
"../../../Engine/Content/Internationalization/icudt64l/region/ast.res" 1021
"../../../Engine/Content/Internationalization/icudt64l/lang/az.res" 1022
"../../../Engine/Content/Internationalization/icudt64l/lang/az_Cyrl.res" 1023
"../../../Engine/Content/Internationalization/icudt64l/lang/az_AZ.res" 1024
"../../../Engine/Content/Internationalization/icudt64l/lang/az_Latn_AZ.res" 1025
"../../../Engine/Content/Internationalization/icudt64l/lang/az_Latn.res" 1026
"../../../Engine/Content/Internationalization/icudt64l/region/az_AZ.res" 1027
"../../../Engine/Content/Internationalization/icudt64l/region/az_Latn_AZ.res" 1028
"../../../Engine/Content/Internationalization/icudt64l/region/az_Latn.res" 1029
"../../../Engine/Content/Internationalization/icudt64l/region/az.res" 1030
"../../../Engine/Content/Internationalization/icudt64l/region/az_Cyrl.res" 1031
"../../../Engine/Content/Internationalization/icudt64l/lang/bas.res" 1032
"../../../Engine/Content/Internationalization/icudt64l/region/bas.res" 1033
"../../../Engine/Content/Internationalization/icudt64l/lang/be.res" 1034
"../../../Engine/Content/Internationalization/icudt64l/region/be.res" 1035
"../../../Engine/Content/Internationalization/icudt64l/lang/bem.res" 1036
"../../../Engine/Content/Internationalization/icudt64l/region/bem.res" 1037
"../../../Engine/Content/Internationalization/icudt64l/lang/bez.res" 1038
"../../../Engine/Content/Internationalization/icudt64l/region/bez.res" 1039
"../../../Engine/Content/Internationalization/icudt64l/lang/bg.res" 1040
"../../../Engine/Content/Internationalization/icudt64l/region/bg.res" 1041
"../../../Engine/Content/Internationalization/icudt64l/lang/bm.res" 1042
"../../../Engine/Content/Internationalization/icudt64l/region/bm.res" 1043
"../../../Engine/Content/Internationalization/icudt64l/lang/bn.res" 1044
"../../../Engine/Content/Internationalization/icudt64l/region/bn.res" 1045
"../../../Engine/Content/Internationalization/icudt64l/lang/bn_IN.res" 1046
"../../../Engine/Content/Internationalization/icudt64l/region/bn_IN.res" 1047
"../../../Engine/Content/Internationalization/icudt64l/lang/bo.res" 1048
"../../../Engine/Content/Internationalization/icudt64l/region/bo.res" 1049
"../../../Engine/Content/Internationalization/icudt64l/region/bo_IN.res" 1050
"../../../Engine/Content/Internationalization/icudt64l/lang/br.res" 1051
"../../../Engine/Content/Internationalization/icudt64l/region/br.res" 1052
"../../../Engine/Content/Internationalization/icudt64l/lang/brx.res" 1053
"../../../Engine/Content/Internationalization/icudt64l/region/brx.res" 1054
"../../../Engine/Content/Internationalization/icudt64l/lang/bs.res" 1055
"../../../Engine/Content/Internationalization/icudt64l/lang/bs_Cyrl.res" 1056
"../../../Engine/Content/Internationalization/icudt64l/lang/bs_BA.res" 1057
"../../../Engine/Content/Internationalization/icudt64l/lang/bs_Latn_BA.res" 1058
"../../../Engine/Content/Internationalization/icudt64l/lang/bs_Latn.res" 1059
"../../../Engine/Content/Internationalization/icudt64l/region/bs_BA.res" 1060
"../../../Engine/Content/Internationalization/icudt64l/region/bs_Latn_BA.res" 1061
"../../../Engine/Content/Internationalization/icudt64l/region/bs_Latn.res" 1062
"../../../Engine/Content/Internationalization/icudt64l/region/bs.res" 1063
"../../../Engine/Content/Internationalization/icudt64l/region/bs_Cyrl.res" 1064
"../../../Engine/Content/Internationalization/icudt64l/lang/ca.res" 1065
"../../../Engine/Content/Internationalization/icudt64l/region/ca.res" 1066
"../../../Engine/Content/Internationalization/icudt64l/lang/ccp.res" 1067
"../../../Engine/Content/Internationalization/icudt64l/region/ccp.res" 1068
"../../../Engine/Content/Internationalization/icudt64l/lang/ce.res" 1069
"../../../Engine/Content/Internationalization/icudt64l/region/ce.res" 1070
"../../../Engine/Content/Internationalization/icudt64l/lang/ceb.res" 1071
"../../../Engine/Content/Internationalization/icudt64l/region/ceb.res" 1072
"../../../Engine/Content/Internationalization/icudt64l/lang/cgg.res" 1073
"../../../Engine/Content/Internationalization/icudt64l/region/cgg.res" 1074
"../../../Engine/Content/Internationalization/icudt64l/lang/chr.res" 1075
"../../../Engine/Content/Internationalization/icudt64l/region/chr.res" 1076
"../../../Engine/Content/Internationalization/icudt64l/lang/ckb.res" 1077
"../../../Engine/Content/Internationalization/icudt64l/region/ckb.res" 1078
"../../../Engine/Content/Internationalization/icudt64l/lang/cs.res" 1079
"../../../Engine/Content/Internationalization/icudt64l/region/cs.res" 1080
"../../../Engine/Content/Internationalization/icudt64l/lang/cy.res" 1081
"../../../Engine/Content/Internationalization/icudt64l/region/cy.res" 1082
"../../../Engine/Content/Internationalization/icudt64l/lang/da.res" 1083
"../../../Engine/Content/Internationalization/icudt64l/region/da.res" 1084
"../../../Engine/Content/Internationalization/icudt64l/lang/dav.res" 1085
"../../../Engine/Content/Internationalization/icudt64l/region/dav.res" 1086
"../../../Engine/Content/Internationalization/icudt64l/lang/de.res" 1087
"../../../Engine/Content/Internationalization/icudt64l/lang/de_AT.res" 1088
"../../../Engine/Content/Internationalization/icudt64l/region/de_AT.res" 1089
"../../../Engine/Content/Internationalization/icudt64l/region/de.res" 1090
"../../../Engine/Content/Internationalization/icudt64l/lang/de_CH.res" 1091
"../../../Engine/Content/Internationalization/icudt64l/region/de_CH.res" 1092
"../../../Engine/Content/Internationalization/icudt64l/lang/de_LU.res" 1093
"../../../Engine/Content/Internationalization/icudt64l/lang/dje.res" 1094
"../../../Engine/Content/Internationalization/icudt64l/region/dje.res" 1095
"../../../Engine/Content/Internationalization/icudt64l/lang/dsb.res" 1096
"../../../Engine/Content/Internationalization/icudt64l/region/dsb.res" 1097
"../../../Engine/Content/Internationalization/icudt64l/lang/dua.res" 1098
"../../../Engine/Content/Internationalization/icudt64l/region/dua.res" 1099
"../../../Engine/Content/Internationalization/icudt64l/lang/dyo.res" 1100
"../../../Engine/Content/Internationalization/icudt64l/region/dyo.res" 1101
"../../../Engine/Content/Internationalization/icudt64l/lang/dz.res" 1102
"../../../Engine/Content/Internationalization/icudt64l/region/dz.res" 1103
"../../../Engine/Content/Internationalization/icudt64l/lang/ebu.res" 1104
"../../../Engine/Content/Internationalization/icudt64l/region/ebu.res" 1105
"../../../Engine/Content/Internationalization/icudt64l/lang/ee.res" 1106
"../../../Engine/Content/Internationalization/icudt64l/region/ee.res" 1107
"../../../Engine/Content/Internationalization/icudt64l/lang/el.res" 1108
"../../../Engine/Content/Internationalization/icudt64l/region/el.res" 1109
"../../../Engine/Content/Internationalization/icudt64l/lang/en_001.res" 1110
"../../../Engine/Content/Internationalization/icudt64l/lang/en_150.res" 1111
"../../../Engine/Content/Internationalization/icudt64l/region/en_150.res" 1112
"../../../Engine/Content/Internationalization/icudt64l/lang/en_AG.res" 1113
"../../../Engine/Content/Internationalization/icudt64l/region/en_AG.res" 1114
"../../../Engine/Content/Internationalization/icudt64l/lang/en_AI.res" 1115
"../../../Engine/Content/Internationalization/icudt64l/region/en_AI.res" 1116
"../../../Engine/Content/Internationalization/icudt64l/lang/en_AT.res" 1117
"../../../Engine/Content/Internationalization/icudt64l/region/en_AT.res" 1118
"../../../Engine/Content/Internationalization/icudt64l/lang/en_AU.res" 1119
"../../../Engine/Content/Internationalization/icudt64l/region/en_AU.res" 1120
"../../../Engine/Content/Internationalization/icudt64l/lang/en_BB.res" 1121
"../../../Engine/Content/Internationalization/icudt64l/region/en_BB.res" 1122
"../../../Engine/Content/Internationalization/icudt64l/lang/en_BE.res" 1123
"../../../Engine/Content/Internationalization/icudt64l/region/en_BE.res" 1124
"../../../Engine/Content/Internationalization/icudt64l/lang/en_BM.res" 1125
"../../../Engine/Content/Internationalization/icudt64l/region/en_BM.res" 1126
"../../../Engine/Content/Internationalization/icudt64l/lang/en_BS.res" 1127
"../../../Engine/Content/Internationalization/icudt64l/region/en_BS.res" 1128
"../../../Engine/Content/Internationalization/icudt64l/lang/en_BW.res" 1129
"../../../Engine/Content/Internationalization/icudt64l/region/en_BW.res" 1130
"../../../Engine/Content/Internationalization/icudt64l/lang/en_BZ.res" 1131
"../../../Engine/Content/Internationalization/icudt64l/region/en_BZ.res" 1132
"../../../Engine/Content/Internationalization/icudt64l/lang/en_CA.res" 1133
"../../../Engine/Content/Internationalization/icudt64l/region/en_CA.res" 1134
"../../../Engine/Content/Internationalization/icudt64l/lang/en_CC.res" 1135
"../../../Engine/Content/Internationalization/icudt64l/region/en_CC.res" 1136
"../../../Engine/Content/Internationalization/icudt64l/lang/en_CH.res" 1137
"../../../Engine/Content/Internationalization/icudt64l/region/en_CH.res" 1138
"../../../Engine/Content/Internationalization/icudt64l/lang/en_CK.res" 1139
"../../../Engine/Content/Internationalization/icudt64l/region/en_CK.res" 1140
"../../../Engine/Content/Internationalization/icudt64l/lang/en_CM.res" 1141
"../../../Engine/Content/Internationalization/icudt64l/region/en_CM.res" 1142
"../../../Engine/Content/Internationalization/icudt64l/lang/en_CX.res" 1143
"../../../Engine/Content/Internationalization/icudt64l/region/en_CX.res" 1144
"../../../Engine/Content/Internationalization/icudt64l/lang/en_CY.res" 1145
"../../../Engine/Content/Internationalization/icudt64l/region/en_CY.res" 1146
"../../../Engine/Content/Internationalization/icudt64l/lang/en_DE.res" 1147
"../../../Engine/Content/Internationalization/icudt64l/region/en_DE.res" 1148
"../../../Engine/Content/Internationalization/icudt64l/lang/en_DG.res" 1149
"../../../Engine/Content/Internationalization/icudt64l/region/en_DG.res" 1150
"../../../Engine/Content/Internationalization/icudt64l/lang/en_DK.res" 1151
"../../../Engine/Content/Internationalization/icudt64l/region/en_DK.res" 1152
"../../../Engine/Content/Internationalization/icudt64l/lang/en_DM.res" 1153
"../../../Engine/Content/Internationalization/icudt64l/region/en_DM.res" 1154
"../../../Engine/Content/Internationalization/icudt64l/lang/en_ER.res" 1155
"../../../Engine/Content/Internationalization/icudt64l/region/en_ER.res" 1156
"../../../Engine/Content/Internationalization/icudt64l/lang/en_FI.res" 1157
"../../../Engine/Content/Internationalization/icudt64l/region/en_FI.res" 1158
"../../../Engine/Content/Internationalization/icudt64l/lang/en_FJ.res" 1159
"../../../Engine/Content/Internationalization/icudt64l/region/en_FJ.res" 1160
"../../../Engine/Content/Internationalization/icudt64l/lang/en_FK.res" 1161
"../../../Engine/Content/Internationalization/icudt64l/region/en_FK.res" 1162
"../../../Engine/Content/Internationalization/icudt64l/lang/en_FM.res" 1163
"../../../Engine/Content/Internationalization/icudt64l/region/en_FM.res" 1164
"../../../Engine/Content/Internationalization/icudt64l/lang/en_GB.res" 1165
"../../../Engine/Content/Internationalization/icudt64l/region/en_GB.res" 1166
"../../../Engine/Content/Internationalization/icudt64l/lang/en_GD.res" 1167
"../../../Engine/Content/Internationalization/icudt64l/region/en_GD.res" 1168
"../../../Engine/Content/Internationalization/icudt64l/lang/en_GG.res" 1169
"../../../Engine/Content/Internationalization/icudt64l/region/en_GG.res" 1170
"../../../Engine/Content/Internationalization/icudt64l/lang/en_GH.res" 1171
"../../../Engine/Content/Internationalization/icudt64l/region/en_GH.res" 1172
"../../../Engine/Content/Internationalization/icudt64l/lang/en_GI.res" 1173
"../../../Engine/Content/Internationalization/icudt64l/region/en_GI.res" 1174
"../../../Engine/Content/Internationalization/icudt64l/lang/en_GM.res" 1175
"../../../Engine/Content/Internationalization/icudt64l/region/en_GM.res" 1176
"../../../Engine/Content/Internationalization/icudt64l/lang/en_GY.res" 1177
"../../../Engine/Content/Internationalization/icudt64l/region/en_GY.res" 1178
"../../../Engine/Content/Internationalization/icudt64l/lang/en_HK.res" 1179
"../../../Engine/Content/Internationalization/icudt64l/region/en_HK.res" 1180
"../../../Engine/Content/Internationalization/icudt64l/lang/en_IE.res" 1181
"../../../Engine/Content/Internationalization/icudt64l/region/en_IE.res" 1182
"../../../Engine/Content/Internationalization/icudt64l/lang/en_IL.res" 1183
"../../../Engine/Content/Internationalization/icudt64l/region/en_IL.res" 1184
"../../../Engine/Content/Internationalization/icudt64l/lang/en_IM.res" 1185
"../../../Engine/Content/Internationalization/icudt64l/region/en_IM.res" 1186
"../../../Engine/Content/Internationalization/icudt64l/lang/en_IN.res" 1187
"../../../Engine/Content/Internationalization/icudt64l/region/en_IN.res" 1188
"../../../Engine/Content/Internationalization/icudt64l/lang/en_IO.res" 1189
"../../../Engine/Content/Internationalization/icudt64l/region/en_IO.res" 1190
"../../../Engine/Content/Internationalization/icudt64l/lang/en_JE.res" 1191
"../../../Engine/Content/Internationalization/icudt64l/region/en_JE.res" 1192
"../../../Engine/Content/Internationalization/icudt64l/lang/en_JM.res" 1193
"../../../Engine/Content/Internationalization/icudt64l/region/en_JM.res" 1194
"../../../Engine/Content/Internationalization/icudt64l/lang/en_KE.res" 1195
"../../../Engine/Content/Internationalization/icudt64l/region/en_KE.res" 1196
"../../../Engine/Content/Internationalization/icudt64l/lang/en_KI.res" 1197
"../../../Engine/Content/Internationalization/icudt64l/region/en_KI.res" 1198
"../../../Engine/Content/Internationalization/icudt64l/lang/en_KN.res" 1199
"../../../Engine/Content/Internationalization/icudt64l/region/en_KN.res" 1200
"../../../Engine/Content/Internationalization/icudt64l/lang/en_KY.res" 1201
"../../../Engine/Content/Internationalization/icudt64l/region/en_KY.res" 1202
"../../../Engine/Content/Internationalization/icudt64l/lang/en_LC.res" 1203
"../../../Engine/Content/Internationalization/icudt64l/region/en_LC.res" 1204
"../../../Engine/Content/Internationalization/icudt64l/lang/en_LR.res" 1205
"../../../Engine/Content/Internationalization/icudt64l/region/en_LR.res" 1206
"../../../Engine/Content/Internationalization/icudt64l/lang/en_LS.res" 1207
"../../../Engine/Content/Internationalization/icudt64l/region/en_LS.res" 1208
"../../../Engine/Content/Internationalization/icudt64l/lang/en_MG.res" 1209
"../../../Engine/Content/Internationalization/icudt64l/region/en_MG.res" 1210
"../../../Engine/Content/Internationalization/icudt64l/lang/en_MO.res" 1211
"../../../Engine/Content/Internationalization/icudt64l/region/en_MO.res" 1212
"../../../Engine/Content/Internationalization/icudt64l/lang/en_MS.res" 1213
"../../../Engine/Content/Internationalization/icudt64l/region/en_MS.res" 1214
"../../../Engine/Content/Internationalization/icudt64l/lang/en_MT.res" 1215
"../../../Engine/Content/Internationalization/icudt64l/region/en_MT.res" 1216
"../../../Engine/Content/Internationalization/icudt64l/lang/en_MU.res" 1217
"../../../Engine/Content/Internationalization/icudt64l/region/en_MU.res" 1218
"../../../Engine/Content/Internationalization/icudt64l/lang/en_MW.res" 1219
"../../../Engine/Content/Internationalization/icudt64l/region/en_MW.res" 1220
"../../../Engine/Content/Internationalization/icudt64l/lang/en_MY.res" 1221
"../../../Engine/Content/Internationalization/icudt64l/region/en_MY.res" 1222
"../../../Engine/Content/Internationalization/icudt64l/lang/en_NA.res" 1223
"../../../Engine/Content/Internationalization/icudt64l/region/en_NA.res" 1224
"../../../Engine/Content/Internationalization/icudt64l/lang/en_NF.res" 1225
"../../../Engine/Content/Internationalization/icudt64l/region/en_NF.res" 1226
"../../../Engine/Content/Internationalization/icudt64l/lang/en_NG.res" 1227
"../../../Engine/Content/Internationalization/icudt64l/region/en_NG.res" 1228
"../../../Engine/Content/Internationalization/icudt64l/lang/en_NL.res" 1229
"../../../Engine/Content/Internationalization/icudt64l/region/en_NL.res" 1230
"../../../Engine/Content/Internationalization/icudt64l/lang/en_NR.res" 1231
"../../../Engine/Content/Internationalization/icudt64l/region/en_NR.res" 1232
"../../../Engine/Content/Internationalization/icudt64l/lang/en_NU.res" 1233
"../../../Engine/Content/Internationalization/icudt64l/region/en_NU.res" 1234
"../../../Engine/Content/Internationalization/icudt64l/lang/en_NZ.res" 1235
"../../../Engine/Content/Internationalization/icudt64l/region/en_NZ.res" 1236
"../../../Engine/Content/Internationalization/icudt64l/lang/en_PG.res" 1237
"../../../Engine/Content/Internationalization/icudt64l/region/en_PG.res" 1238
"../../../Engine/Content/Internationalization/icudt64l/lang/en_PH.res" 1239
"../../../Engine/Content/Internationalization/icudt64l/region/en_PH.res" 1240
"../../../Engine/Content/Internationalization/icudt64l/lang/en_PK.res" 1241
"../../../Engine/Content/Internationalization/icudt64l/region/en_PK.res" 1242
"../../../Engine/Content/Internationalization/icudt64l/lang/en_PN.res" 1243
"../../../Engine/Content/Internationalization/icudt64l/region/en_PN.res" 1244
"../../../Engine/Content/Internationalization/icudt64l/lang/en_PW.res" 1245
"../../../Engine/Content/Internationalization/icudt64l/region/en_PW.res" 1246
"../../../Engine/Content/Internationalization/icudt64l/lang/en_RW.res" 1247
"../../../Engine/Content/Internationalization/icudt64l/region/en_RW.res" 1248
"../../../Engine/Content/Internationalization/icudt64l/lang/en_SB.res" 1249
"../../../Engine/Content/Internationalization/icudt64l/region/en_SB.res" 1250
"../../../Engine/Content/Internationalization/icudt64l/lang/en_SC.res" 1251
"../../../Engine/Content/Internationalization/icudt64l/region/en_SC.res" 1252
"../../../Engine/Content/Internationalization/icudt64l/lang/en_SD.res" 1253
"../../../Engine/Content/Internationalization/icudt64l/region/en_SD.res" 1254
"../../../Engine/Content/Internationalization/icudt64l/lang/en_SE.res" 1255
"../../../Engine/Content/Internationalization/icudt64l/region/en_SE.res" 1256
"../../../Engine/Content/Internationalization/icudt64l/lang/en_SG.res" 1257
"../../../Engine/Content/Internationalization/icudt64l/region/en_SG.res" 1258
"../../../Engine/Content/Internationalization/icudt64l/lang/en_SH.res" 1259
"../../../Engine/Content/Internationalization/icudt64l/region/en_SH.res" 1260
"../../../Engine/Content/Internationalization/icudt64l/lang/en_SI.res" 1261
"../../../Engine/Content/Internationalization/icudt64l/region/en_SI.res" 1262
"../../../Engine/Content/Internationalization/icudt64l/lang/en_SL.res" 1263
"../../../Engine/Content/Internationalization/icudt64l/region/en_SL.res" 1264
"../../../Engine/Content/Internationalization/icudt64l/lang/en_SS.res" 1265
"../../../Engine/Content/Internationalization/icudt64l/region/en_SS.res" 1266
"../../../Engine/Content/Internationalization/icudt64l/lang/en_SX.res" 1267
"../../../Engine/Content/Internationalization/icudt64l/region/en_SX.res" 1268
"../../../Engine/Content/Internationalization/icudt64l/lang/en_SZ.res" 1269
"../../../Engine/Content/Internationalization/icudt64l/region/en_SZ.res" 1270
"../../../Engine/Content/Internationalization/icudt64l/lang/en_TC.res" 1271
"../../../Engine/Content/Internationalization/icudt64l/region/en_TC.res" 1272
"../../../Engine/Content/Internationalization/icudt64l/lang/en_TK.res" 1273
"../../../Engine/Content/Internationalization/icudt64l/region/en_TK.res" 1274
"../../../Engine/Content/Internationalization/icudt64l/lang/en_TO.res" 1275
"../../../Engine/Content/Internationalization/icudt64l/region/en_TO.res" 1276
"../../../Engine/Content/Internationalization/icudt64l/lang/en_TT.res" 1277
"../../../Engine/Content/Internationalization/icudt64l/region/en_TT.res" 1278
"../../../Engine/Content/Internationalization/icudt64l/lang/en_TV.res" 1279
"../../../Engine/Content/Internationalization/icudt64l/region/en_TV.res" 1280
"../../../Engine/Content/Internationalization/icudt64l/lang/en_TZ.res" 1281
"../../../Engine/Content/Internationalization/icudt64l/region/en_TZ.res" 1282
"../../../Engine/Content/Internationalization/icudt64l/lang/en_UG.res" 1283
"../../../Engine/Content/Internationalization/icudt64l/region/en_UG.res" 1284
"../../../Engine/Content/Internationalization/icudt64l/lang/en_VC.res" 1285
"../../../Engine/Content/Internationalization/icudt64l/region/en_VC.res" 1286
"../../../Engine/Content/Internationalization/icudt64l/lang/en_VG.res" 1287
"../../../Engine/Content/Internationalization/icudt64l/region/en_VG.res" 1288
"../../../Engine/Content/Internationalization/icudt64l/lang/en_VU.res" 1289
"../../../Engine/Content/Internationalization/icudt64l/region/en_VU.res" 1290
"../../../Engine/Content/Internationalization/icudt64l/lang/en_WS.res" 1291
"../../../Engine/Content/Internationalization/icudt64l/region/en_WS.res" 1292
"../../../Engine/Content/Internationalization/icudt64l/lang/en_ZA.res" 1293
"../../../Engine/Content/Internationalization/icudt64l/region/en_ZA.res" 1294
"../../../Engine/Content/Internationalization/icudt64l/lang/en_ZM.res" 1295
"../../../Engine/Content/Internationalization/icudt64l/region/en_ZM.res" 1296
"../../../Engine/Content/Internationalization/icudt64l/lang/en_ZW.res" 1297
"../../../Engine/Content/Internationalization/icudt64l/region/en_ZW.res" 1298
"../../../Engine/Content/Internationalization/icudt64l/lang/eo.res" 1299
"../../../Engine/Content/Internationalization/icudt64l/region/eo.res" 1300
"../../../Engine/Content/Internationalization/icudt64l/lang/es.res" 1301
"../../../Engine/Content/Internationalization/icudt64l/lang/es_419.res" 1302
"../../../Engine/Content/Internationalization/icudt64l/region/es_419.res" 1303
"../../../Engine/Content/Internationalization/icudt64l/region/es.res" 1304
"../../../Engine/Content/Internationalization/icudt64l/lang/es_AR.res" 1305
"../../../Engine/Content/Internationalization/icudt64l/region/es_AR.res" 1306
"../../../Engine/Content/Internationalization/icudt64l/lang/es_BO.res" 1307
"../../../Engine/Content/Internationalization/icudt64l/region/es_BO.res" 1308
"../../../Engine/Content/Internationalization/icudt64l/lang/es_BR.res" 1309
"../../../Engine/Content/Internationalization/icudt64l/region/es_BR.res" 1310
"../../../Engine/Content/Internationalization/icudt64l/lang/es_BZ.res" 1311
"../../../Engine/Content/Internationalization/icudt64l/region/es_BZ.res" 1312
"../../../Engine/Content/Internationalization/icudt64l/lang/es_CL.res" 1313
"../../../Engine/Content/Internationalization/icudt64l/region/es_CL.res" 1314
"../../../Engine/Content/Internationalization/icudt64l/lang/es_CO.res" 1315
"../../../Engine/Content/Internationalization/icudt64l/region/es_CO.res" 1316
"../../../Engine/Content/Internationalization/icudt64l/lang/es_CR.res" 1317
"../../../Engine/Content/Internationalization/icudt64l/region/es_CR.res" 1318
"../../../Engine/Content/Internationalization/icudt64l/lang/es_CU.res" 1319
"../../../Engine/Content/Internationalization/icudt64l/region/es_CU.res" 1320
"../../../Engine/Content/Internationalization/icudt64l/lang/es_DO.res" 1321
"../../../Engine/Content/Internationalization/icudt64l/region/es_DO.res" 1322
"../../../Engine/Content/Internationalization/icudt64l/lang/es_EC.res" 1323
"../../../Engine/Content/Internationalization/icudt64l/region/es_EC.res" 1324
"../../../Engine/Content/Internationalization/icudt64l/lang/es_GT.res" 1325
"../../../Engine/Content/Internationalization/icudt64l/region/es_GT.res" 1326
"../../../Engine/Content/Internationalization/icudt64l/lang/es_HN.res" 1327
"../../../Engine/Content/Internationalization/icudt64l/region/es_HN.res" 1328
"../../../Engine/Content/Internationalization/icudt64l/lang/es_MX.res" 1329
"../../../Engine/Content/Internationalization/icudt64l/region/es_MX.res" 1330
"../../../Engine/Content/Internationalization/icudt64l/lang/es_NI.res" 1331
"../../../Engine/Content/Internationalization/icudt64l/region/es_NI.res" 1332
"../../../Engine/Content/Internationalization/icudt64l/lang/es_PA.res" 1333
"../../../Engine/Content/Internationalization/icudt64l/region/es_PA.res" 1334
"../../../Engine/Content/Internationalization/icudt64l/lang/es_PE.res" 1335
"../../../Engine/Content/Internationalization/icudt64l/region/es_PE.res" 1336
"../../../Engine/Content/Internationalization/icudt64l/lang/es_PR.res" 1337
"../../../Engine/Content/Internationalization/icudt64l/region/es_PR.res" 1338
"../../../Engine/Content/Internationalization/icudt64l/lang/es_PY.res" 1339
"../../../Engine/Content/Internationalization/icudt64l/region/es_PY.res" 1340
"../../../Engine/Content/Internationalization/icudt64l/lang/es_SV.res" 1341
"../../../Engine/Content/Internationalization/icudt64l/region/es_SV.res" 1342
"../../../Engine/Content/Internationalization/icudt64l/lang/es_US.res" 1343
"../../../Engine/Content/Internationalization/icudt64l/region/es_US.res" 1344
"../../../Engine/Content/Internationalization/icudt64l/lang/es_UY.res" 1345
"../../../Engine/Content/Internationalization/icudt64l/region/es_UY.res" 1346
"../../../Engine/Content/Internationalization/icudt64l/lang/es_VE.res" 1347
"../../../Engine/Content/Internationalization/icudt64l/region/es_VE.res" 1348
"../../../Engine/Content/Internationalization/icudt64l/lang/et.res" 1349
"../../../Engine/Content/Internationalization/icudt64l/region/et.res" 1350
"../../../Engine/Content/Internationalization/icudt64l/lang/eu.res" 1351
"../../../Engine/Content/Internationalization/icudt64l/region/eu.res" 1352
"../../../Engine/Content/Internationalization/icudt64l/lang/ewo.res" 1353
"../../../Engine/Content/Internationalization/icudt64l/region/ewo.res" 1354
"../../../Engine/Content/Internationalization/icudt64l/lang/fa.res" 1355
"../../../Engine/Content/Internationalization/icudt64l/lang/fa_AF.res" 1356
"../../../Engine/Content/Internationalization/icudt64l/region/fa_AF.res" 1357
"../../../Engine/Content/Internationalization/icudt64l/region/fa.res" 1358
"../../../Engine/Content/Internationalization/icudt64l/lang/ff.res" 1359
"../../../Engine/Content/Internationalization/icudt64l/lang/ff_Latn.res" 1360
"../../../Engine/Content/Internationalization/icudt64l/region/ff.res" 1361
"../../../Engine/Content/Internationalization/icudt64l/region/ff_Latn.res" 1362
"../../../Engine/Content/Internationalization/icudt64l/lang/ff_CM.res" 1363
"../../../Engine/Content/Internationalization/icudt64l/lang/ff_Latn_CM.res" 1364
"../../../Engine/Content/Internationalization/icudt64l/region/ff_CM.res" 1365
"../../../Engine/Content/Internationalization/icudt64l/region/ff_Latn_CM.res" 1366
"../../../Engine/Content/Internationalization/icudt64l/lang/ff_GN.res" 1367
"../../../Engine/Content/Internationalization/icudt64l/lang/ff_Latn_GN.res" 1368
"../../../Engine/Content/Internationalization/icudt64l/region/ff_GN.res" 1369
"../../../Engine/Content/Internationalization/icudt64l/region/ff_Latn_GN.res" 1370
"../../../Engine/Content/Internationalization/icudt64l/lang/ff_MR.res" 1371
"../../../Engine/Content/Internationalization/icudt64l/lang/ff_Latn_MR.res" 1372
"../../../Engine/Content/Internationalization/icudt64l/region/ff_MR.res" 1373
"../../../Engine/Content/Internationalization/icudt64l/region/ff_Latn_MR.res" 1374
"../../../Engine/Content/Internationalization/icudt64l/lang/ff_SN.res" 1375
"../../../Engine/Content/Internationalization/icudt64l/lang/ff_Latn_SN.res" 1376
"../../../Engine/Content/Internationalization/icudt64l/region/ff_SN.res" 1377
"../../../Engine/Content/Internationalization/icudt64l/region/ff_Latn_SN.res" 1378
"../../../Engine/Content/Internationalization/icudt64l/lang/fi.res" 1379
"../../../Engine/Content/Internationalization/icudt64l/region/fi.res" 1380
"../../../Engine/Content/Internationalization/icudt64l/lang/fil.res" 1381
"../../../Engine/Content/Internationalization/icudt64l/lang/fil_PH.res" 1382
"../../../Engine/Content/Internationalization/icudt64l/region/fil_PH.res" 1383
"../../../Engine/Content/Internationalization/icudt64l/region/fil.res" 1384
"../../../Engine/Content/Internationalization/icudt64l/lang/fo.res" 1385
"../../../Engine/Content/Internationalization/icudt64l/region/fo.res" 1386
"../../../Engine/Content/Internationalization/icudt64l/lang/fr.res" 1387
"../../../Engine/Content/Internationalization/icudt64l/lang/fr_BE.res" 1388
"../../../Engine/Content/Internationalization/icudt64l/region/fr_BE.res" 1389
"../../../Engine/Content/Internationalization/icudt64l/region/fr.res" 1390
"../../../Engine/Content/Internationalization/icudt64l/lang/fr_CA.res" 1391
"../../../Engine/Content/Internationalization/icudt64l/region/fr_CA.res" 1392
"../../../Engine/Content/Internationalization/icudt64l/lang/fr_CH.res" 1393
"../../../Engine/Content/Internationalization/icudt64l/lang/fur.res" 1394
"../../../Engine/Content/Internationalization/icudt64l/region/fur.res" 1395
"../../../Engine/Content/Internationalization/icudt64l/lang/fy.res" 1396
"../../../Engine/Content/Internationalization/icudt64l/region/fy.res" 1397
"../../../Engine/Content/Internationalization/icudt64l/lang/ga.res" 1398
"../../../Engine/Content/Internationalization/icudt64l/region/ga.res" 1399
"../../../Engine/Content/Internationalization/icudt64l/lang/gd.res" 1400
"../../../Engine/Content/Internationalization/icudt64l/region/gd.res" 1401
"../../../Engine/Content/Internationalization/icudt64l/lang/gl.res" 1402
"../../../Engine/Content/Internationalization/icudt64l/region/gl.res" 1403
"../../../Engine/Content/Internationalization/icudt64l/lang/gsw.res" 1404
"../../../Engine/Content/Internationalization/icudt64l/region/gsw.res" 1405
"../../../Engine/Content/Internationalization/icudt64l/lang/gu.res" 1406
"../../../Engine/Content/Internationalization/icudt64l/region/gu.res" 1407
"../../../Engine/Content/Internationalization/icudt64l/lang/guz.res" 1408
"../../../Engine/Content/Internationalization/icudt64l/region/guz.res" 1409
"../../../Engine/Content/Internationalization/icudt64l/lang/gv.res" 1410
"../../../Engine/Content/Internationalization/icudt64l/region/gv.res" 1411
"../../../Engine/Content/Internationalization/icudt64l/lang/ha.res" 1412
"../../../Engine/Content/Internationalization/icudt64l/region/ha.res" 1413
"../../../Engine/Content/Internationalization/icudt64l/lang/ha_NE.res" 1414
"../../../Engine/Content/Internationalization/icudt64l/region/ha_NE.res" 1415
"../../../Engine/Content/Internationalization/icudt64l/lang/haw.res" 1416
"../../../Engine/Content/Internationalization/icudt64l/region/haw.res" 1417
"../../../Engine/Content/Internationalization/icudt64l/lang/he.res" 1418
"../../../Engine/Content/Internationalization/icudt64l/lang/he_IL.res" 1419
"../../../Engine/Content/Internationalization/icudt64l/region/he_IL.res" 1420
"../../../Engine/Content/Internationalization/icudt64l/region/he.res" 1421
"../../../Engine/Content/Internationalization/icudt64l/lang/hi.res" 1422
"../../../Engine/Content/Internationalization/icudt64l/region/hi.res" 1423
"../../../Engine/Content/Internationalization/icudt64l/lang/hr.res" 1424
"../../../Engine/Content/Internationalization/icudt64l/region/hr.res" 1425
"../../../Engine/Content/Internationalization/icudt64l/lang/hsb.res" 1426
"../../../Engine/Content/Internationalization/icudt64l/region/hsb.res" 1427
"../../../Engine/Content/Internationalization/icudt64l/lang/hu.res" 1428
"../../../Engine/Content/Internationalization/icudt64l/region/hu.res" 1429
"../../../Engine/Content/Internationalization/icudt64l/lang/hy.res" 1430
"../../../Engine/Content/Internationalization/icudt64l/region/hy.res" 1431
"../../../Engine/Content/Internationalization/icudt64l/lang/ia.res" 1432
"../../../Engine/Content/Internationalization/icudt64l/region/ia.res" 1433
"../../../Engine/Content/Internationalization/icudt64l/lang/id.res" 1434
"../../../Engine/Content/Internationalization/icudt64l/lang/id_ID.res" 1435
"../../../Engine/Content/Internationalization/icudt64l/region/id_ID.res" 1436
"../../../Engine/Content/Internationalization/icudt64l/region/id.res" 1437
"../../../Engine/Content/Internationalization/icudt64l/lang/ig.res" 1438
"../../../Engine/Content/Internationalization/icudt64l/region/ig.res" 1439
"../../../Engine/Content/Internationalization/icudt64l/lang/ii.res" 1440
"../../../Engine/Content/Internationalization/icudt64l/region/ii.res" 1441
"../../../Engine/Content/Internationalization/icudt64l/lang/is.res" 1442
"../../../Engine/Content/Internationalization/icudt64l/region/is.res" 1443
"../../../Engine/Content/Internationalization/icudt64l/lang/it.res" 1444
"../../../Engine/Content/Internationalization/icudt64l/region/it.res" 1445
"../../../Engine/Content/Internationalization/icudt64l/lang/ja.res" 1446
"../../../Engine/Content/Internationalization/icudt64l/lang/ja_JP.res" 1447
"../../../Engine/Content/Internationalization/icudt64l/region/ja_JP.res" 1448
"../../../Engine/Content/Internationalization/icudt64l/region/ja.res" 1449
"../../../Engine/Content/Internationalization/icudt64l/lang/jgo.res" 1450
"../../../Engine/Content/Internationalization/icudt64l/region/jgo.res" 1451
"../../../Engine/Content/Internationalization/icudt64l/lang/jmc.res" 1452
"../../../Engine/Content/Internationalization/icudt64l/region/jmc.res" 1453
"../../../Engine/Content/Internationalization/icudt64l/lang/jv.res" 1454
"../../../Engine/Content/Internationalization/icudt64l/region/jv.res" 1455
"../../../Engine/Content/Internationalization/icudt64l/lang/ka.res" 1456
"../../../Engine/Content/Internationalization/icudt64l/region/ka.res" 1457
"../../../Engine/Content/Internationalization/icudt64l/lang/kab.res" 1458
"../../../Engine/Content/Internationalization/icudt64l/region/kab.res" 1459
"../../../Engine/Content/Internationalization/icudt64l/lang/kam.res" 1460
"../../../Engine/Content/Internationalization/icudt64l/region/kam.res" 1461
"../../../Engine/Content/Internationalization/icudt64l/lang/kde.res" 1462
"../../../Engine/Content/Internationalization/icudt64l/region/kde.res" 1463
"../../../Engine/Content/Internationalization/icudt64l/lang/kea.res" 1464
"../../../Engine/Content/Internationalization/icudt64l/region/kea.res" 1465
"../../../Engine/Content/Internationalization/icudt64l/lang/khq.res" 1466
"../../../Engine/Content/Internationalization/icudt64l/region/khq.res" 1467
"../../../Engine/Content/Internationalization/icudt64l/lang/ki.res" 1468
"../../../Engine/Content/Internationalization/icudt64l/region/ki.res" 1469
"../../../Engine/Content/Internationalization/icudt64l/lang/kk.res" 1470
"../../../Engine/Content/Internationalization/icudt64l/region/kk.res" 1471
"../../../Engine/Content/Internationalization/icudt64l/lang/kkj.res" 1472
"../../../Engine/Content/Internationalization/icudt64l/region/kkj.res" 1473
"../../../Engine/Content/Internationalization/icudt64l/lang/kl.res" 1474
"../../../Engine/Content/Internationalization/icudt64l/region/kl.res" 1475
"../../../Engine/Content/Internationalization/icudt64l/lang/kln.res" 1476
"../../../Engine/Content/Internationalization/icudt64l/region/kln.res" 1477
"../../../Engine/Content/Internationalization/icudt64l/lang/km.res" 1478
"../../../Engine/Content/Internationalization/icudt64l/region/km.res" 1479
"../../../Engine/Content/Internationalization/icudt64l/lang/kn.res" 1480
"../../../Engine/Content/Internationalization/icudt64l/region/kn.res" 1481
"../../../Engine/Content/Internationalization/icudt64l/region/ko_KP.res" 1482
"../../../Engine/Content/Internationalization/icudt64l/lang/kok.res" 1483
"../../../Engine/Content/Internationalization/icudt64l/region/kok.res" 1484
"../../../Engine/Content/Internationalization/icudt64l/lang/ks.res" 1485
"../../../Engine/Content/Internationalization/icudt64l/region/ks.res" 1486
"../../../Engine/Content/Internationalization/icudt64l/lang/ksb.res" 1487
"../../../Engine/Content/Internationalization/icudt64l/region/ksb.res" 1488
"../../../Engine/Content/Internationalization/icudt64l/lang/ksf.res" 1489
"../../../Engine/Content/Internationalization/icudt64l/region/ksf.res" 1490
"../../../Engine/Content/Internationalization/icudt64l/lang/ksh.res" 1491
"../../../Engine/Content/Internationalization/icudt64l/region/ksh.res" 1492
"../../../Engine/Content/Internationalization/icudt64l/lang/ku.res" 1493
"../../../Engine/Content/Internationalization/icudt64l/region/ku.res" 1494
"../../../Engine/Content/Internationalization/icudt64l/lang/kw.res" 1495
"../../../Engine/Content/Internationalization/icudt64l/region/kw.res" 1496
"../../../Engine/Content/Internationalization/icudt64l/lang/ky.res" 1497
"../../../Engine/Content/Internationalization/icudt64l/region/ky.res" 1498
"../../../Engine/Content/Internationalization/icudt64l/lang/lag.res" 1499
"../../../Engine/Content/Internationalization/icudt64l/region/lag.res" 1500
"../../../Engine/Content/Internationalization/icudt64l/lang/lb.res" 1501
"../../../Engine/Content/Internationalization/icudt64l/region/lb.res" 1502
"../../../Engine/Content/Internationalization/icudt64l/lang/lg.res" 1503
"../../../Engine/Content/Internationalization/icudt64l/region/lg.res" 1504
"../../../Engine/Content/Internationalization/icudt64l/lang/lkt.res" 1505
"../../../Engine/Content/Internationalization/icudt64l/region/lkt.res" 1506
"../../../Engine/Content/Internationalization/icudt64l/lang/ln.res" 1507
"../../../Engine/Content/Internationalization/icudt64l/region/ln.res" 1508
"../../../Engine/Content/Internationalization/icudt64l/lang/lo.res" 1509
"../../../Engine/Content/Internationalization/icudt64l/region/lo.res" 1510
"../../../Engine/Content/Internationalization/icudt64l/lang/lrc.res" 1511
"../../../Engine/Content/Internationalization/icudt64l/region/lrc.res" 1512
"../../../Engine/Content/Internationalization/icudt64l/lang/lt.res" 1513
"../../../Engine/Content/Internationalization/icudt64l/region/lt.res" 1514
"../../../Engine/Content/Internationalization/icudt64l/lang/lu.res" 1515
"../../../Engine/Content/Internationalization/icudt64l/region/lu.res" 1516
"../../../Engine/Content/Internationalization/icudt64l/lang/luo.res" 1517
"../../../Engine/Content/Internationalization/icudt64l/region/luo.res" 1518
"../../../Engine/Content/Internationalization/icudt64l/lang/luy.res" 1519
"../../../Engine/Content/Internationalization/icudt64l/region/luy.res" 1520
"../../../Engine/Content/Internationalization/icudt64l/lang/lv.res" 1521
"../../../Engine/Content/Internationalization/icudt64l/region/lv.res" 1522
"../../../Engine/Content/Internationalization/icudt64l/lang/mas.res" 1523
"../../../Engine/Content/Internationalization/icudt64l/region/mas.res" 1524
"../../../Engine/Content/Internationalization/icudt64l/lang/mer.res" 1525
"../../../Engine/Content/Internationalization/icudt64l/region/mer.res" 1526
"../../../Engine/Content/Internationalization/icudt64l/lang/mfe.res" 1527
"../../../Engine/Content/Internationalization/icudt64l/region/mfe.res" 1528
"../../../Engine/Content/Internationalization/icudt64l/lang/mg.res" 1529
"../../../Engine/Content/Internationalization/icudt64l/region/mg.res" 1530
"../../../Engine/Content/Internationalization/icudt64l/lang/mgh.res" 1531
"../../../Engine/Content/Internationalization/icudt64l/region/mgh.res" 1532
"../../../Engine/Content/Internationalization/icudt64l/lang/mgo.res" 1533
"../../../Engine/Content/Internationalization/icudt64l/region/mgo.res" 1534
"../../../Engine/Content/Internationalization/icudt64l/lang/mi.res" 1535
"../../../Engine/Content/Internationalization/icudt64l/region/mi.res" 1536
"../../../Engine/Content/Internationalization/icudt64l/lang/mk.res" 1537
"../../../Engine/Content/Internationalization/icudt64l/region/mk.res" 1538
"../../../Engine/Content/Internationalization/icudt64l/lang/ml.res" 1539
"../../../Engine/Content/Internationalization/icudt64l/region/ml.res" 1540
"../../../Engine/Content/Internationalization/icudt64l/lang/mn.res" 1541
"../../../Engine/Content/Internationalization/icudt64l/region/mn.res" 1542
"../../../Engine/Content/Internationalization/icudt64l/lang/mr.res" 1543
"../../../Engine/Content/Internationalization/icudt64l/region/mr.res" 1544
"../../../Engine/Content/Internationalization/icudt64l/lang/ms.res" 1545
"../../../Engine/Content/Internationalization/icudt64l/region/ms.res" 1546
"../../../Engine/Content/Internationalization/icudt64l/lang/mt.res" 1547
"../../../Engine/Content/Internationalization/icudt64l/region/mt.res" 1548
"../../../Engine/Content/Internationalization/icudt64l/lang/mua.res" 1549
"../../../Engine/Content/Internationalization/icudt64l/region/mua.res" 1550
"../../../Engine/Content/Internationalization/icudt64l/lang/my.res" 1551
"../../../Engine/Content/Internationalization/icudt64l/region/my.res" 1552
"../../../Engine/Content/Internationalization/icudt64l/lang/mzn.res" 1553
"../../../Engine/Content/Internationalization/icudt64l/region/mzn.res" 1554
"../../../Engine/Content/Internationalization/icudt64l/lang/naq.res" 1555
"../../../Engine/Content/Internationalization/icudt64l/region/naq.res" 1556
"../../../Engine/Content/Internationalization/icudt64l/lang/nb.res" 1557
"../../../Engine/Content/Internationalization/icudt64l/lang/nb_NO.res" 1558
"../../../Engine/Content/Internationalization/icudt64l/region/nb_NO.res" 1559
"../../../Engine/Content/Internationalization/icudt64l/region/nb.res" 1560
"../../../Engine/Content/Internationalization/icudt64l/lang/nd.res" 1561
"../../../Engine/Content/Internationalization/icudt64l/region/nd.res" 1562
"../../../Engine/Content/Internationalization/icudt64l/lang/nds.res" 1563
"../../../Engine/Content/Internationalization/icudt64l/region/nds.res" 1564
"../../../Engine/Content/Internationalization/icudt64l/lang/ne.res" 1565
"../../../Engine/Content/Internationalization/icudt64l/region/ne.res" 1566
"../../../Engine/Content/Internationalization/icudt64l/lang/nl.res" 1567
"../../../Engine/Content/Internationalization/icudt64l/region/nl.res" 1568
"../../../Engine/Content/Internationalization/icudt64l/lang/nmg.res" 1569
"../../../Engine/Content/Internationalization/icudt64l/region/nmg.res" 1570
"../../../Engine/Content/Internationalization/icudt64l/lang/nn.res" 1571
"../../../Engine/Content/Internationalization/icudt64l/lang/nn_NO.res" 1572
"../../../Engine/Content/Internationalization/icudt64l/region/nn_NO.res" 1573
"../../../Engine/Content/Internationalization/icudt64l/region/nn.res" 1574
"../../../Engine/Content/Internationalization/icudt64l/lang/nnh.res" 1575
"../../../Engine/Content/Internationalization/icudt64l/region/nnh.res" 1576
"../../../Engine/Content/Internationalization/icudt64l/lang/nus.res" 1577
"../../../Engine/Content/Internationalization/icudt64l/region/nus.res" 1578
"../../../Engine/Content/Internationalization/icudt64l/lang/nyn.res" 1579
"../../../Engine/Content/Internationalization/icudt64l/region/nyn.res" 1580
"../../../Engine/Content/Internationalization/icudt64l/lang/om.res" 1581
"../../../Engine/Content/Internationalization/icudt64l/region/om.res" 1582
"../../../Engine/Content/Internationalization/icudt64l/lang/or.res" 1583
"../../../Engine/Content/Internationalization/icudt64l/region/or.res" 1584
"../../../Engine/Content/Internationalization/icudt64l/lang/os.res" 1585
"../../../Engine/Content/Internationalization/icudt64l/region/os.res" 1586
"../../../Engine/Content/Internationalization/icudt64l/lang/pa.res" 1587
"../../../Engine/Content/Internationalization/icudt64l/lang/pa_Arab.res" 1588
"../../../Engine/Content/Internationalization/icudt64l/lang/pa_PK.res" 1589
"../../../Engine/Content/Internationalization/icudt64l/lang/pa_Arab_PK.res" 1590
"../../../Engine/Content/Internationalization/icudt64l/region/pa_PK.res" 1591
"../../../Engine/Content/Internationalization/icudt64l/region/pa_Arab_PK.res" 1592
"../../../Engine/Content/Internationalization/icudt64l/region/pa_Arab.res" 1593
"../../../Engine/Content/Internationalization/icudt64l/lang/pa_Guru.res" 1594
"../../../Engine/Content/Internationalization/icudt64l/lang/pa_IN.res" 1595
"../../../Engine/Content/Internationalization/icudt64l/lang/pa_Guru_IN.res" 1596
"../../../Engine/Content/Internationalization/icudt64l/region/pa_IN.res" 1597
"../../../Engine/Content/Internationalization/icudt64l/region/pa_Guru_IN.res" 1598
"../../../Engine/Content/Internationalization/icudt64l/region/pa_Guru.res" 1599
"../../../Engine/Content/Internationalization/icudt64l/region/pa.res" 1600
"../../../Engine/Content/Internationalization/icudt64l/lang/pl.res" 1601
"../../../Engine/Content/Internationalization/icudt64l/region/pl.res" 1602
"../../../Engine/Content/Internationalization/icudt64l/lang/ps.res" 1603
"../../../Engine/Content/Internationalization/icudt64l/region/ps.res" 1604
"../../../Engine/Content/Internationalization/icudt64l/lang/ps_PK.res" 1605
"../../../Engine/Content/Internationalization/icudt64l/region/ps_PK.res" 1606
"../../../Engine/Content/Internationalization/icudt64l/lang/pt.res" 1607
"../../../Engine/Content/Internationalization/icudt64l/lang/pt_AO.res" 1608
"../../../Engine/Content/Internationalization/icudt64l/lang/pt_PT.res" 1609
"../../../Engine/Content/Internationalization/icudt64l/region/pt_AO.res" 1610
"../../../Engine/Content/Internationalization/icudt64l/region/pt_PT.res" 1611
"../../../Engine/Content/Internationalization/icudt64l/region/pt.res" 1612
"../../../Engine/Content/Internationalization/icudt64l/lang/pt_CH.res" 1613
"../../../Engine/Content/Internationalization/icudt64l/region/pt_CH.res" 1614
"../../../Engine/Content/Internationalization/icudt64l/lang/pt_CV.res" 1615
"../../../Engine/Content/Internationalization/icudt64l/region/pt_CV.res" 1616
"../../../Engine/Content/Internationalization/icudt64l/lang/pt_GQ.res" 1617
"../../../Engine/Content/Internationalization/icudt64l/region/pt_GQ.res" 1618
"../../../Engine/Content/Internationalization/icudt64l/lang/pt_GW.res" 1619
"../../../Engine/Content/Internationalization/icudt64l/region/pt_GW.res" 1620
"../../../Engine/Content/Internationalization/icudt64l/lang/pt_LU.res" 1621
"../../../Engine/Content/Internationalization/icudt64l/region/pt_LU.res" 1622
"../../../Engine/Content/Internationalization/icudt64l/lang/pt_MO.res" 1623
"../../../Engine/Content/Internationalization/icudt64l/region/pt_MO.res" 1624
"../../../Engine/Content/Internationalization/icudt64l/lang/pt_MZ.res" 1625
"../../../Engine/Content/Internationalization/icudt64l/region/pt_MZ.res" 1626
"../../../Engine/Content/Internationalization/icudt64l/lang/pt_ST.res" 1627
"../../../Engine/Content/Internationalization/icudt64l/region/pt_ST.res" 1628
"../../../Engine/Content/Internationalization/icudt64l/lang/pt_TL.res" 1629
"../../../Engine/Content/Internationalization/icudt64l/region/pt_TL.res" 1630
"../../../Engine/Content/Internationalization/icudt64l/lang/qu.res" 1631
"../../../Engine/Content/Internationalization/icudt64l/region/qu.res" 1632
"../../../Engine/Content/Internationalization/icudt64l/lang/rm.res" 1633
"../../../Engine/Content/Internationalization/icudt64l/region/rm.res" 1634
"../../../Engine/Content/Internationalization/icudt64l/lang/rn.res" 1635
"../../../Engine/Content/Internationalization/icudt64l/region/rn.res" 1636
"../../../Engine/Content/Internationalization/icudt64l/lang/ro.res" 1637
"../../../Engine/Content/Internationalization/icudt64l/lang/ro_MD.res" 1638
"../../../Engine/Content/Internationalization/icudt64l/region/ro_MD.res" 1639
"../../../Engine/Content/Internationalization/icudt64l/region/ro.res" 1640
"../../../Engine/Content/Internationalization/icudt64l/lang/rof.res" 1641
"../../../Engine/Content/Internationalization/icudt64l/region/rof.res" 1642
"../../../Engine/Content/Internationalization/icudt64l/lang/ru.res" 1643
"../../../Engine/Content/Internationalization/icudt64l/region/ru.res" 1644
"../../../Engine/Content/Internationalization/icudt64l/region/ru_UA.res" 1645
"../../../Engine/Content/Internationalization/icudt64l/lang/rw.res" 1646
"../../../Engine/Content/Internationalization/icudt64l/region/rw.res" 1647
"../../../Engine/Content/Internationalization/icudt64l/lang/rwk.res" 1648
"../../../Engine/Content/Internationalization/icudt64l/region/rwk.res" 1649
"../../../Engine/Content/Internationalization/icudt64l/lang/sah.res" 1650
"../../../Engine/Content/Internationalization/icudt64l/region/sah.res" 1651
"../../../Engine/Content/Internationalization/icudt64l/lang/saq.res" 1652
"../../../Engine/Content/Internationalization/icudt64l/region/saq.res" 1653
"../../../Engine/Content/Internationalization/icudt64l/lang/sbp.res" 1654
"../../../Engine/Content/Internationalization/icudt64l/region/sbp.res" 1655
"../../../Engine/Content/Internationalization/icudt64l/lang/sd.res" 1656
"../../../Engine/Content/Internationalization/icudt64l/region/sd.res" 1657
"../../../Engine/Content/Internationalization/icudt64l/lang/se.res" 1658
"../../../Engine/Content/Internationalization/icudt64l/lang/se_FI.res" 1659
"../../../Engine/Content/Internationalization/icudt64l/region/se_FI.res" 1660
"../../../Engine/Content/Internationalization/icudt64l/region/se.res" 1661
"../../../Engine/Content/Internationalization/icudt64l/lang/seh.res" 1662
"../../../Engine/Content/Internationalization/icudt64l/region/seh.res" 1663
"../../../Engine/Content/Internationalization/icudt64l/lang/ses.res" 1664
"../../../Engine/Content/Internationalization/icudt64l/region/ses.res" 1665
"../../../Engine/Content/Internationalization/icudt64l/lang/sg.res" 1666
"../../../Engine/Content/Internationalization/icudt64l/region/sg.res" 1667
"../../../Engine/Content/Internationalization/icudt64l/lang/shi.res" 1668
"../../../Engine/Content/Internationalization/icudt64l/lang/shi_Latn.res" 1669
"../../../Engine/Content/Internationalization/icudt64l/lang/shi_MA.res" 1670
"../../../Engine/Content/Internationalization/icudt64l/lang/shi_Tfng_MA.res" 1671
"../../../Engine/Content/Internationalization/icudt64l/lang/shi_Tfng.res" 1672
"../../../Engine/Content/Internationalization/icudt64l/region/shi_MA.res" 1673
"../../../Engine/Content/Internationalization/icudt64l/region/shi_Tfng_MA.res" 1674
"../../../Engine/Content/Internationalization/icudt64l/region/shi_Tfng.res" 1675
"../../../Engine/Content/Internationalization/icudt64l/region/shi.res" 1676
"../../../Engine/Content/Internationalization/icudt64l/region/shi_Latn.res" 1677
"../../../Engine/Content/Internationalization/icudt64l/lang/si.res" 1678
"../../../Engine/Content/Internationalization/icudt64l/region/si.res" 1679
"../../../Engine/Content/Internationalization/icudt64l/lang/sk.res" 1680
"../../../Engine/Content/Internationalization/icudt64l/region/sk.res" 1681
"../../../Engine/Content/Internationalization/icudt64l/lang/sl.res" 1682
"../../../Engine/Content/Internationalization/icudt64l/region/sl.res" 1683
"../../../Engine/Content/Internationalization/icudt64l/lang/smn.res" 1684
"../../../Engine/Content/Internationalization/icudt64l/region/smn.res" 1685
"../../../Engine/Content/Internationalization/icudt64l/lang/sn.res" 1686
"../../../Engine/Content/Internationalization/icudt64l/region/sn.res" 1687
"../../../Engine/Content/Internationalization/icudt64l/lang/so.res" 1688
"../../../Engine/Content/Internationalization/icudt64l/region/so.res" 1689
"../../../Engine/Content/Internationalization/icudt64l/lang/sq.res" 1690
"../../../Engine/Content/Internationalization/icudt64l/region/sq.res" 1691
"../../../Engine/Content/Internationalization/icudt64l/lang/sr.res" 1692
"../../../Engine/Content/Internationalization/icudt64l/lang/sr_Cyrl.res" 1693
"../../../Engine/Content/Internationalization/icudt64l/lang/sr_BA.res" 1694
"../../../Engine/Content/Internationalization/icudt64l/lang/sr_Cyrl_BA.res" 1695
"../../../Engine/Content/Internationalization/icudt64l/region/sr_BA.res" 1696
"../../../Engine/Content/Internationalization/icudt64l/region/sr_Cyrl_BA.res" 1697
"../../../Engine/Content/Internationalization/icudt64l/region/sr_Cyrl.res" 1698
"../../../Engine/Content/Internationalization/icudt64l/region/sr.res" 1699
"../../../Engine/Content/Internationalization/icudt64l/lang/sr_ME.res" 1700
"../../../Engine/Content/Internationalization/icudt64l/lang/sr_Latn_ME.res" 1701
"../../../Engine/Content/Internationalization/icudt64l/lang/sr_Latn.res" 1702
"../../../Engine/Content/Internationalization/icudt64l/region/sr_ME.res" 1703
"../../../Engine/Content/Internationalization/icudt64l/region/sr_Latn_ME.res" 1704
"../../../Engine/Content/Internationalization/icudt64l/region/sr_Latn.res" 1705
"../../../Engine/Content/Internationalization/icudt64l/lang/sr_Cyrl_ME.res" 1706
"../../../Engine/Content/Internationalization/icudt64l/region/sr_Cyrl_ME.res" 1707
"../../../Engine/Content/Internationalization/icudt64l/lang/sr_RS.res" 1708
"../../../Engine/Content/Internationalization/icudt64l/lang/sr_Cyrl_RS.res" 1709
"../../../Engine/Content/Internationalization/icudt64l/region/sr_RS.res" 1710
"../../../Engine/Content/Internationalization/icudt64l/region/sr_Cyrl_RS.res" 1711
"../../../Engine/Content/Internationalization/icudt64l/lang/sr_XK.res" 1712
"../../../Engine/Content/Internationalization/icudt64l/lang/sr_Cyrl_XK.res" 1713
"../../../Engine/Content/Internationalization/icudt64l/region/sr_XK.res" 1714
"../../../Engine/Content/Internationalization/icudt64l/region/sr_Cyrl_XK.res" 1715
"../../../Engine/Content/Internationalization/icudt64l/lang/sr_Latn_BA.res" 1716
"../../../Engine/Content/Internationalization/icudt64l/region/sr_Latn_BA.res" 1717
"../../../Engine/Content/Internationalization/icudt64l/lang/sr_Latn_RS.res" 1718
"../../../Engine/Content/Internationalization/icudt64l/region/sr_Latn_RS.res" 1719
"../../../Engine/Content/Internationalization/icudt64l/lang/sr_Latn_XK.res" 1720
"../../../Engine/Content/Internationalization/icudt64l/region/sr_Latn_XK.res" 1721
"../../../Engine/Content/Internationalization/icudt64l/lang/sv.res" 1722
"../../../Engine/Content/Internationalization/icudt64l/region/sv.res" 1723
"../../../Engine/Content/Internationalization/icudt64l/lang/sv_FI.res" 1724
"../../../Engine/Content/Internationalization/icudt64l/lang/sw.res" 1725
"../../../Engine/Content/Internationalization/icudt64l/lang/sw_CD.res" 1726
"../../../Engine/Content/Internationalization/icudt64l/region/sw_CD.res" 1727
"../../../Engine/Content/Internationalization/icudt64l/region/sw.res" 1728
"../../../Engine/Content/Internationalization/icudt64l/lang/sw_KE.res" 1729
"../../../Engine/Content/Internationalization/icudt64l/region/sw_KE.res" 1730
"../../../Engine/Content/Internationalization/icudt64l/lang/ta.res" 1731
"../../../Engine/Content/Internationalization/icudt64l/region/ta.res" 1732
"../../../Engine/Content/Internationalization/icudt64l/lang/te.res" 1733
"../../../Engine/Content/Internationalization/icudt64l/region/te.res" 1734
"../../../Engine/Content/Internationalization/icudt64l/lang/teo.res" 1735
"../../../Engine/Content/Internationalization/icudt64l/region/teo.res" 1736
"../../../Engine/Content/Internationalization/icudt64l/lang/tg.res" 1737
"../../../Engine/Content/Internationalization/icudt64l/region/tg.res" 1738
"../../../Engine/Content/Internationalization/icudt64l/lang/th.res" 1739
"../../../Engine/Content/Internationalization/icudt64l/lang/th_TH.res" 1740
"../../../Engine/Content/Internationalization/icudt64l/region/th_TH.res" 1741
"../../../Engine/Content/Internationalization/icudt64l/region/th.res" 1742
"../../../Engine/Content/Internationalization/icudt64l/lang/ti.res" 1743
"../../../Engine/Content/Internationalization/icudt64l/region/ti.res" 1744
"../../../Engine/Content/Internationalization/icudt64l/lang/tk.res" 1745
"../../../Engine/Content/Internationalization/icudt64l/region/tk.res" 1746
"../../../Engine/Content/Internationalization/icudt64l/lang/to.res" 1747
"../../../Engine/Content/Internationalization/icudt64l/region/to.res" 1748
"../../../Engine/Content/Internationalization/icudt64l/lang/tr.res" 1749
"../../../Engine/Content/Internationalization/icudt64l/region/tr.res" 1750
"../../../Engine/Content/Internationalization/icudt64l/lang/tt.res" 1751
"../../../Engine/Content/Internationalization/icudt64l/region/tt.res" 1752
"../../../Engine/Content/Internationalization/icudt64l/lang/twq.res" 1753
"../../../Engine/Content/Internationalization/icudt64l/region/twq.res" 1754
"../../../Engine/Content/Internationalization/icudt64l/lang/tzm.res" 1755
"../../../Engine/Content/Internationalization/icudt64l/region/tzm.res" 1756
"../../../Engine/Content/Internationalization/icudt64l/lang/ug.res" 1757
"../../../Engine/Content/Internationalization/icudt64l/region/ug.res" 1758
"../../../Engine/Content/Internationalization/icudt64l/lang/uk.res" 1759
"../../../Engine/Content/Internationalization/icudt64l/region/uk.res" 1760
"../../../Engine/Content/Internationalization/icudt64l/lang/ur.res" 1761
"../../../Engine/Content/Internationalization/icudt64l/lang/ur_IN.res" 1762
"../../../Engine/Content/Internationalization/icudt64l/region/ur_IN.res" 1763
"../../../Engine/Content/Internationalization/icudt64l/region/ur.res" 1764
"../../../Engine/Content/Internationalization/icudt64l/lang/uz.res" 1765
"../../../Engine/Content/Internationalization/icudt64l/lang/uz_Arab.res" 1766
"../../../Engine/Content/Internationalization/icudt64l/lang/uz_AF.res" 1767
"../../../Engine/Content/Internationalization/icudt64l/lang/uz_Arab_AF.res" 1768
"../../../Engine/Content/Internationalization/icudt64l/region/uz_AF.res" 1769
"../../../Engine/Content/Internationalization/icudt64l/region/uz_Arab_AF.res" 1770
"../../../Engine/Content/Internationalization/icudt64l/region/uz_Arab.res" 1771
"../../../Engine/Content/Internationalization/icudt64l/lang/uz_Cyrl.res" 1772
"../../../Engine/Content/Internationalization/icudt64l/lang/uz_UZ.res" 1773
"../../../Engine/Content/Internationalization/icudt64l/lang/uz_Latn_UZ.res" 1774
"../../../Engine/Content/Internationalization/icudt64l/lang/uz_Latn.res" 1775
"../../../Engine/Content/Internationalization/icudt64l/region/uz_UZ.res" 1776
"../../../Engine/Content/Internationalization/icudt64l/region/uz_Latn_UZ.res" 1777
"../../../Engine/Content/Internationalization/icudt64l/region/uz_Latn.res" 1778
"../../../Engine/Content/Internationalization/icudt64l/region/uz.res" 1779
"../../../Engine/Content/Internationalization/icudt64l/region/uz_Cyrl.res" 1780
"../../../Engine/Content/Internationalization/icudt64l/lang/vai.res" 1781
"../../../Engine/Content/Internationalization/icudt64l/lang/vai_Latn.res" 1782
"../../../Engine/Content/Internationalization/icudt64l/lang/vai_LR.res" 1783
"../../../Engine/Content/Internationalization/icudt64l/lang/vai_Vaii_LR.res" 1784
"../../../Engine/Content/Internationalization/icudt64l/lang/vai_Vaii.res" 1785
"../../../Engine/Content/Internationalization/icudt64l/region/vai_LR.res" 1786
"../../../Engine/Content/Internationalization/icudt64l/region/vai_Vaii_LR.res" 1787
"../../../Engine/Content/Internationalization/icudt64l/region/vai_Vaii.res" 1788
"../../../Engine/Content/Internationalization/icudt64l/region/vai.res" 1789
"../../../Engine/Content/Internationalization/icudt64l/region/vai_Latn.res" 1790
"../../../Engine/Content/Internationalization/icudt64l/lang/vi.res" 1791
"../../../Engine/Content/Internationalization/icudt64l/region/vi.res" 1792
"../../../Engine/Content/Internationalization/icudt64l/lang/vun.res" 1793
"../../../Engine/Content/Internationalization/icudt64l/region/vun.res" 1794
"../../../Engine/Content/Internationalization/icudt64l/lang/wae.res" 1795
"../../../Engine/Content/Internationalization/icudt64l/region/wae.res" 1796
"../../../Engine/Content/Internationalization/icudt64l/lang/wo.res" 1797
"../../../Engine/Content/Internationalization/icudt64l/region/wo.res" 1798
"../../../Engine/Content/Internationalization/icudt64l/lang/xh.res" 1799
"../../../Engine/Content/Internationalization/icudt64l/region/xh.res" 1800
"../../../Engine/Content/Internationalization/icudt64l/lang/xog.res" 1801
"../../../Engine/Content/Internationalization/icudt64l/region/xog.res" 1802
"../../../Engine/Content/Internationalization/icudt64l/lang/yav.res" 1803
"../../../Engine/Content/Internationalization/icudt64l/region/yav.res" 1804
"../../../Engine/Content/Internationalization/icudt64l/lang/yi.res" 1805
"../../../Engine/Content/Internationalization/icudt64l/region/yi.res" 1806
"../../../Engine/Content/Internationalization/icudt64l/lang/yo.res" 1807
"../../../Engine/Content/Internationalization/icudt64l/lang/yo_BJ.res" 1808
"../../../Engine/Content/Internationalization/icudt64l/region/yo_BJ.res" 1809
"../../../Engine/Content/Internationalization/icudt64l/region/yo.res" 1810
"../../../Engine/Content/Internationalization/icudt64l/lang/yue.res" 1811
"../../../Engine/Content/Internationalization/icudt64l/lang/yue_Hans.res" 1812
"../../../Engine/Content/Internationalization/icudt64l/lang/yue_CN.res" 1813
"../../../Engine/Content/Internationalization/icudt64l/lang/yue_Hans_CN.res" 1814
"../../../Engine/Content/Internationalization/icudt64l/region/yue_CN.res" 1815
"../../../Engine/Content/Internationalization/icudt64l/region/yue_Hans_CN.res" 1816
"../../../Engine/Content/Internationalization/icudt64l/region/yue_Hans.res" 1817
"../../../Engine/Content/Internationalization/icudt64l/lang/yue_Hant.res" 1818
"../../../Engine/Content/Internationalization/icudt64l/lang/yue_HK.res" 1819
"../../../Engine/Content/Internationalization/icudt64l/lang/yue_Hant_HK.res" 1820
"../../../Engine/Content/Internationalization/icudt64l/region/yue_HK.res" 1821
"../../../Engine/Content/Internationalization/icudt64l/region/yue_Hant_HK.res" 1822
"../../../Engine/Content/Internationalization/icudt64l/region/yue_Hant.res" 1823
"../../../Engine/Content/Internationalization/icudt64l/region/yue.res" 1824
"../../../Engine/Content/Internationalization/icudt64l/lang/zgh.res" 1825
"../../../Engine/Content/Internationalization/icudt64l/region/zgh.res" 1826
"../../../Engine/Content/Internationalization/icudt64l/lang/zh.res" 1827
"../../../Engine/Content/Internationalization/icudt64l/lang/zh_Hans.res" 1828
"../../../Engine/Content/Internationalization/icudt64l/lang/zh_CN.res" 1829
"../../../Engine/Content/Internationalization/icudt64l/lang/zh_Hans_CN.res" 1830
"../../../Engine/Content/Internationalization/icudt64l/region/zh_CN.res" 1831
"../../../Engine/Content/Internationalization/icudt64l/region/zh_Hans_CN.res" 1832
"../../../Engine/Content/Internationalization/icudt64l/region/zh_Hans.res" 1833
"../../../Engine/Content/Internationalization/icudt64l/region/zh.res" 1834
"../../../Engine/Content/Internationalization/icudt64l/lang/zh_HK.res" 1835
"../../../Engine/Content/Internationalization/icudt64l/lang/zh_Hant_HK.res" 1836
"../../../Engine/Content/Internationalization/icudt64l/lang/zh_Hant.res" 1837
"../../../Engine/Content/Internationalization/icudt64l/region/zh_HK.res" 1838
"../../../Engine/Content/Internationalization/icudt64l/region/zh_Hant_HK.res" 1839
"../../../Engine/Content/Internationalization/icudt64l/region/zh_Hant.res" 1840
"../../../Engine/Content/Internationalization/icudt64l/lang/zh_MO.res" 1841
"../../../Engine/Content/Internationalization/icudt64l/lang/zh_Hant_MO.res" 1842
"../../../Engine/Content/Internationalization/icudt64l/region/zh_MO.res" 1843
"../../../Engine/Content/Internationalization/icudt64l/region/zh_Hant_MO.res" 1844
"../../../Engine/Content/Internationalization/icudt64l/lang/zh_SG.res" 1845
"../../../Engine/Content/Internationalization/icudt64l/lang/zh_Hans_SG.res" 1846
"../../../Engine/Content/Internationalization/icudt64l/region/zh_SG.res" 1847
"../../../Engine/Content/Internationalization/icudt64l/region/zh_Hans_SG.res" 1848
"../../../Engine/Content/Internationalization/icudt64l/lang/zh_TW.res" 1849
"../../../Engine/Content/Internationalization/icudt64l/lang/zh_Hant_TW.res" 1850
"../../../Engine/Content/Internationalization/icudt64l/region/zh_TW.res" 1851
"../../../Engine/Content/Internationalization/icudt64l/region/zh_Hant_TW.res" 1852
"../../../Engine/Content/Internationalization/icudt64l/lang/zu.res" 1853
"../../../Engine/Content/Internationalization/icudt64l/region/zu.res" 1854
"../../../Engine/Content/Internationalization/icudt64l/lang/no.res" 1855
"../../../Engine/Content/Internationalization/icudt64l/lang/tl.res" 1856
"../../../Engine/Config/Android/DataDrivenPlatformInfo.ini" 1857
"../../../Engine/Config/IOS/DataDrivenPlatformInfo.ini" 1858
"../../../Engine/Config/Linux/DataDrivenPlatformInfo.ini" 1859
"../../../Engine/Config/LinuxArm64/DataDrivenPlatformInfo.ini" 1860
"../../../Engine/Config/Mac/DataDrivenPlatformInfo.ini" 1861
"../../../Engine/Config/TVOS/DataDrivenPlatformInfo.ini" 1862
"../../../Engine/Config/Unix/DataDrivenPlatformInfo.ini" 1863
"../../../Engine/Config/VulkanPC/DataDrivenPlatformInfo.ini" 1864
"../../../Engine/Config/Windows/DataDrivenPlatformInfo.ini" 1865
"../../../Engine/Platforms/VisionOS/Config/DataDrivenPlatformInfo.ini" 1866
"../../../Engine/Content/Renderer/TessellationTable.bin" 1867
"../../../Engine/DerivedDataCache/Compressed.ddp" 1868
"C:/Users/B-05/AppData/Local/UnrealEngine/5.5/Saved/Zen/zen.version" 1869
"C:/Users/B-05/AppData/Local/UnrealEngine/Common/Zen/Install/zen.version" 1870
"C:/Users/B-05/AppData/Local/UnrealEngine/Common/Zen/Install/zenserver.runcontext" 1871
"C:/Users/B-05/AppData/Local/UnrealEngine/Common/DerivedDataCache/TestData/0/TestData_4kb.dat" 1872
"C:/Users/B-05/AppData/Local/UnrealEngine/Common/DerivedDataCache/TestData/1/TestData_4kb.dat" 1873
"C:/Users/B-05/AppData/Local/UnrealEngine/Common/DerivedDataCache/TestData/0/TestData_8kb.dat" 1874
"C:/Users/B-05/AppData/Local/UnrealEngine/Common/DerivedDataCache/TestData/1/TestData_8kb.dat" 1875
"C:/Users/B-05/AppData/Local/UnrealEngine/Common/DerivedDataCache/TestData/0/TestData_16kb.dat" 1876
"C:/Users/B-05/AppData/Local/UnrealEngine/Common/DerivedDataCache/TestData/1/TestData_16kb.dat" 1877
"C:/Users/B-05/AppData/Local/UnrealEngine/Common/DerivedDataCache/TestData/0/TestData_64kb.dat" 1878
"C:/Users/B-05/AppData/Local/UnrealEngine/Common/DerivedDataCache/TestData/1/TestData_64kb.dat" 1879
"C:/Users/B-05/AppData/Local/UnrealEngine/Common/DerivedDataCache/TestData/0/TestData_128kb.dat" 1880
"C:/Users/B-05/AppData/Local/UnrealEngine/Common/DerivedDataCache/TestData/1/TestData_128kb.dat" 1881
"C:/Users/B-05/AppData/Local/UnrealEngine/Common/DerivedDataCache/TestData/0/TestData_256kb.dat" 1882
"C:/Users/B-05/AppData/Local/UnrealEngine/Common/DerivedDataCache/TestData/1/TestData_256kb.dat" 1883
"../../../../../../Project-KJh/project-ARPGHunter/Intermediate/ShaderAutogen/PCD3D_SM6/AutogenShaderHeaders.ush" 1884
"../../../Engine/Shaders/Private/HairStrands/HairStrandsVertexFactory.ush" 1885
"../../../Engine/Shaders/Private/VertexFactoryCommon.ush" 1886
"../../../Engine/Shaders/Private/Common.ush" 1887
"../../../Engine/Shaders/Public/Platform.ush" 1888
"../../../Engine/Shaders/Public/FP16Math.ush" 1889
"../../../Engine/Shaders/Public/Platform/D3D/D3DCommon.ush" 1890
"../../../Engine/Shaders/Shared/HLSLReservedSpaces.h" 1891
"../../../Engine/Shaders/Shared/RayTracingBuiltInResources.h" 1892
"../../../Engine/Shaders/Shared/RayTracingDefinitions.h" 1893
"../../../Engine/Shaders/Public/BindlessResources.ush" 1894
"../../../Engine/Shaders/Public/OverloadMacros.ush" 1895
"../../../Engine/Shaders/Public/ShaderVersion.ush" 1896
"../../../Engine/Shaders/Private/PackUnpack.ush" 1897
"../../../Engine/Shaders/Private/GeneratedUniformBufferTypes.ush" 1898
"../../../Engine/Shaders/Private/Nanite/NanitePackedNaniteView.ush" 1899
"../../../Engine/Shaders/Private/HairStrands/HairStrandsVisibilityCommonStruct.ush" 1900
"../../../Engine/Shaders/Private/HairStrands/HairStrandsVoxelPageCommonStruct.ush" 1901
"../../../Engine/Shaders/Private/HairStrands/HairStrandsDeepShadowCommonStruct.ush" 1902
"../../../Engine/Shaders/Shared/LightSceneData.h" 1903
"../../../Engine/Shaders/Shared/HLSLTypeAliases.h" 1904
"../../../Engine/Shaders/Private/LargeWorldCoordinates.ush" 1905
"../../../Engine/Shaders/Private/DoubleFloat.ush" 1906
"../../../Engine/Shaders/Private/RandomPCG.ush" 1907
"../../../Engine/Shaders/Private/DoubleFloatOperations.ush" 1908
"../../../Engine/Shaders/Private/DoubleFloatVectorDefinition.ush" 1909
"../../../Engine/Shaders/Private/LWCOperations.ush" 1910
"../../../Engine/Shaders/Shared/RayTracingTypes.h" 1911
"../../../Engine/Shaders/Shared/HLSLStaticAssert.h" 1912
"../../../Engine/Shaders/Private/CommonViewUniformBuffer.ush" 1913
"../../../Engine/Shaders/Private/InstancedStereo.ush" 1914
"../../../Engine/Shaders/Private/Definitions.usf" 1915
"../../../Engine/Shaders/Private/AssertionMacros.ush" 1916
"../../../Engine/Shaders/Private/FastMath.ush" 1917
"../../../Engine/Shaders/Private/FastMathThirdParty.ush" 1918
"../../../Engine/Shaders/Private/Random.ush" 1919
"../../../Engine/Shaders/Private/RandomInterleavedGradientNoise.ush" 1920
"../../../Engine/Shaders/Private/SceneData.ush" 1921
"../../../Engine/Shaders/Private/OctahedralCommon.ush" 1922
"../../../Engine/Shaders/Private/WaveOpUtil.ush" 1923
"../../../Engine/Shaders/Shared/SceneDefinitions.h" 1924
"../../../Engine/Shaders/Private/SceneDataMobileLoader.ush" 1925
"../../../Engine/Shaders/Private/LocalVertexFactoryCommon.ush" 1926
"../../../Engine/Shaders/Private/HairStrands/HairStrandsVisibilityCommon.ush" 1927
"../../../Engine/Shaders/Shared/HairStrandsDefinitions.h" 1928
"../../../Engine/Shaders/Private/HairStrands/HairStrandsVertexFactoryCommon.ush" 1929
"../../../Engine/Shaders/Private/HairStrands/HairStrandsPack.ush" 1930
"../../../Engine/Shaders/Private/HairStrands/HairStrandsAttributeCommon.ush" 1931
"../../../Engine/Shaders/Private/HairStrands/HairStrandsAttributeTemplate.ush" 1932
"../../../Engine/Shaders/Private/VertexFactoryDefaultInterface.ush" 1933
"../../../Engine/Shaders/Private/HairStrands/HairCardsVertexFactory.ush" 1934
"../../../Engine/Shaders/Private/HairStrands/HairCardsAttributeCommon.ush" 1935
"../../../Engine/Shaders/Private/RayTracing/RayTracingCommon.ush" 1936
"../../../Engine/Shaders/Private/ShadingCommon.ush" 1937
"../../../Engine/Shaders/Shared/RayTracingPayloadType.h" 1938
"../../../Engine/Shaders/Private/RayTracing/RayTracingRayCone.ush" 1939
"../../../Engine/Shaders/Private/Substrate/Substrate.ush" 1940
"../../../Engine/Shaders/Private/ShadingEnergyConservation.ush" 1941
"../../../Engine/Shaders/Private/ShadingEnergyConservationTemplate.ush" 1942
"../../../Engine/Shaders/Private/BRDF.ush" 1943
"../../../Engine/Shaders/Private/ColorSpace.ush" 1944
"../../../Engine/Shaders/Private/DeferredShadingCommon.ush" 1945
"../../../Engine/Shaders/Private/LightAccumulator.ush" 1946
"../../../Engine/Shaders/Private/SceneTexturesCommon.ush" 1947
"../../../Engine/Shaders/Private/MonteCarlo.ush" 1948
"../../../Engine/Shaders/Private/GBufferHelpers.ush" 1949
"../../../Engine/Shaders/Private/SceneTextureParameters.ush" 1950
"C:/Project-KJh/project-ARPGHunter/Intermediate/ShaderAutogen/PCD3D_SM6/AutogenShaderHeaders.ush" 1951
"../../../Engine/Shaders/Private/ParticipatingMediaCommon.ush" 1952
"../../../Engine/Shaders/Private/ThinFilmBSDF.ush" 1953
"../../../Engine/Shaders/Private/MortonCode.ush" 1954
"../../../Engine/Shaders/Private/SubsurfaceProfileCommon.ush" 1955
"../../../Engine/Shaders/Private/BurleyNormalizedSSSCommon.ush" 1956
"../../../Engine/Shaders/Private/GammaCorrectionCommon.ush" 1957
"../../../Engine/Shaders/Shared/SubstrateDefinitions.h" 1958
"../../../Engine/Shaders/Private/Substrate/SubstrateStatisticalOperators.ush" 1959
"../../../Engine/Shaders/Private/Substrate/SubstrateSubsurface.ush" 1960
"../../../Engine/Shaders/Private/TransmissionCommon.ush" 1961
"../../../Engine/Shaders/Private/SpecularProfileCommon.ush" 1962
"../../../Engine/Shaders/Private/RayTracing/RayTracingCommonMetal.ush" 1963
"../../../Engine/Shaders/Private/PositionReconstructionCommon.ush" 1964
"../../../Engine/Shaders/Private/RayTracing/TraceRayInline.ush" 1965
"../../../Engine/Shaders/Private/RayTracing/TraceRayInlineCommon.ush" 1966
"../../../Engine/Shaders/Private/RayTracing/TraceRayInlineVulkan.ush" 1967
"../../../Engine/Shaders/Private/RayTracing/TraceRayInlineMetal.ush" 1968
"../../../Engine/Shaders/Private/RayTracing/RayTracingHitGroupCommon.ush" 1969
"../../../Engine/Shaders/Private/Nanite/NaniteDataDecode.ush" 1970
"../../../Engine/Shaders/Private/BitPacking.ush" 1971
"../../../Engine/Shaders/Private/BitStreamReaderImplementation.ush" 1972
"../../../Engine/Shaders/Private/BoneTransform.ush" 1973
"../../../Engine/Shaders/Private/Quaternion.ush" 1974
"../../../Engine/Shaders/Shared/NaniteDefinitions.h" 1975
"../../../Engine/Shaders/Private/Nanite/NaniteAttributeDecode.ush" 1976
"../../../Engine/Shaders/Private/Barycentrics.ush" 1977
"../../../Engine/Shaders/Private/DualNumber.ush" 1978
"../../../Engine/Plugins/FX/Niagara/Shaders/Private/NiagaraSpriteVertexFactory.ush" 1979
"../../../Engine/Shaders/Private/ParticleVertexFactoryCommon.ush" 1980
"../../../Engine/Plugins/FX/Niagara/Shaders/Private/NiagaraVFCommon.usf" 1981
"../../../Engine/Plugins/FX/Niagara/Shaders/Private/NiagaraVFParticleAccess.usf" 1982
"../../../Engine/Plugins/FX/Niagara/Shaders/Private/NiagaraParticleAccess.ush" 1983
"../../../Engine/Plugins/FX/Niagara/Shaders/Private/NiagaraRibbonVertexFactory.ush" 1984
"../../../Engine/Plugins/FX/Niagara/Shaders/Private/NiagaraMeshVertexFactory.ush" 1985
"../../../Engine/Plugins/FX/Niagara/Shaders/Private/NiagaraCommon.ush" 1986
"../../../Engine/Plugins/FX/Niagara/Shaders/Private/NiagaraMeshParticleUtils.ush" 1987
"../../../Engine/Shaders/Private/VectorFieldVisualizationVertexFactory.ush" 1988
"../../../Engine/Shaders/Private/Nanite/NaniteVertexFactory.ush" 1989
"../../../Engine/Shaders/Private/LightmapData.ush" 1990
"../../../Engine/Shaders/Private/SplineMeshCommon.ush" 1991
"../../../Engine/Shaders/Shared/SplineMeshShaderParams.h" 1992
"../../../Engine/Shaders/Private/ShaderPrint.ush" 1993
"../../../Engine/Shaders/Private/ShaderPrintCommon.ush" 1994
"../../../Engine/Shaders/Private/MiniFontCommon.ush" 1995
"../../../Engine/Shaders/Private/Nanite/NaniteSceneCommon.ush" 1996
"../../../Engine/Shaders/Private/Nanite/NaniteVertexDeformation.ush" 1997
"../../../Engine/Shaders/Private/ParticleSpriteVertexFactory.ush" 1998
"../../../Engine/Shaders/Private/ParticleGPUSpriteVertexFactory.ush" 1999
"../../../Engine/Shaders/Private/ParticleSimulationCommon.ush" 2000
"../../../Engine/Shaders/Private/ParticleBeamTrailVertexFactory.ush" 2001
"../../../Engine/Shaders/Private/MeshParticleVertexFactory.ush" 2002
"../../../Engine/Shaders/Private/LocalVertexFactory.ush" 2003
"../../../Engine/Shaders/Private/GpuSkinCommon.ush" 2004
"../../../Engine/Shaders/Private/GpuSkinVertexFactory.ush" 2005
"../../../Engine/Shaders/Private/GeometryCollectionVertexFactory.ush" 2006
"../../../Engine/Shaders/Private/GeometryCacheVertexFactory.ush" 2007
"../../../Engine/Shaders/Private/LandscapeVertexFactory.ush" 2008
"../../../Engine/Plugins/Experimental/Compositing/HoldoutComposite/Shaders/Private/HoldoutCompositeFinal.usf" 2009
"../../../Engine/Shaders/Private/ScreenPass.ush" 2010
"../../../Engine/Shaders/Private/LensDistortion.ush" 2011
"../../../Engine/Plugins/Experimental/Compositing/HoldoutComposite/Shaders/Private/HoldoutCompositeSSRInput.usf" 2012
"../../../Engine/Plugins/Experimental/Compositing/HoldoutComposite/Shaders/Private/HoldoutCompositeDilate.usf" 2013
"../../../Engine/Plugins/Experimental/NFORDenoise/Shaders/NFORDenoise.usf" 2014
"../../../Engine/Plugins/Experimental/NFORDenoise/Shaders/NFORRegressionCommon.ush" 2015
"../../../Engine/Plugins/Experimental/NFORDenoise/Shaders/NFORRegression.ush" 2016
"../../../Engine/Plugins/Runtime/HairStrands/Shaders/Private/NiagaraCopyVelocityGrid.usf" 2017
"../../../Engine/Plugins/Runtime/HairStrands/Shaders/Private/NiagaraClearVelocityGrid.usf" 2018
"../../../Engine/Plugins/Runtime/HairStrands/Shaders/Private/NiagaraClearPressureGrid.usf" 2019
"../../../Engine/Plugins/Runtime/HairStrands/Shaders/Private/NiagaraInterpolateGroomGuides.usf" 2020
"../../../Engine/Plugins/Runtime/HairStrands/Shaders/Private/NiagaraGroomInterpolationUtils.ush" 2021
"../../../Engine/Plugins/FX/Niagara/Shaders/Private/NiagaraQuaternionUtils.ush" 2022
"../../../Engine/Shaders/Private/HairStrands/HairStrandsMesh.usf" 2023
"../../../Engine/Shaders/Private/HairStrands/HairStrandsBindingCommon.ush" 2024
"../../../Engine/Shaders/Private/HairStrands/HairStrandsFollicleMask.usf" 2025
"../../../Engine/Shaders/Private/HairStrands/HairStrandsSkinUpdate.usf" 2026
"../../../Engine/Shaders/Private/HairStrands/HairStrandsClusterCulling.usf" 2027
"../../../Engine/Shaders/Private/ColorMap.ush" 2028
"../../../Engine/Shaders/Private/HairStrands/HairStrandsAABBCommon.ush" 2029
"../../../Engine/Shaders/Private/HairStrands/HairStrandsClusterCommon.ush" 2030
"../../../Engine/Shaders/Private/ThreadGroupPrefixSum.ush" 2031
"../../../Engine/Shaders/Private/HairStrands/HairStrandsRaytracingGeometry.usf" 2032
"../../../Engine/Shaders/Private/HairStrands/HairStrandsTangent.usf" 2033
"../../../Engine/Shaders/Private/HairStrands/HairCardsDeformation.usf" 2034
"../../../Engine/Shaders/Private/HairStrands/HairStrandsInterpolation.usf" 2035
"../../../Engine/Shaders/Private/HairStrands/HairStrandsGuideDeform.usf" 2036
"../../../Engine/Shaders/Private/HairStrands/HairStrandsTexturesGeneration.usf" 2037
"../../../Engine/Shaders/Private/HairStrands/HairCardsTextureCommon.ush" 2038
"../../../Engine/Shaders/Private/HairStrands/HairStrandsTranscode.usf" 2039
"../../../Engine/Shaders/Private/HairStrands/HairStrandsDebug.usf" 2040
"../../../Engine/Shaders/Private/HairShadingCommon.ush" 2041
"../../../Engine/Shaders/Private/PostProcessCommon.ush" 2042
"../../../Engine/Shaders/Private/Matrices.ush" 2043
"../../../Engine/Shaders/Private/ShadingModels.ush" 2044
"../../../Engine/Shaders/Private/CapsuleLight.ush" 2045
"../../../Engine/Shaders/Private/RectLight.ush" 2046
"../../../Engine/Shaders/Private/LightData.ush" 2047
"../../../Engine/Shaders/Shared/LightDefinitions.h" 2048
"../../../Engine/Shaders/Private/AreaLightCommon.ush" 2049
"../../../Engine/Shaders/Private/HairBsdf.ush" 2050
"../../../Engine/Shaders/Private/MobileGGX.ush" 2051
"../../../Engine/Shaders/Private/HairStrands/HairStrandsCommon.ush" 2052
"../../../Engine/Shaders/Private/HairStrands/HairStrandsEnvironmentLightingCommon.ush" 2053
"../../../Engine/Shaders/Private/HairStrands/HairStrandsDeepTransmittanceCommon.ush" 2054
"../../../Engine/Shaders/Private/HairStrands/HairStrandsDeepTransmittanceDualScattering.ush" 2055
"../../../Engine/Shaders/Private/HairStrands/HairStrandsDeepShadowCommon.ush" 2056
"../../../Engine/Shaders/Private/HairStrands/HairStrandsDebugCommonStruct.ush" 2057
"../../../Engine/Plugins/Runtime/ComputeFramework/Shaders/Private/ComputeKernel.usf" 2058
"../../../Engine/Plugins/Runtime/ComputeFramework/Shaders/Private/ComputeKernelCommon.ush" 2059
"../../../Engine/Plugins/NNE/NNEDenoiser/Shaders/NNEDenoiserShadersTransferFunctionOidn.usf" 2060
"../../../Engine/Plugins/NNE/NNEDenoiser/Shaders/NNEDenoiserShadersMappedCopy.usf" 2061
"../../../Engine/Plugins/NNE/NNEDenoiser/Shaders/NNEDenoiserShadersDefaultIOProcess.usf" 2062
"../../../Engine/Plugins/NNE/NNEDenoiser/Shaders/NNEDenoiserShadersAutoExposureReduceFinal.usf" 2063
"../../../Engine/Plugins/NNE/NNEDenoiser/Shaders/NNEDenoiserShadersAutoExposureReduce.usf" 2064
"../../../Engine/Plugins/NNE/NNEDenoiser/Shaders/NNEDenoiserShadersAutoExposureDownsample.usf" 2065
"../../../Engine/Plugins/Media/WmfMedia/Shaders/Private/MediaHardwareVideoDecoding.usf" 2066
"../../../Engine/Shaders/Private/ColorUtils.ush" 2067
"../../../Engine/Plugins/Media/ImgMedia/Shaders/Private/ExrSwizzler.usf" 2068
"../../../Engine/Plugins/FX/Niagara/Shaders/Private/Stateless/NiagaraStatelessSimulationExample1.usf" 2069
"../../../Engine/Plugins/FX/Niagara/Shaders/Private/Stateless/NiagaraStatelessSimulationTemplate.ush" 2070
"../../../Engine/Plugins/FX/Niagara/Shaders/Private/Stateless/NiagaraStatelessCommon.ush" 2071
"../../../Engine/Plugins/FX/Niagara/Shaders/Shared/NiagaraStatelessDefinitions.h" 2072
"../../../Engine/Plugins/FX/Niagara/Shaders/Shared/NiagaraStatelessBuiltDistribution.h" 2073
"../../../Engine/Plugins/FX/Niagara/Shaders/Private/Stateless/NiagaraStatelessDistribution.ush" 2074
"../../../Engine/Shaders/Private/ComputeShaderUtils.ush" 2075
"../../../Engine/Plugins/FX/Niagara/Shaders/Private/Stateless/Modules/NiagaraStatelessModule_CalculateAccurateVelocity.ush" 2076
"../../../Engine/Plugins/FX/Niagara/Shaders/Private/Stateless/Modules/NiagaraStatelessModule_CameraOffset.ush" 2077
"../../../Engine/Plugins/FX/Niagara/Shaders/Private/Stateless/Modules/NiagaraStatelessModule_DynamicMaterialParameters.ush" 2078
"../../../Engine/Plugins/FX/Niagara/Shaders/Private/Stateless/Modules/NiagaraStatelessModule_InitializeParticle.ush" 2079
"../../../Engine/Plugins/FX/Niagara/Shaders/Private/Stateless/Modules/NiagaraStatelessModule_InitialMeshOrientation.ush" 2080
"../../../Engine/Plugins/FX/Niagara/Shaders/Private/Stateless/Modules/NiagaraStatelessModule_MeshIndex.ush" 2081
"../../../Engine/Plugins/FX/Niagara/Shaders/Private/Stateless/Modules/NiagaraStatelessModule_MeshRotationRate.ush" 2082
"../../../Engine/Plugins/FX/Niagara/Shaders/Private/Stateless/Modules/NiagaraStatelessModule_RotateAroundPoint.ush" 2083
"../../../Engine/Plugins/FX/Niagara/Shaders/Private/Stateless/Modules/NiagaraStatelessModule_ShapeLocation.ush" 2084
"../../../Engine/Plugins/FX/Niagara/Shaders/Private/Stateless/Modules/NiagaraStatelessModule_ScaleColor.ush" 2085
"../../../Engine/Plugins/FX/Niagara/Shaders/Private/Stateless/Modules/NiagaraStatelessModule_ScaleSpriteSize.ush" 2086
"../../../Engine/Plugins/FX/Niagara/Shaders/Private/Stateless/Modules/NiagaraStatelessModule_ScaleSpriteSizeBySpeed.ush" 2087
"../../../Engine/Plugins/FX/Niagara/Shaders/Private/Stateless/Modules/NiagaraStatelessModule_ScaleMeshSize.ush" 2088
"../../../Engine/Plugins/FX/Niagara/Shaders/Private/Stateless/Modules/NiagaraStatelessModule_ScaleMeshSizebySpeed.ush" 2089
"../../../Engine/Plugins/FX/Niagara/Shaders/Private/Stateless/Modules/NiagaraStatelessModule_SolveVelocitiesAndForces.ush" 2090
"../../../Engine/Plugins/FX/Niagara/Shaders/Private/Stateless/Modules/NiagaraStatelessModule_SpriteFacingAndAlignment.ush" 2091
"../../../Engine/Plugins/FX/Niagara/Shaders/Private/Stateless/Modules/NiagaraStatelessModule_SpriteRotationRate.ush" 2092
"../../../Engine/Plugins/FX/Niagara/Shaders/Private/Stateless/Modules/NiagaraStatelessModule_SubUVAnimation.ush" 2093
"../../../Engine/Plugins/FX/Niagara/Shaders/Private/Stateless/NiagaraStatelessSimulationDefault.usf" 2094
"../../../Engine/Plugins/FX/Niagara/Shaders/Private/NiagaraSVTToDenseBuffer.usf" 2095
"../../../Engine/Shaders/Private/SparseVolumeTexture/SparseVolumeTextureCommon.ush" 2096
"../../../Engine/Plugins/FX/Niagara/Shaders/Private/NiagaraFillIntBuffer.usf" 2097
"../../../Engine/Plugins/FX/Niagara/Shaders/Private/NiagaraComputeFreeIDs.usf" 2098
"../../../Engine/Plugins/FX/Niagara/Shaders/Private/NiagaraInitFreeIDBuffer.usf" 2099
"../../../Engine/Plugins/FX/Niagara/Shaders/Private/NiagaraEmitterInstanceShader.usf" 2100
"../../../Engine/Plugins/FX/Niagara/Shaders/Private/NiagaraShaderVersion.ush" 2101
"../../../Engine/Shaders/Private/DistanceField/GlobalDistanceFieldShared.ush" 2102
"../../../Engine/Plugins/FX/Niagara/Shaders/Private/NiagaraPhysicsCommon.ush" 2103
"../../../Engine/Plugins/FX/Niagara/Shaders/Private/Ribbons/NiagaraRibbonGenerateIndices.usf" 2104
"../../../Engine/Plugins/FX/Niagara/Shaders/Private/Ribbons/NiagaraRibbonCommon.ush" 2105
"../../../Engine/Plugins/FX/Niagara/Shaders/Private/Ribbons/NiagaraRibbonInitializeIndices.usf" 2106
"../../../Engine/Plugins/FX/Niagara/Shaders/Private/Ribbons/NiagaraRibbonRibbonUVParamCalculation.usf" 2107
"../../../Engine/Plugins/FX/Niagara/Shaders/Private/Ribbons/NiagaraRibbonVertexReductionFinalization.usf" 2108
"../../../Engine/Plugins/FX/Niagara/Shaders/Private/Ribbons/NiagaraRibbonVertexReductionPropagation.usf" 2109
"../../../Engine/Plugins/FX/Niagara/Shaders/Private/Ribbons/NiagaraRibbonVertexReductionInitialization.usf" 2110
"../../../Engine/Plugins/FX/Niagara/Shaders/Private/Ribbons/NiagaraRibbonSortParticles.usf" 2111
"../../../Engine/Plugins/FX/Niagara/Shaders/Private/NiagaraUpdateMeshGPUSceneInstances.usf" 2112
"../../../Engine/Shaders/Private/GPUScene/GPUSceneWriter.ush" 2113
"../../../Engine/Plugins/FX/Niagara/Shaders/Private/NiagaraGenerateMips.usf" 2114
"../../../Engine/Plugins/FX/Niagara/Shaders/Private/NiagaraDebugDraw.usf" 2115
"../../../Engine/Plugins/FX/Niagara/Shaders/Private/NiagaraDebugDraw.ush" 2116
"../../../Engine/Plugins/FX/Niagara/Shaders/Private/NiagaraVisualizeTexture.usf" 2117
"../../../Engine/Plugins/FX/Niagara/Shaders/Private/NiagaraClearCounts.usf" 2118
"../../../Engine/Plugins/FX/Niagara/Shaders/Private/NiagaraBatchedElements.usf" 2119
"../../../Engine/Plugins/FX/Niagara/Shaders/Private/NiagaraRayTracingShaders.usf" 2120
"../../../Engine/Plugins/FX/Niagara/Shaders/Private/NiagaraAsyncGpuTraceCommon.ush" 2121
"../../../Engine/Shaders/Private/HashTable.ush" 2122
"../../../Engine/Shaders/Private/Hash.ush" 2123
"../../../Engine/Shaders/Private/RayTracing/VFXTraceRay.ush" 2124
"../../../Engine/Plugins/FX/Niagara/Shaders/Private/NiagaraRayMarchingShaders.usf" 2125
"../../../Engine/Plugins/FX/Niagara/Shaders/Private/NiagaraRayTraceCollisionGroupShaders.usf" 2126
"../../../Engine/Plugins/FX/Niagara/Shaders/Private/NiagaraAsyncGpuTraceUtils.usf" 2127
"../../../Engine/Plugins/FX/Niagara/Shaders/Private/NiagaraSortKeyGen.usf" 2128
"../../../Engine/Plugins/FX/Niagara/Shaders/Private/NiagaraGPURayTracingTransforms.usf" 2129
"../../../Engine/Plugins/FX/Niagara/Shaders/Private/NiagaraDrawIndirectArgsGen.usf" 2130
"../../../Engine/Plugins/FX/Niagara/Shaders/Private/NiagaraDispatchIndirectArgsGen.usf" 2131
"../../../Engine/Plugins/Enterprise/GLTFExporter/Shaders/Private/SimpleTexture2DPS.usf" 2132
"../../../Engine/Shaders/Private/SimpleElementNormalMapPixelShader.usf" 2133
"../../../Engine/Plugins/PCG/Shaders/Private/PCGTextureReadback.usf" 2134
"../../../Engine/Plugins/PCG/Shaders/Private/PCGSceneWriter.usf" 2135
"../../../Engine/Shaders/Private/VirtualTextureAdapter.usf" 2136
"../../../Engine/Shaders/Private/BlockCompressionCommon.ush" 2137
"../../../Engine/Shaders/Private/BCCompressionCommon.ush" 2138
"../../../Engine/Shaders/Private/TranslucentLightingShaders.usf" 2139
"../../../Engine/Shaders/Private/SHCommon.ush" 2140
"../../../Engine/Shaders/Private/ShadowProjectionCommon.ush" 2141
"../../../Engine/Shaders/Private/CubemapCommon.ush" 2142
"../../../Engine/Shaders/Private/VectorFieldCompositeShaders.usf" 2143
"../../../Engine/Shaders/Private/UpdateTextureShaders.usf" 2144
"../../../Engine/Shaders/Private/StereoLayerShader.usf" 2145
"../../../Engine/Shaders/Private/SparseVolumeTexture/UpdateSparseVolumeTexture.usf" 2146
"../../../Engine/Shaders/Private/MorphTargets.usf" 2147
"../../../Engine/Shaders/Private/SimpleElementColorChannelMaskPixelShader.usf" 2148
"../../../Engine/Shaders/Private/SimpleElementHitProxyPixelShader.usf" 2149
"../../../Engine/Shaders/Private/SimpleElementPixelShader.usf" 2150
"../../../Engine/Shaders/Private/IESLightProfilesCommon.ush" 2151
"../../../Engine/Shaders/Private/SimpleElementVertexShader.usf" 2152
"../../../Engine/Shaders/Private/ScreenPixelShaderOES.usf" 2153
"../../../Engine/Shaders/Private/ScreenVertexShader.usf" 2154
"../../../Engine/Shaders/Private/ScreenPixelShader.usf" 2155
"../../../Engine/Shaders/Private/SSProfilePreIntegratedMobile.usf" 2156
"../../../Engine/Shaders/Private/SpecularProfile.usf" 2157
"../../../Engine/Shaders/Private/Nanite/NaniteStreaming.usf" 2158
"../../../Engine/Shaders/Private/Nanite/NaniteStreaming.ush" 2159
"../../../Engine/Shaders/Private/Nanite/NaniteTranscode.usf" 2160
"../../../Engine/Shaders/Private/VolumetricLightmapStreaming.usf" 2161
"../../../Engine/Shaders/Private/PhysicsFieldReset.usf" 2162
"../../../Engine/Shaders/Private/PhysicsFieldBuilder.usf" 2163
"../../../Engine/Shaders/Private/PhysicsFieldEval.ush" 2164
"../../../Engine/Shaders/Private/ParticleSortKeyGen.usf" 2165
"../../../Engine/Shaders/Private/ParticleBoundsShader.usf" 2166
"../../../Engine/Shaders/Private/ParticleSimVisualizeShader.usf" 2167
"../../../Engine/Shaders/Private/ParticleInjectionShader.usf" 2168
"../../../Engine/Shaders/Private/ParticleSimulationShader.usf" 2169
"../../../Engine/Shaders/Private/ParticleCurveInjectionShader.usf" 2170
"../../../Engine/Shaders/Private/CopyUIntBuffer.usf" 2171
"../../../Engine/Shaders/Private/RadixSortShaders.usf" 2172
"../../../Engine/Shaders/Private/RecomputeTangentsPerVertexPass.usf" 2173
"../../../Engine/Shaders/Private/RecomputeTangentsCommon.ush" 2174
"../../../Engine/Shaders/Private/RecomputeTangentsPerTrianglePass.usf" 2175
"../../../Engine/Shaders/Private/GpuSkinCacheComputeShader.usf" 2176
"../../../Engine/Shaders/Private/HeightFieldAtlasManagement.usf" 2177
"../../../Engine/Shaders/Private/LandscapePhysicalMaterial.usf" 2178
"../../../Engine/Shaders/Private/MaterialTemplate.ush" 2179
"../../../Engine/Shaders/Private/WorldSpaceMath.ush" 2180
"../../../Engine/Shaders/Private/EyeAdaptationCommon.ush" 2181
"../../../Engine/Shaders/Private/SobolRandom.ush" 2182
"../../../Engine/Shaders/Private/DepthOfFieldCommon.ush" 2183
"../../../Engine/Shaders/Private/CircleDOFCommon.ush" 2184
"../../../Engine/Shaders/Private/PhysicsFieldSampler.ush" 2185
"../../../Engine/Shaders/Private/PhysicsFieldShared.ush" 2186
"../../../Engine/Shaders/Shared/EnvironmentComponentsFlags.h" 2187
"../../../Engine/Shaders/Private/MeshPaintTextureCommon.ush" 2188
"../../../Engine/Shaders/Private/SpeedTreeCommon.ush" 2189
"../../../Engine/Shaders/Private/VirtualTextureCommon.ush" 2190
"../../../Engine/Shaders/Private/MaterialTexture.ush" 2191
"../../../Engine/Shaders/Private/MinMaterialTexCoords.ush" 2192
"../../../Engine/Shaders/Private/SkyAtmosphereCommon.ush" 2193
"../../../Engine/Shaders/Private/SingleLayerWaterCommon.ush" 2194
"../../../Engine/Shaders/Private/TextureSampling.ush" 2195
"../../../Engine/Shaders/Private/PaniniProjection.ush" 2196
"../../../Engine/Shaders/Private/DBufferNormalReprojection.ush" 2197
"../../../Engine/Shaders/Public/SubstratePublic.ush" 2198
"../../../Engine/Shaders/Private/Substrate/SubstrateTree.ush" 2199
"../../../Engine/Shaders/Private/Substrate/SubstrateEvaluation.ush" 2200
"../../../Engine/Shaders/Private/Substrate/Glint/GlintThirdParty.ush" 2201
"../../../Engine/Shaders/Private/BlueNoise.ush" 2202
"../../../Engine/Shaders/Private/ShadingModelsSampling.ush" 2203
"../../../Engine/Shaders/Private/HairStrands/HairBsdfSample.ush" 2204
"../../../Engine/Shaders/Private/Substrate/SubstrateLegacyConversion.ush" 2205
"../../../Engine/Shaders/Private/DBufferDecalShared.ush" 2206
"../../../Engine/Shaders/Private/LandscapeGrassWeight.usf" 2207
"../../../Engine/Shaders/Private/Landscape/LandscapeEditLayersUtils.usf" 2208
"../../../Engine/Shaders/Private/Landscape/LandscapeCommon.ush" 2209
"../../../Engine/Shaders/Private/Landscape/LandscapeEditLayersWeightmaps.usf" 2210
"../../../Engine/Shaders/Private/Landscape/LandscapeEditLayersHeightmaps.usf" 2211
"../../../Engine/Shaders/Private/Landscape/LandscapeLayersWeightmapsPS.usf" 2212
"../../../Engine/Shaders/Private/Landscape/LandscapeLayersHeightmapsPS.usf" 2213
"../../../Engine/Shaders/Private/LandscapeLayersCS.usf" 2214
"../../../Engine/Shaders/Private/LandscapeLayersPS.usf" 2215
"../../../Engine/Shaders/Private/LandscapeLayersVS.usf" 2216
"../../../Engine/Shaders/Private/Landscape/LandscapeCulling.usf" 2217
"../../../Engine/Shaders/Private/Nanite/NaniteHZBCull.ush" 2218
"../../../Engine/Shaders/Private/Landscape/LandscapeMergeTexturesPS.usf" 2219
"../../../Engine/Shaders/Private/WideCustomResolveShaders.usf" 2220
"../../../Engine/Shaders/Private/WideCustomResolve_Wide.ush" 2221
"../../../Engine/Shaders/Private/WideCustomResolve_Wider.ush" 2222
"../../../Engine/Shaders/Private/WideCustomResolve_Widest.ush" 2223
"../../../Engine/Shaders/Private/WaterInfoTextureBlur.usf" 2224
"../../../Engine/Shaders/Private/WaterInfoTextureMerge.usf" 2225
"../../../Engine/Shaders/Private/PageTableUpdate.usf" 2226
"../../../Engine/Shaders/Private/VirtualTextureCompress.usf" 2227
"../../../Engine/Shaders/Private/ETCCompressionCommon.ush" 2228
"../../../Engine/Shaders/Private/VirtualTextureMaterial.usf" 2229
"../../../Engine/Shaders/Private/PixelShaderOutputCommon.ush" 2230
"../../../Engine/Shaders/Private/ShaderOutputCommon.ush" 2231
"../../../Engine/Shaders/Private/VolumetricRenderTarget.usf" 2232
"../../../Engine/Shaders/Private/HeightFogCommon.ush" 2233
"../../../Engine/Shaders/Private/LocalFogVolumes/LocalFogVolumeCommon.ush" 2234
"../../../Engine/Shaders/Private/ReflectionEnvironmentShared.ush" 2235
"../../../Engine/Shaders/Private/VolumetricFogVoxelization.usf" 2236
"../../../Engine/Shaders/Private/VolumetricCloudMaterialPixelCommon.ush" 2237
"../../../Engine/Shaders/Private/VolumetricFogLightFunction.usf" 2238
"../../../Engine/Shaders/Private/LightFunctionCommon.ush" 2239
"../../../Engine/Shaders/Private/VolumetricFog.usf" 2240
"../../../Engine/Shaders/Private/DeferredLightingCommon.ush" 2241
"../../../Engine/Shaders/Private/DynamicLightingCommon.ush" 2242
"../../../Engine/Shaders/Private/CapsuleLightIntegrate.ush" 2243
"../../../Engine/Shaders/Private/CapsuleLightSampling.ush" 2244
"../../../Engine/Shaders/Private/RectLightIntegrate.ush" 2245
"../../../Engine/Shaders/Private/ScreenSpaceShadowRayCast.ush" 2246
"../../../Engine/Shaders/Private/LightFunctionAtlas/LightFunctionAtlasCommon.usf" 2247
"../../../Engine/Shaders/Private/HeterogeneousVolumes/HeterogeneousVolumesAdaptiveVolumetricShadowMapSampling.ush" 2248
"../../../Engine/Shaders/Private/HeterogeneousVolumes/HeterogeneousVolumesAdaptiveVolumetricShadowMapUtils.ush" 2249
"../../../Engine/Shaders/Private/HeterogeneousVolumes/HeterogeneousVolumesRayMarchingUtils.ush" 2250
"../../../Engine/Shaders/Private/HeterogeneousVolumes/HeterogeneousVolumesRayMarchingTypes.ush" 2251
"../../../Engine/Shaders/Private/PathTracing/Utilities/PathTracingRandomSequence.ush" 2252
"../../../Engine/Shaders/Private/HeterogeneousVolumes/HeterogeneousVolumesTracingUtils.ush" 2253
"../../../Engine/Shaders/Private/VelocityCommon.ush" 2254
"../../../Engine/Shaders/Private/HeterogeneousVolumes/HeterogeneousVolumesTransmittanceVolumeUtils.ush" 2255
"../../../Engine/Shaders/Private/ForwardShadowingCommon.ush" 2256
"../../../Engine/Shaders/Private/ShadowFilteringCommon.ush" 2257
"../../../Engine/Shaders/Private/PixelQuadMessagePassing.ush" 2258
"../../../Engine/Shaders/Private/VolumeLightingCommon.ush" 2259
"../../../Engine/Shaders/Private/VolumeLightingCommonSampling.ush" 2260
"../../../Engine/Shaders/Private/Lumen/LumenTranslucencyVolumeShared.ush" 2261
"../../../Engine/Shaders/Private/Lumen/LumenRadianceCacheInterpolation.ush" 2262
"../../../Engine/Shaders/Private/HeterogeneousVolumes/HeterogeneousVolumesAdaptiveVolumetricShadowMapSampler.ush" 2263
"../../../Engine/Shaders/Private/LightGridCommon.ush" 2264
"../../../Engine/Shaders/Private/DistanceFieldAOShared.ush" 2265
"../../../Engine/Shaders/Private/IntersectionUtils.ush" 2266
"../../../Engine/Shaders/Private/VolumetricLightmapShared.ush" 2267
"../../../Engine/Shaders/Private/LightDataUniforms.ush" 2268
"../../../Engine/Shaders/Private/VirtualShadowMaps/VirtualShadowMapProjectionCommon.ush" 2269
"../../../Engine/Shaders/Private/VirtualShadowMaps/VirtualShadowMapPageAccessCommon.ush" 2270
"../../../Engine/Shaders/Shared/VirtualShadowMapDefinitions.h" 2271
"../../../Engine/Shaders/Shared/HLSLMathAliases.h" 2272
"../../../Engine/Shaders/Private/VirtualShadowMaps/VirtualShadowMapProjectionStructs.ush" 2273
"../../../Engine/Shaders/Private/VolumetricCloudCommon.ush" 2274
"../../../Engine/Shaders/Private/VolumetricCloud.usf" 2275
"../../../Engine/Shaders/Private/VisualizeVolumetricLightmap.usf" 2276
"../../../Engine/Shaders/Private/VirtualShadowMaps/VirtualShadowMapProjectionComposite.usf" 2277
"../../../Engine/Shaders/Private/LightShaderParameters.ush" 2278
"../../../Engine/Shaders/Private/VirtualShadowMaps/VirtualShadowMapMaskBitsCommon.ush" 2279
"../../../Engine/Shaders/Private/VirtualShadowMaps/VirtualShadowMapLightGrid.ush" 2280
"../../../Engine/Shaders/Private/VirtualShadowMaps/VirtualShadowMapProjection.usf" 2281
"../../../Engine/Shaders/Private/Visualization.ush" 2282
"../../../Engine/Shaders/Private/VirtualShadowMaps/VirtualShadowMapProjectionFilter.ush" 2283
"../../../Engine/Shaders/Private/VirtualShadowMaps/VirtualShadowMapProjectionDirectional.ush" 2284
"../../../Engine/Shaders/Private/VirtualShadowMaps/VirtualShadowMapSMRTCommon.ush" 2285
"../../../Engine/Shaders/Private/VirtualShadowMaps/VirtualShadowMapSMRTTemplate.ush" 2286
"../../../Engine/Shaders/Private/VirtualShadowMaps/VirtualShadowMapProjectionSpot.ush" 2287
"../../../Engine/Shaders/Private/VirtualShadowMaps/VirtualShadowMapTransmissionCommon.ush" 2288
"../../../Engine/Shaders/Private/VirtualShadowMaps/VirtualShadowMapScreenRayTrace.ush" 2289
"../../../Engine/Shaders/Private/VirtualShadowMaps/VirtualShadowMapStats.ush" 2290
"../../../Engine/Shaders/Private/HairStrands/HairStrandsVoxelPageCommon.ush" 2291
"../../../Engine/Shaders/Private/HairStrands/HairStrandsVoxelPageTraversal.ush" 2292
"../../../Engine/Shaders/Private/VirtualShadowMaps/VirtualShadowMapCacheLoadBalancer.usf" 2293
"../../../Engine/Shaders/Private/VirtualShadowMaps/VirtualShadowMapPageCacheCommon.ush" 2294
"../../../Engine/Shaders/Private/VirtualShadowMaps/VirtualShadowMapCacheInvalidation.ush" 2295
"../../../Engine/Shaders/Private/VirtualShadowMaps/VirtualShadowMapPageOverlap.ush" 2296
"../../../Engine/Shaders/Private/ScreenSpaceDenoise/SSDDefinitions.ush" 2297
"../../../Engine/Shaders/Private/InstanceCulling/InstanceCullingLoadBalancer.ush" 2298
"../../../Engine/Shaders/Private/VirtualShadowMaps/VirtualShadowMapCopyStats.usf" 2299
"../../../Engine/Shaders/Private/VirtualShadowMaps/VirtualShadowMapDebug.usf" 2300
"../../../Engine/Shaders/Private/VirtualShadowMaps/Desaturate.usf" 2301
"../../../Engine/Shaders/Private/VirtualShadowMaps/VirtualShadowMapPhysicalPageManagement.usf" 2302
"../../../Engine/Shaders/Private/ReductionCommon.ush" 2303
"../../../Engine/Shaders/Private/GPUMessaging.ush" 2304
"../../../Engine/Shaders/Private/VirtualShadowMaps/VirtualShadowMapPerPageDispatch.ush" 2305
"../../../Engine/Shaders/Private/VirtualShadowMaps/VirtualShadowMapBuildPerPageDrawCommands.usf" 2306
"../../../Engine/Shaders/Private/Nanite/NaniteCullingCommon.ush" 2307
"../../../Engine/Shaders/Private/Nanite/NaniteCulling.ush" 2308
"../../../Engine/Shaders/Private/Nanite/NaniteHierarchyTraversalCommon.ush" 2309
"../../../Engine/Shaders/Private/InstanceCulling/InstanceCullingCommon.ush" 2310
"../../../Engine/Shaders/Shared/InstanceCullingDefinitions.h" 2311
"../../../Engine/Shaders/Private/VirtualShadowMaps/VirtualShadowMapPrintStats.usf" 2312
"../../../Engine/Shaders/Private/VirtualShadowMaps/VirtualShadowMapPageManagement.usf" 2313
"../../../Engine/Shaders/Private/VirtualShadowMaps/VirtualShadowMapPageMarking.usf" 2314
"../../../Engine/Shaders/Shared/SingleLayerWaterDefinitions.h" 2315
"../../../Engine/Shaders/Private/HairStrands/HairStrandsTileCommon.ush" 2316
"../../../Engine/Shaders/Private/Froxel/Froxel.ush" 2317
"../../../Engine/Shaders/Shared/FroxelDefinitions.h" 2318
"../../../Engine/Shaders/Private/VariableRateShading/VRSShadingRatePreview.usf" 2319
"../../../Engine/Shaders/Private/VariableRateShading/VRSShadingRateCommon.ush" 2320
"../../../Engine/Shaders/Private/VariableRateShading/VRSShadingRateCombine.usf" 2321
"../../../Engine/Shaders/Private/VariableRateShading/VRSShadingRateFoveated.usf" 2322
"../../../Engine/Shaders/Private/VariableRateShading/VRSShadingRateReproject.usf" 2323
"../../../Engine/Shaders/Private/VariableRateShading/VRSShadingRateCalculate.usf" 2324
"../../../Engine/Shaders/Private/TranslucencyUpsampling.usf" 2325
"../../../Engine/Shaders/Private/ComposeSeparateTranslucency.usf" 2326
"../../../Engine/Shaders/Private/SeparateTranslucency.ush" 2327
"../../../Engine/Shaders/Private/TranslucentLightInjectionShaders.usf" 2328
"../../../Engine/Shaders/Private/TranslucentShadowDepthShaders.usf" 2329
"../../../Engine/Shaders/Private/ShadowDepthCommon.ush" 2330
"../../../Engine/Shaders/Private/RayTracing/RayTracingTest.usf" 2331
"../../../Engine/Shaders/Private/PostProcessSubsurfaceTile.usf" 2332
"../../../Engine/Shaders/Private/Substrate/SubstrateVisualize.usf" 2333
"../../../Engine/Shaders/Private/Substrate/SubstrateTile.ush" 2334
"../../../Engine/Shaders/Private/Substrate/SubstrateVisualizeCommon.ush" 2335
"../../../Engine/Shaders/Private/SkyLightingDiffuseShared.ush" 2336
"../../../Engine/Shaders/Private/SkyLightingShared.ush" 2337
"../../../Engine/Shaders/Private/ClearCoatCommon.ush" 2338
"../../../Engine/Shaders/Private/ReflectionEnvironmentComposite.ush" 2339
"../../../Engine/Shaders/Private/Substrate/SubstrateLightingCommon.ush" 2340
"../../../Engine/Shaders/Private/Substrate/SubstrateRoughRefraction.usf" 2341
"../../../Engine/Shaders/Private/PathTracing/Material/PathTracingFresnel.ush" 2342
"../../../Engine/Shaders/Private/PathTracing/Material/PathTracingGlossy.ush" 2343
"../../../Engine/Shaders/Private/Substrate/SubstrateTile.usf" 2344
"../../../Engine/Shaders/Private/Substrate/SubstrateMaterialClassification.usf" 2345
"../../../Engine/Shaders/Private/Substrate/SubstrateDBuffer.usf" 2346
"../../../Engine/Shaders/Private/StochasticLighting/StochasticLightingDenoising.usf" 2347
"../../../Engine/Shaders/Private/Lumen/LumenMaterial.ush" 2348
"../../../Engine/Shaders/Private/StochasticLighting/StochasticLightingCommon.ush" 2349
"../../../Engine/Shaders/Private/SplineMeshSceneTexture.usf" 2350
"../../../Engine/Shaders/Private/SparseVolumeTexture/VisualizeSparseVolumeTexture.usf" 2351
"../../../Engine/Shaders/Private/SkyAtmosphere.usf" 2352
"../../../Engine/Shaders/Private/CopyDepthTexture.usf" 2353
"../../../Engine/Shaders/Private/SingleLayerWaterComposite.usf" 2354
"../../../Engine/Shaders/Private/Froxel/FroxelBuild.ush" 2355
"../../../Engine/Shaders/Private/ScreenSpaceShadows.usf" 2356
"../../../Engine/Shaders/Private/bend_sss_gpu.ush" 2357
"../../../Engine/Shaders/Private/ShadowFactorsUpsampleCommon.ush" 2358
"../../../Engine/Shaders/Private/ShadowProjectionVertexShader.usf" 2359
"../../../Engine/Shaders/Private/ShadowProjectionPixelShader.usf" 2360
"../../../Engine/Shaders/Private/MobileLightingCommon.ush" 2361
"../../../Engine/Shaders/Private/PlanarReflectionShared.ush" 2362
"../../../Engine/Shaders/Private/MobileSSR.ush" 2363
"../../../Engine/Shaders/Private/SSRT/SSRTRayCast.ush" 2364
"../../../Engine/Shaders/Private/ShadowPercentageCloserFiltering.ush" 2365
"../../../Engine/Shaders/Private/TransmissionThickness.ush" 2366
"../../../Engine/Shaders/Private/CopyShadowMaps.usf" 2367
"../../../Engine/Shaders/Private/ShadowDepthPixelShader.usf" 2368
"../../../Engine/Shaders/Private/ShadowDepthVertexShader.usf" 2369
"../../../Engine/Shaders/Private/ShadingEnergyConservationTable.usf" 2370
"../../../Engine/Shaders/Shared/PathTracingDefinitions.h" 2371
"../../../Engine/Shaders/Private/ShadingFurnaceTest.usf" 2372
"../../../Engine/Shaders/Private/Substrate/SubstrateDeferredLighting.ush" 2373
"../../../Engine/Shaders/Private/ShaderPrintDraw.usf" 2374
"../../../Engine/Shaders/Private/ShaderPrintDrawPrimitive.usf" 2375
"../../../Engine/Shaders/Private/DefaultSSRTiles.usf" 2376
"../../../Engine/Shaders/Private/ScreenSpaceReflectionTileCommons.ush" 2377
"../../../Engine/Shaders/Private/SSRT/SSRTDiffuseIndirect.usf" 2378
"../../../Engine/Shaders/Private/SSRT/SSRTTileClassificationBuffer.ush" 2379
"../../../Engine/Shaders/Private/SSRT/SSRTReflections.usf" 2380
"../../../Engine/Shaders/Private/ScreenSpaceDenoise/SSDPublic.ush" 2381
"../../../Engine/Shaders/Private/SSRT/SSRTTileClassification.usf" 2382
"../../../Engine/Shaders/Private/SSRT/SSRTPrevFrameReduction.usf" 2383
"../../../Engine/Shaders/Private/ScreenSpaceDenoise/SSDComposeHarmonics.usf" 2384
"../../../Engine/Shaders/Private/ScreenSpaceDenoise/SSDPublicHarmonics.ush" 2385
"../../../Engine/Shaders/Private/ScreenSpaceDenoise/SSDSignalFramework.ush" 2386
"../../../Engine/Shaders/Private/ScreenSpaceDenoise/SSDCommon.ush" 2387
"../../../Engine/Shaders/Private/SphericalGaussian.ush" 2388
"../../../Engine/Shaders/Public/WaveBroadcastIntrinsics.ush" 2389
"../../../Engine/Shaders/Private/ScreenSpaceDenoise/SSDMetadata.ush" 2390
"../../../Engine/Shaders/Private/ScreenSpaceDenoise/SSDSignalCore.ush" 2391
"../../../Engine/Shaders/Private/ScreenSpaceDenoise/DenoisingCommon.ush" 2392
"../../../Engine/Shaders/Private/ScreenSpaceDenoise/SSDSignalArray.ush" 2393
"../../../Engine/Shaders/Private/ScreenSpaceDenoise/SSDSignalBufferEncoding.ush" 2394
"../../../Engine/Shaders/Private/ScreenSpaceDenoise/SSDPublicBufferEncoding.ush" 2395
"../../../Engine/Shaders/Private/Lumen/LumenBufferEncoding.ush" 2396
"../../../Engine/Shaders/Private/ScreenSpaceDenoise/SSDTemporalAccumulation.usf" 2397
"../../../Engine/Shaders/Private/ScreenSpaceDenoise/SSDSpatialKernel.ush" 2398
"../../../Engine/Shaders/Private/ScreenSpaceDenoise/SSDSignalAccumulatorArray.ush" 2399
"../../../Engine/Shaders/Private/ScreenSpaceDenoise/SSDSignalAccumulator.ush" 2400
"../../../Engine/Shaders/Private/ScreenSpaceDenoise/SSDSignalCompression.ush" 2401
"../../../Engine/Shaders/Private/ScreenSpaceDenoise/SSDSpatialAccumulation.usf" 2402
"../../../Engine/Shaders/Private/ScreenSpaceDenoise/SSDInjest.usf" 2403
"../../../Engine/Shaders/Private/ScreenSpaceDenoise/SSDCompressMetadata.usf" 2404
"../../../Engine/Shaders/Private/DownsampleDepthPixelShader.usf" 2405
"../../../Engine/Shaders/Private/ScreenPass.usf" 2406
"../../../Engine/Shaders/Private/HZB.usf" 2407
"../../../Engine/Shaders/Private/OcclusionFeedbackShaders.usf" 2408
"../../../Engine/Shaders/Private/HZBOcclusion.usf" 2409
"../../../Engine/Shaders/Private/OcclusionQueryPixelShader.usf" 2410
"../../../Engine/Shaders/Private/OcclusionQueryVertexShader.usf" 2411
"../../../Engine/Shaders/Private/HitProxyCopy.usf" 2412
"../../../Engine/Shaders/Private/HitProxyPixelShader.usf" 2413
"../../../Engine/Shaders/Private/HitProxyVertexShader.usf" 2414
"../../../Engine/Shaders/Private/SceneCulling/SceneCullingDebugRender.usf" 2415
"../../../Engine/Shaders/Private/SceneCulling/SceneCulling.ush" 2416
"../../../Engine/Shaders/Shared/SceneCullingDefinitions.h" 2417
"../../../Engine/Shaders/Private/SceneCulling/SceneCullingBuildExplicitBounds.usf" 2418
"../../../Engine/Shaders/Private/SceneCapturePixelShader.usf" 2419
"../../../Engine/Shaders/Private/RendererUtils.usf" 2420
"../../../Engine/Shaders/Private/RTWriteMaskDecode.usf" 2421
"../../../Engine/Shaders/Private/ReflectionEnvironmentShaders.usf" 2422
"../../../Engine/Shaders/Private/RectLightAtlas.usf" 2423
"../../../Engine/Shaders/Private/RayTracing/TraceRayInlineStatistics.usf" 2424
"../../../Engine/Shaders/Private/RayTracing/CompositeSkyLightPS.usf" 2425
"../../../Engine/Shaders/Private/RayTracing/GenerateSkyLightVisibilityRaysCS.usf" 2426
"../../../Engine/Shaders/Private/RayTracing/RayTracingSkyLightCommon.ush" 2427
"../../../Engine/Shaders/Private/RayTracing/SkyLightVisibilityRaysData.ush" 2428
"../../../Engine/Shaders/Private/Raytracing/RaytracingSkylightRGS.usf" 2429
"../../../Engine/Shaders/Private/HairStrands/HairStrandsRaytracing.ush" 2430
"../../../Engine/Shaders/Private/Raytracing/RayTracingSkyLightEvaluation.ush" 2431
"../../../Engine/Shaders/Private/Raytracing/RayTracingDeferredShadingCommon.ush" 2432
"../../../Engine/Shaders/Private/RayTracing/RayTracingOcclusionRGS.usf" 2433
"../../../Engine/Shaders/Private/RayTracing/RayTracingDirectionalLight.ush" 2434
"../../../Engine/Shaders/Private/RayTracing/RayTracingRectLight.ush" 2435
"../../../Engine/Shaders/Private/RayTracing/RayTracingSphereLight.ush" 2436
"../../../Engine/Shaders/Private/RayTracing/RayTracingCapsuleLight.ush" 2437
"../../../Engine/Shaders/Private/RayTracing/RayTracingPrimaryRays.usf" 2438
"../../../Engine/Shaders/Private/RayTracing/RayTracingLightingCommon.ush" 2439
"../../../Engine/Shaders/Private/RayTracing/RayTracingLightCullingCommon.ush" 2440
"../../../Engine/Shaders/Private/RayTracing/RayTracingMaterialDefaultHitShaders.usf" 2441
"../../../Engine/Shaders/Private/RayTracing/RayTracingMaterialHitShaders.usf" 2442
"../../../Engine/Shaders/Private/RayTracing/RayTracingShaderUtils.ush" 2443
"../../../Engine/Shaders/Private/RayTracing/RayTracingCalcInterpolants.ush" 2444
"../../../Engine/Shaders/Private/LightmapCommon.ush" 2445
"../../../Engine/Shaders/Private/Lumen/LumenHardwareRayTracingPayloadCommon.ush" 2446
"../../../Engine/Shaders/Shared/LumenDefinitions.h" 2447
"../../../Engine/Shaders/Private/Substrate/SubstrateExport.ush" 2448
"../../../Engine/Shaders/Private/RayTracing/RayTracingLightingMS.usf" 2449
"../../../Engine/Shaders/Private/RayTracing/RayTracingLightFunctionCommon.ush" 2450
"../../../Engine/Shaders/Private/RayTracing/RayTracingBuildLightGrid.usf" 2451
"../../../Engine/Shaders/Private/Raytracing/RayTracingInstanceBufferUtil.usf" 2452
"../../../Engine/Shaders/Private/RayTracing/RayTracingDynamicMesh.usf" 2453
"../../../Engine/Shaders/Private/RayTracing/RayTracingDefaultDecalHitShader.usf" 2454
"../../../Engine/Shaders/Private/RayTracing/RayTracingDecalMaterialShader.usf" 2455
"../../../Engine/Shaders/Private/PathTracing/PathTracingShaderUtils.ush" 2456
"../../../Engine/Shaders/Private/PathTracing/PathTracingCommon.ush" 2457
"../../../Engine/Shaders/Private/PathTracing/Material/PathTracingMaterialCommon.ush" 2458
"../../../Engine/Shaders/Private/RayTracing/RayTracingBuildDecalGrid.usf" 2459
"../../../Engine/Shaders/Private/RayTracing/RayTracingDebugHitStatsUtils.usf" 2460
"../../../Engine/Shaders/Private/RayTracing/RayTracingDebugInstanceOverlap.usf" 2461
"../../../Engine/Shaders/Private/RayTracing/RayTracingDebugPicking.usf" 2462
"../../../Engine/Shaders/Private/RayTracing/RayTracingDebugUtils.ush" 2463
"../../../Engine/Shaders/Shared/RayTracingDebugTypes.h" 2464
"../../../Engine/Shaders/Private/RayTracing/RayTracingDebugTraversal.usf" 2465
"../../../Engine/Shaders/Private/RayTracing/RayTracingDeferredMaterials.ush" 2466
"../../../Engine/Shaders/Shared/ThirdParty/AMD/ags_shader_intrinsics_dx12.h" 2467
"../../../Engine/Shaders/Shared/RayTracingDebugDefinitions.h" 2468
"../../../Engine/Shaders/Private/RayTracing/RayTracingDebugHitStatsCHS.usf" 2469
"../../../Engine/Shaders/Private/RayTracing/RayTracingDebugHitStats.usf" 2470
"../../../Engine/Shaders/Private/RayTracing/RayTracingDebugMS.usf" 2471
"../../../Engine/Shaders/Private/RayTracing/RayTracingDebugCHS.usf" 2472
"../../../Engine/Shaders/Private/RayTracing/RayTracingDebug.usf" 2473
"../../../Engine/Shaders/Private/RayTracing/RayTracingBuiltInShaders.usf" 2474
"../../../Engine/Shaders/Private/RayTracing/RayTracingBarycentrics.usf" 2475
"../../../Engine/Shaders/Private/RayTracing/RayTracingAmbientOcclusionRGS.usf" 2476
"../../../Engine/Shaders/Private/VisualizeShadingModels.usf" 2477
"../../../Engine/Shaders/Private/MotionBlur/VisualizeMotionVectors.usf" 2478
"../../../Engine/Shaders/Private/TemporalSuperResolution/TSRVisualize.usf" 2479
"../../../Engine/Shaders/Private/TemporalSuperResolution/TSRColorSpace.ush" 2480
"../../../Engine/Shaders/Private/TemporalSuperResolution/TSRCommon.ush" 2481
"../../../Engine/Shaders/Public/DualPixelVectorization.ush" 2482
"../../../Engine/Shaders/Private/TemporalSuperResolution/TSRReprojectionField.ush" 2483
"../../../Engine/Shaders/Private/TemporalSuperResolution/TSRResolveHistory.usf" 2484
"../../../Engine/Shaders/Private/TemporalSuperResolution/TSRConvolutionNetwork.ush" 2485
"../../../Engine/Shaders/Private/TemporalSuperResolution/TSRKernels.ush" 2486
"../../../Engine/Shaders/Public/LaneVectorization.ush" 2487
"../../../Engine/Shaders/Private/TemporalSuperResolution/TSRUpdateHistory.usf" 2488
"../../../Engine/Shaders/Private/TemporalSuperResolution/TSRSpatialAntiAliasing.ush" 2489
"../../../Engine/Shaders/Private/TemporalSuperResolution/TSRSpatialAntiAliasing.usf" 2490
"../../../Engine/Shaders/Private/TemporalSuperResolution/TSRRejectShading.usf" 2491
"../../../Engine/Shaders/Private/TemporalSuperResolution/TSRShadingAnalysis.ush" 2492
"../../../Engine/Shaders/Private/TemporalSuperResolution/TSRConvolutionNetworkPass.ush" 2493
"../../../Engine/Shaders/Private/TemporalSuperResolution/TSRDecimateHistory.usf" 2494
"../../../Engine/Shaders/Private/TemporalSuperResolution/TSRDepthVelocityAnalysis.ush" 2495
"../../../Engine/Shaders/Private/TemporalSuperResolution/TSRClosestOccluder.ush" 2496
"../../../Engine/Shaders/Private/TemporalSuperResolution/TSRDilateVelocity.usf" 2497
"../../../Engine/Shaders/Private/MotionBlur/MotionBlurVelocityFlatten.ush" 2498
"../../../Engine/Shaders/Private/MotionBlur/MotionBlurCommon.ush" 2499
"../../../Engine/Shaders/Private/TemporalSuperResolution/TSRClearPrevTextures.usf" 2500
"../../../Engine/Shaders/Private/TemporalSuperResolution/TSRMeasureFlickeringLuma.usf" 2501
"../../../Engine/Shaders/Private/TemporalAA.usf" 2502
"../../../Engine/Shaders/Private/FilterPixelShader.usf" 2503
"../../../Engine/Shaders/Private/FilterVertexShader.usf" 2504
"../../../Engine/Shaders/Private/PostProcessVisualizeBuffer.usf" 2505
"../../../Engine/Shaders/Private/PostProcessVisualizeLocalExposure.usf" 2506
"../../../Engine/Shaders/Private/PostProcessHistogramCommon.ush" 2507
"../../../Engine/Shaders/Private/TonemapCommon.ush" 2508
"../../../Engine/Shaders/Private/ACES.ush" 2509
"../../../Engine/Shaders/Private/PostProcessVisualizeLevelInstance.usf" 2510
"../../../Engine/Shaders/Private/PostProcessVisualizeHDR.usf" 2511
"../../../Engine/Shaders/Private/ShaderComplexityApplyPixelShader.usf" 2512
"../../../Engine/Shaders/Private/QuadOverdraw.ush" 2513
"../../../Engine/Shaders/Private/PostProcessUpscale.usf" 2514
"../../../Engine/Shaders/Private/PostProcessTonemap.usf" 2515
"../../../Engine/Shaders/Private/PostProcessing/FilmGrainPackConstants.usf" 2516
"../../../Engine/Shaders/Private/PostProcessing/FilmGrainReduce.usf" 2517
"../../../Engine/Shaders/Private/PostProcessTestImage.usf" 2518
"../../../Engine/Shaders/Private/PostProcessSubsurface.usf" 2519
"../../../Engine/Shaders/Private/SeparableSSS.ush" 2520
"../../../Engine/Shaders/Private/SubsurfaceBurleyNormalized.ush" 2521
"../../../Engine/Shaders/Private/PostProcessSelectionOutline.usf" 2522
"../../../Engine/Shaders/Private/PostProcessPixelProjectedReflectionMobile.usf" 2523
"../../../Engine/Shaders/Private/MotionBlur/MotionBlurVisualize.usf" 2524
"../../../Engine/Shaders/Private/MotionBlur/MotionBlurApply.usf" 2525
"../../../Engine/Shaders/Private/MotionBlur/MotionBlurFilterTileClassify.usf" 2526
"../../../Engine/Shaders/Private/MotionBlur/MotionBlurTileScatter.usf" 2527
"../../../Engine/Shaders/Private/MotionBlur/MotionBlurTileGather.usf" 2528
"../../../Engine/Shaders/Private/MotionBlur/MotionBlurVelocityFlatten.usf" 2529
"../../../Engine/Shaders/Private/PostProcessMobile.usf" 2530
"../../../Engine/Shaders/Private/PostProcessMitchellNetravali.usf" 2531
"../../../Engine/Shaders/Private/PostProcessMaterialShaders.usf" 2532
"../../../Engine/Shaders/Private/NeuralPostProcessCommon.usf" 2533
"../../../Engine/Shaders/Private/PostProcessLocalExposure.usf" 2534
"../../../Engine/Shaders/Private/PostProcessLensFlares.usf" 2535
"../../../Engine/Shaders/Private/PostProcessGBufferHints.usf" 2536
"../../../Engine/Shaders/Private/PostProcessHMD.usf" 2537
"../../../Engine/Shaders/Private/Histogram.usf" 2538
"../../../Engine/Shaders/Private/PostProcessHistogramReduce.usf" 2539
"../../../Engine/Shaders/Private/PostProcessHistogram.usf" 2540
"../../../Engine/Shaders/Private/Bloom/BloomFinalizeApplyConstants.usf" 2541
"../../../Engine/Shaders/Private/Bloom/BloomCommon.ush" 2542
"../../../Engine/Shaders/Private/Bloom/BloomResizeKernel.usf" 2543
"../../../Engine/Shaders/Private/Bloom/BloomDownsampleKernel.usf" 2544
"../../../Engine/Shaders/Private/Bloom/BloomClampKernel.usf" 2545
"../../../Engine/Shaders/Private/Bloom/BloomPackKernelConstants.usf" 2546
"../../../Engine/Shaders/Private/Bloom/BloomSumScatterDispersionEnergy.usf" 2547
"../../../Engine/Shaders/Private/Bloom/BloomReduceKernelSurvey.usf" 2548
"../../../Engine/Shaders/Private/Bloom/BloomSurveyKernelCenterEnergy.usf" 2549
"../../../Engine/Shaders/Private/Bloom/BloomSurveyMaxScatterDispersion.usf" 2550
"../../../Engine/Shaders/Private/Bloom/BloomFindKernelCenter.usf" 2551
"../../../Engine/Shaders/Private/PostProcessEyeAdaptation.usf" 2552
"../../../Engine/Shaders/Private/TranslucencyVolumeCommon.ush" 2553
"../../../Engine/Shaders/Private/PostProcessEyeAdaptationUtils.usf" 2554
"../../../Engine/Shaders/Private/PostProcessDownsample.usf" 2555
"../../../Engine/Shaders/Private/PostProcessDOF.usf" 2556
"../../../Engine/Shaders/Private/PostProcessDeviceEncodingOnly.usf" 2557
"../../../Engine/Shaders/Private/PostProcessCompositePrimitives.usf" 2558
"../../../Engine/Shaders/Private/PostProcessCombineLUTs.usf" 2559
"../../../Engine/Shaders/Private/PostProcessVisualizeDOF.usf" 2560
"../../../Engine/Shaders/Private/PostProcessBloom.usf" 2561
"../../../Engine/Shaders/Private/PostProcessAmbientOcclusionMobile.usf" 2562
"../../../Engine/Shaders/Private/PostProcessAmbientOcclusionCommon.ush" 2563
"../../../Engine/Shaders/Private/FXAAShader.usf" 2564
"../../../Engine/Shaders/Private/Fxaa3_11.ush" 2565
"../../../Engine/Shaders/Private/PaniniProjection.usf" 2566
"../../../Engine/Shaders/Private/DiaphragmDOF/DOFRecombine.usf" 2567
"../../../Engine/Shaders/Private/DiaphragmDOF/DOFCommon.ush" 2568
"../../../Engine/Shaders/Private/DiaphragmDOF/DOFHybridScatterPixelShader.usf" 2569
"../../../Engine/Shaders/Private/DiaphragmDOF/DOFHybridScatterCommon.ush" 2570
"../../../Engine/Shaders/Private/DiaphragmDOF/DOFHybridScatterVertexShader.usf" 2571
"../../../Engine/Shaders/Private/DiaphragmDOF/DOFPostfiltering.usf" 2572
"../../../Engine/Shaders/Private/DiaphragmDOF/DOFGatherTileSuggest.ush" 2573
"../../../Engine/Shaders/Private/DiaphragmDOF/DOFCocTileCommon.ush" 2574
"../../../Engine/Shaders/Private/DiaphragmDOF/DOFGatherPass.usf" 2575
"../../../Engine/Shaders/Private/DiaphragmDOF/DOFGatherCommon.ush" 2576
"../../../Engine/Shaders/Private/DiaphragmDOF/DOFGatherAccumulator.ush" 2577
"../../../Engine/Shaders/Private/DiaphragmDOF/DOFGatherKernel.ush" 2578
"../../../Engine/Shaders/Private/DiaphragmDOF/DOFBokehLUT.usf" 2579
"../../../Engine/Shaders/Private/DiaphragmDOF/DOFHybridScatterCompilation.usf" 2580
"../../../Engine/Shaders/Private/DiaphragmDOF/DOFReduce.usf" 2581
"../../../Engine/Shaders/Private/DiaphragmDOF/DOFDownsample.ush" 2582
"../../../Engine/Shaders/Private/DiaphragmDOF/DOFHybridScatterCompilation.ush" 2583
"../../../Engine/Shaders/Private/DiaphragmDOF/DOFDownsample.usf" 2584
"../../../Engine/Shaders/Private/DiaphragmDOF/DOFCocTileDilate.usf" 2585
"../../../Engine/Shaders/Private/DiaphragmDOF/DOFCocTileFlatten.usf" 2586
"../../../Engine/Shaders/Private/DiaphragmDOF/DOFSetup.usf" 2587
"../../../Engine/Shaders/Private/Tools/DebugAlphaChannel.usf" 2588
"../../../Engine/Shaders/Private/PlanarReflectionShaders.usf" 2589
"../../../Engine/Shaders/Private/PhysicsFieldVisualizer.usf" 2590
"../../../Engine/Shaders/Private/PathTracing/PathTracingSpatialTemporalDenoising.usf" 2591
"../../../Engine/Shaders/Private/ColorDifference.ush" 2592
"../../../Engine/Shaders/Private/PathTracing/PathTracingCompositingPixelShader.usf" 2593
"../../../Engine/Shaders/Private/PathTracing/PathTracingAdaptiveUtils.ush" 2594
"../../../Engine/Shaders/Private/PathTracing/PathTracingDefaultHitShader.usf" 2595
"../../../Engine/Shaders/Private/PathTracing/PathTracingGPULightmassMaterialHitShader.usf" 2596
"../../../Engine/Shaders/Private/PathTracing/PathTracingMaterialHitShader.usf" 2597
"../../../Engine/Shaders/Private/PathTracing/Material/PathTracingSubstrateCommon.ush" 2598
"../../../Engine/Shaders/Private/PathTracing/PathTracingLightingMissShader.usf" 2599
"../../../Engine/Shaders/Private/PathTracing/PathTracingMissShader.usf" 2600
"../../../Engine/Shaders/Private/PathTracing/PathTracingAdaptiveStart.usf" 2601
"../../../Engine/Shaders/Private/PathTracing/PathTracingBuildAdaptiveError.usf" 2602
"../../../Engine/Shaders/Private/PathTracing/PathTracingVolumetricCloudMaterialShader.usf" 2603
"../../../Engine/Shaders/Private/PathTracing/Volume/PathTracingCloudsMaterialCommon.ush" 2604
"../../../Engine/Shaders/Private/PathTracing/Volume/PathTracingVolumeCommon.ush" 2605
"../../../Engine/Shaders/Private/PathTracing/Volume/PathTracingCloudsCommon.ush" 2606
"../../../Engine/Shaders/Private/PathTracing/PathTracingBuildCloud.usf" 2607
"../../../Engine/Shaders/Private/PathTracing/Volume/PathTracingAtmosphereCommon.ush" 2608
"../../../Engine/Shaders/Private/PathTracing/PathTracingBuildCloudAccelerationMap.usf" 2609
"../../../Engine/Shaders/Private/PathTracing/PathTracingBuildAtmosphereLUT.usf" 2610
"../../../Engine/Shaders/Private/PathTracing/PathTracingSwizzleScanlines.usf" 2611
"../../../Engine/Shaders/Private/PathTracing/PathTracingInitExtinctionCoefficient.usf" 2612
"../../../Engine/Shaders/Private/PathTracing/PathTracingCopyDepth.usf" 2613
"../../../Engine/Shaders/Private/PathTracing/PathTracingDebug.usf" 2614
"../../../Engine/Shaders/Private/RayTracing/RayTracingDecalGrid.ush" 2615
"../../../Engine/Shaders/Private/PathTracing/Utilities/PathTracingRIS.ush" 2616
"../../../Engine/Shaders/Private/PathTracing/Light/PathTracingLightSampling.ush" 2617
"../../../Engine/Shaders/Private/PathTracing/Light/PathTracingLightCommon.ush" 2618
"../../../Engine/Shaders/Private/PathTracing/Light/PathTracingDirectionalLight.ush" 2619
"../../../Engine/Shaders/Private/PathTracing/Light/PathTracingPointLight.ush" 2620
"../../../Engine/Shaders/Private/PathTracing/Light/PathTracingCapsuleLight.ush" 2621
"../../../Engine/Shaders/Private/PathTracing/Light/PathTracingRectLight.ush" 2622
"../../../Engine/Shaders/Private/PathTracing/Light/PathTracingSkyLight.ush" 2623
"../../../Engine/Shaders/Private/PathTracing/Light/PathTracingLightGrid.ush" 2624
"../../../Engine/Shaders/Private/PathTracing/PathTracing.usf" 2625
"../../../Engine/Shaders/Private/PathTracing/PathTracingCore.ush" 2626
"../../../Engine/Shaders/Private/HeterogeneousVolumes/HeterogeneousVolumesVoxelGridTypes.ush" 2627
"../../../Engine/Shaders/Private/PathTracing/Material/PathTracingMaterialSampling.ush" 2628
"../../../Engine/Shaders/Private/PathTracing/Material/PathTracingLambert.ush" 2629
"../../../Engine/Shaders/Private/PathTracing/Material/PathTracingSubstrate.ush" 2630
"../../../Engine/Shaders/Private/PathTracing/Material/PathTracingSubstrateFoliage.ush" 2631
"../../../Engine/Shaders/Private/PathTracing/Material/PathTracingSubstrateSolidGlass.ush" 2632
"../../../Engine/Shaders/Private/PathTracing/Material/PathTracingSubstrateThinGlass.ush" 2633
"../../../Engine/Shaders/Private/PathTracing/Material/PathTracingSolidGlass.ush" 2634
"../../../Engine/Shaders/Private/PathTracing/Material/PathTracingEnergyConservation.ush" 2635
"../../../Engine/Shaders/Private/PathTracing/Material/PathTracingThinGlass.ush" 2636
"../../../Engine/Shaders/Private/PathTracing/Material/PathTracingDefaultLit.ush" 2637
"../../../Engine/Shaders/Private/PathTracing/Material/PathTracingClearCoat.ush" 2638
"../../../Engine/Shaders/Private/PathTracing/Material/PathTracingTwoSidedFoliage.ush" 2639
"../../../Engine/Shaders/Private/PathTracing/Material/PathTracingCloth.ush" 2640
"../../../Engine/Shaders/Private/PathTracing/Material/PathTracingSubsurfaceProfile.ush" 2641
"../../../Engine/Shaders/Private/PathTracing/Material/PathTracingEye.ush" 2642
"../../../Engine/Shaders/Private/PathTracing/Material/PathTracingHair.ush" 2643
"../../../Engine/Shaders/Private/PathTracing/Material/PathTracingMedium.ush" 2644
"../../../Engine/Shaders/Private/PathTracing/Volume/PathTracingVolume.ush" 2645
"../../../Engine/Shaders/Private/PathTracing/Volume/PathTracingAtmosphere.ush" 2646
"../../../Engine/Shaders/Private/PathTracing/Volume/PathTracingClouds.ush" 2647
"../../../Engine/Shaders/Private/PathTracing/Volume/PathTracingFog.ush" 2648
"../../../Engine/Shaders/Private/PathTracing/Volume/PathTracingHeterogeneousVolumes.ush" 2649
"../../../Engine/Shaders/Private/HeterogeneousVolumes/HeterogeneousVolumesVoxelGridTraversal.ush" 2650
"../../../Engine/Shaders/Private/HeterogeneousVolumes/HeterogeneousVolumesVoxelGridUtils.ush" 2651
"../../../Engine/Shaders/Private/HeterogeneousVolumes/HeterogeneousVolumesFrustumVoxelGridUtils.ush" 2652
"../../../Engine/Shaders/Private/PathTracing/Volume/PathTracingVolumeSampling.ush" 2653
"../../../Engine/Shaders/Private/PathTracing/PathTracingBuildLightGrid.usf" 2654
"../../../Engine/Shaders/Private/PathTracing/PathTracingSkylightMISCompensation.usf" 2655
"../../../Engine/Shaders/Private/PathTracing/PathTracingSkylightPrepare.usf" 2656
"../../../Engine/Shaders/Private/OIT/OITSorting.usf" 2657
"../../../Engine/Shaders/Private/OITCombine.usf" 2658
"../../../Engine/Shaders/Private/OITCommon.ush" 2659
"../../../Engine/Shaders/Private/Nanite/Voxel/RasterizeBricks.usf" 2660
"../../../Engine/Shaders/Private/Nanite/Voxel/Brick.ush" 2661
"../../../Engine/Shaders/Private/Nanite/Voxel/Voxel.ush" 2662
"../../../Engine/Shaders/Private/Nanite/Voxel/ScatterBricks.usf" 2663
"../../../Engine/Shaders/Private/Nanite/Voxel/TileBricks.usf" 2664
"../../../Engine/Shaders/Private/Nanite/Voxel/AutoVoxel.usf" 2665
"../../../Engine/Shaders/Private/Nanite/NaniteDebugViews.usf" 2666
"../../../Engine/Shaders/Private/Nanite/NaniteEditorCommon.ush" 2667
"../../../Engine/Shaders/Private/BinarySearch.ush" 2668
"../../../Engine/Shaders/Private/Nanite/NaniteDepthDecode.usf" 2669
"../../../Engine/Shaders/Private/HTileEncoding.ush" 2670
"../../../Engine/Shaders/Private/Nanite/NaniteVisualize.usf" 2671
"../../../Engine/Shaders/Private/Nanite/NaniteStreamOut.usf" 2672
"../../../Engine/Shaders/Private/Nanite/NaniteHierarchyTraversal.ush" 2673
"../../../Engine/Shaders/Private/Skinning/TransformProviders.usf" 2674
"../../../Engine/Shaders/Private/Nanite/NaniteShadeBinning.usf" 2675
"../../../Engine/Shaders/Private/Nanite/NaniteShadeCommon.ush" 2676
"../../../Engine/Shaders/Private/Nanite/NaniteFastClear.usf" 2677
"../../../Engine/Shaders/Private/Nanite/NaniteExportGBuffer.usf" 2678
"../../../Engine/Shaders/Private/Nanite/NaniteClusterCulling.usf" 2679
"../../../Engine/Shaders/Private/Nanite/NanitePrintStats.usf" 2680
"../../../Engine/Shaders/Private/Nanite/NaniteRasterizer.usf" 2681
"../../../Engine/Shaders/Private/Nanite/NaniteRasterizationCommon.ush" 2682
"../../../Engine/Shaders/Private/Nanite/NaniteRasterizer.ush" 2683
"../../../Engine/Shaders/Private/Nanite/NaniteWritePixel.ush" 2684
"../../../Engine/Shaders/Private/Nanite/NaniteTessellation.ush" 2685
"../../../Engine/Shaders/Private/WorkDistribution.ush" 2686
"../../../Engine/Shaders/Private/Nanite/NaniteDice.ush" 2687
"../../../Engine/Shaders/Private/ShaderBundleWorkGraphCommon.ush" 2688
"../../../Engine/Shaders/Public/RootConstants.ush" 2689
"../../../Engine/Shaders/Public/Platform/D3D/D3DRootConstants.ush" 2690
"../../../Engine/Shaders/Private/Nanite/NaniteSplit.usf" 2691
"../../../Engine/Shaders/Private/Nanite/NaniteRasterBinning.usf" 2692
"../../../Engine/Shaders/Private/Nanite/NaniteInstanceCulling.usf" 2693
"../../../Engine/Shaders/Private/Nanite/NaniteImposter.ush" 2694
"../../../Engine/Shaders/Private/Nanite/NaniteInstanceHierarchyCulling.usf" 2695
"../../../Engine/Shaders/Private/Nanite/NanitePrimitiveFilter.usf" 2696
"../../../Engine/Shaders/Private/Nanite/NaniteRasterClear.usf" 2697
"../../../Engine/Shaders/Private/Nanite/NaniteDepthExport.usf" 2698
"../../../Engine/Shaders/Private/Nanite/NaniteEmitShadow.usf" 2699
"../../../Engine/Shaders/Private/MobileDeferredUtils.usf" 2700
"../../../Engine/Shaders/Private/MobileLocalLightsBuffer.usf" 2701
"../../../Engine/Shaders/Private/MobileFog.usf" 2702
"../../../Engine/Shaders/Private/DistortApplyScreenPS.usf" 2703
"../../../Engine/Shaders/Private/MobileDeferredShading.usf" 2704
"../../../Engine/Shaders/Private/MobileBasePassPixelShader.usf" 2705
"../../../Engine/Shaders/Private/MobileBasePassCommon.ush" 2706
"../../../Engine/Shaders/Private/BasePassCommon.ush" 2707
"../../../Engine/Shaders/Private/ShadingModelsMaterial.ush" 2708
"../../../Engine/Shaders/Private/ThinTranslucentCommon.ush" 2709
"../../../Engine/Shaders/Private/SingleLayerWaterShading.ush" 2710
"../../../Engine/Shaders/Private/DistortionCommon.ush" 2711
"../../../Engine/Shaders/Private/Substrate/SubstrateMobileForwardLighting.ush" 2712
"../../../Engine/Shaders/Private/MobileBasePassVertexShader.usf" 2713
"../../../Engine/Shaders/Private/MeshEdges.usf" 2714
"../../../Engine/Shaders/Private/MegaLights/MegaLightsVSMTracing.usf" 2715
"../../../Engine/Shaders/Private/MegaLights/MegaLights.ush" 2716
"../../../Engine/Shaders/Private/Lumen/LumenPosition.ush" 2717
"../../../Engine/Shaders/Private/MegaLights/MegaLightsRayTracing.ush" 2718
"../../../Engine/Shaders/Private/MegaLights/MegaLightsRayTracing.usf" 2719
"../../../Engine/Shaders/Private/DistanceField/GlobalDistanceFieldUtils.ush" 2720
"../../../Engine/Shaders/Private/Lumen/LumenScreenTracing.ush" 2721
"../../../Engine/Shaders/Private/MegaLights/MegaLightsVolumeRayTracing.usf" 2722
"../../../Engine/Shaders/Private/MegaLights/MegaLightsVolume.ush" 2723
"../../../Engine/Shaders/Private/MegaLights/MegaLightsVolumeHardwareRayTracing.usf" 2724
"../../../Engine/Shaders/Private/Lumen/LumenHardwareRayTracingCommon.ush" 2725
"../../../Engine/Shaders/Private/RayTracing/RayTracingReflectionEnvironment.ush" 2726
"../../../Engine/Shaders/Private/Lumen/LumenHardwareRayTracingPlatformCommon.ush" 2727
"../../../Engine/Shaders/Private/Lumen/LumenReflectionsCombine.ush" 2728
"../../../Engine/Shaders/Private/Lumen/LumenTracingCommon.ush" 2729
"../../../Engine/Shaders/Private/Lumen/SurfaceCache/LumenSurfaceCacheSampling.ush" 2730
"../../../Engine/Shaders/Private/Lumen/SurfaceCache/LumenSurfaceCache.ush" 2731
"../../../Engine/Shaders/Private/Lumen/LumenCardCommon.ush" 2732
"../../../Engine/Shaders/Private/Lumen/LumenCardTileShadowDownsampleFactor.ush" 2733
"../../../Engine/Shaders/Private/MegaLights/MegaLightsHardwareRayTracing.usf" 2734
"../../../Engine/Shaders/Private/MegaLights/MegaLightsFilterVisibleLightHash.usf" 2735
"../../../Engine/Shaders/Private/MegaLights/MegaLightsDenoiserSpatial.usf" 2736
"../../../Engine/Shaders/Private/MegaLights/MegaLightsShading.ush" 2737
"../../../Engine/Shaders/Private/Lumen/LumenReflectionDenoiserCommon.ush" 2738
"../../../Engine/Shaders/Private/MegaLights/MegaLightsDenoiserTemporal.usf" 2739
"../../../Engine/Shaders/Private/MegaLights/MegaLightsShading.usf" 2740
"../../../Engine/Shaders/Private/MegaLights/MegaLightsVolumeShading.usf" 2741
"../../../Engine/Shaders/Private/MegaLights/MegaLightsVisibleLightHash.usf" 2742
"../../../Engine/Shaders/Private/MegaLights/MegaLightsSampling.usf" 2743
"../../../Engine/Shaders/Private/MegaLights/MegaLightsVolumeSampling.usf" 2744
"../../../Engine/Shaders/Private/MegaLights/MegaLights.usf" 2745
"../../../Engine/Shaders/Private/Lumen/LumenVisualizeRadianceCache.usf" 2746
"../../../Engine/Shaders/Private/Lumen/LumenRadianceCacheCommon.ush" 2747
"../../../Engine/Shaders/Private/Lumen/LumenVisualizeHardwareRayTracing.usf" 2748
"../../../Engine/Shaders/Private/Lumen/LumenVisualize.ush" 2749
"../../../Engine/Shaders/Private/Lumen/LumenHairTracing.ush" 2750
"../../../Engine/Shaders/Private/Lumen/LumenVisualize.usf" 2751
"../../../Engine/Shaders/Private/Lumen/LumenSoftwareRayTracing.ush" 2752
"../../../Engine/Shaders/Private/DistanceField/GlobalDistanceFieldObjectGrid.ush" 2753
"../../../Engine/Shaders/Private/DistanceFieldLightingShared.ush" 2754
"../../../Engine/Shaders/Private/Lumen/LumenVisualizeTraces.ush" 2755
"../../../Engine/Shaders/Private/Lumen/LumenTranslucencyVolumeLighting.usf" 2756
"../../../Engine/Shaders/Private/Lumen/LumenRadianceCacheMarkCommon.ush" 2757
"../../../Engine/Shaders/Private/Lumen/LumenTranslucencyVolumeLightingShared.ush" 2758
"../../../Engine/Shaders/Private/Lumen/LumenScreenProbeCommon.ush" 2759
"../../../Engine/Shaders/Private/RayTracing/RayGenUtils.ush" 2760
"../../../Engine/Shaders/Private/Lumen/LumenRadianceCacheTracingCommon.ush" 2761
"../../../Engine/Shaders/Private/Lumen/LumenTranslucencyVolumeHardwareRayTracing.usf" 2762
"../../../Engine/Shaders/Private/Lumen/LumenTranslucencyRadianceCacheMarkShaders.usf" 2763
"../../../Engine/Shaders/Private/Lumen/SurfaceCache/LumenSurfaceCacheFeedback.usf" 2764
"../../../Engine/Shaders/Private/Lumen/SurfaceCache/LumenSurfaceCache.usf" 2765
"../../../Engine/Shaders/Private/Lumen/LumenShortRangeAOHardwareRayTracing.usf" 2766
"../../../Engine/Shaders/Private/Lumen/LumenScreenSpaceBentNormal.usf" 2767
"../../../Engine/Shaders/Private/Lumen/LumenScreenProbeTracing.usf" 2768
"../../../Engine/Shaders/Private/Lumen/LumenScreenProbeTracingCommon.ush" 2769
"../../../Engine/Shaders/Private/Lumen/LumenFloatQuantization.ush" 2770
"../../../Engine/Shaders/Private/Lumen/LumenScreenProbeImportanceSampling.usf" 2771
"../../../Engine/Shaders/Private/Lumen/LumenScreenProbeImportanceSamplingShared.ush" 2772
"../../../Engine/Shaders/Private/Lumen/LumenScreenProbeHardwareRayTracing.usf" 2773
"../../../Engine/Shaders/Private/Lumen/LumenScreenProbeGather.usf" 2774
"../../../Engine/Shaders/Private/Lumen/LumenScreenSpaceBentNormal.ush" 2775
"../../../Engine/Shaders/Private/Lumen/LumenScreenProbeLightSampling.usf" 2776
"../../../Engine/Shaders/Private/Lumen/LumenScreenProbeFiltering.usf" 2777
"../../../Engine/Shaders/Private/Lumen/LumenSceneLighting.usf" 2778
"../../../Engine/Shaders/Private/Lumen/LumenCardTile.ush" 2779
"../../../Engine/Shaders/Private/Lumen/LumenSceneLighting.ush" 2780
"../../../Engine/Shaders/Private/Lumen/Radiosity/LumenRadiosity.ush" 2781
"../../../Engine/Shaders/Private/Lumen/LumenSceneLightingDebug.usf" 2782
"../../../Engine/Shaders/Private/Lumen/LumenScene.usf" 2783
"../../../Engine/Shaders/Private/Lumen/LumenSceneDirectLightingHardwareRayTracing.usf" 2784
"../../../Engine/Shaders/Private/Lumen/LumenReflectionCommon.ush" 2785
"../../../Engine/Shaders/Private/Lumen/LumenSceneDirectLighting.ush" 2786
"../../../Engine/Shaders/Private/Lumen/LumenSceneDebugHardwareRayTracing.usf" 2787
"../../../Engine/Shaders/Private/Lumen/LumenSceneDirectLightingStochastic.usf" 2788
"../../../Engine/Shaders/Private/Lumen/LumenSceneDirectLightingSoftwareRayTracing.usf" 2789
"../../../Engine/Shaders/Private/DistanceFieldShadowingShared.ush" 2790
"../../../Engine/Shaders/Private/Lumen/LumenSceneDirectLightingPerLightShadowCommon.ush" 2791
"../../../Engine/Shaders/Private/Lumen/LumenSceneDirectLightingShadowMask.usf" 2792
"../../../Engine/Shaders/Private/Lumen/LumenSceneDirectLighting.usf" 2793
"../../../Engine/Shaders/Private/Lumen/LumenSceneDirectLightingCulling.usf" 2794
"../../../Engine/Shaders/Private/Lumen/LumenCardComputeShader.usf" 2795
"../../../Engine/Shaders/Private/Lumen/LumenCardPixelShader.usf" 2796
"../../../Engine/Shaders/Private/Lumen/LumenCardVertexShader.usf" 2797
"../../../Engine/Shaders/Private/Lumen/LumenReSTIRGather.usf" 2798
"../../../Engine/Shaders/Private/Lumen/LumenReflectionTracing.usf" 2799
"../../../Engine/Shaders/Private/Lumen/LumenReflectionDenoiserSpatial.usf" 2800
"../../../Engine/Shaders/Private/Lumen/LumenReflectionDenoiserClear.usf" 2801
"../../../Engine/Shaders/Private/Lumen/LumenReflectionDenoiserTemporal.usf" 2802
"../../../Engine/Shaders/Private/Lumen/LumenReflectionResolve.usf" 2803
"../../../Engine/Shaders/Private/Lumen/LumenReflections.usf" 2804
"../../../Engine/Shaders/Private/Lumen/LumenReflectionHardwareRayTracing.usf" 2805
"../../../Engine/Shaders/Private/Lumen/Radiosity/LumenVisualizeRadiosityProbes.usf" 2806
"../../../Engine/Shaders/Private/Lumen/Radiosity/LumenRadiosity.usf" 2807
"../../../Engine/Shaders/Private/Lumen/Radiosity/LumenRadiosityHardwareRayTracing.usf" 2808
"../../../Engine/Shaders/Private/Lumen/Radiosity/LumenRadiosityCulling.usf" 2809
"../../../Engine/Shaders/Private/Lumen/LumenRadianceCacheHardwareRayTracing.usf" 2810
"../../../Engine/Shaders/Private/Lumen/LumenRadianceCache.usf" 2811
"../../../Engine/Shaders/Private/Lumen/LumenRadianceCacheUpdate.ush" 2812
"../../../Engine/Shaders/Private/Lumen/LumenRadianceCacheDebug.usf" 2813
"../../../Engine/Shaders/Private/Lumen/LumenRadianceCacheUpdate.usf" 2814
"../../../Engine/Shaders/Private/Lumen/LumenMeshSDFCulling.usf" 2815
"../../../Engine/Shaders/Private/HybridIndirectLighting.ush" 2816
"../../../Engine/Shaders/Private/MeshDistanceFieldCommon.ush" 2817
"../../../Engine/Shaders/Private/Lumen/LumenIrradianceFieldGather.usf" 2818
"../../../Engine/Shaders/Private/Lumen/LumenHardwareRayTracingMaterials.usf" 2819
"../../../Engine/Shaders/Private/Lumen/LumenFrontLayerTranslucency.usf" 2820
"../../../Engine/Shaders/Private/LocalFogVolumes/LocalFogVolumeSplat.usf" 2821
"../../../Engine/Shaders/Private/LocalFogVolumes/LocalFogVolumeTiledCulling.usf" 2822
"../../../Engine/Shaders/Private/LightShaftShader.usf" 2823
"../../../Engine/Shaders/Private/StationaryLightOverlapShaders.usf" 2824
"../../../Engine/Shaders/Private/DeferredLightPixelShaders.usf" 2825
"../../../Engine/Shaders/Private/HairStrands/HairStrandsVisibilityUtils.ush" 2826
"../../../Engine/Shaders/Private/DeferredLightVertexShaders.usf" 2827
"../../../Engine/Shaders/Private/LightMapDensityShader.usf" 2828
"../../../Engine/Shaders/Private/LightGridInjection.usf" 2829
"../../../Engine/Shaders/Shared/LightGridDefinitions.h" 2830
"../../../Engine/Shaders/Private/LightFunctionPixelShader.usf" 2831
"../../../Engine/Shaders/Private/LightFunctionVertexShader.usf" 2832
"../../../Engine/Shaders/Private/LightFunctionAtlas/LightFunctionAtlasRender.usf" 2833
"../../../Engine/Shaders/Private/InstanceCulling/InstanceCullingOcclusionQuery.usf" 2834
"../../../Engine/Shaders/Private/InstanceCulling/InstanceCullingSetup.ush" 2835
"../../../Engine/Shaders/Private/InstanceCulling/BuildInstanceDrawCommands.usf" 2836
"../../../Engine/Shaders/Private/InstanceCulling/InstanceCompactionCommon.ush" 2837
"../../../Engine/Shaders/Private/SceneDataMobileWriter.ush" 2838
"../../../Engine/Shaders/Private/InstanceCulling/CompactVisibleInstances.usf" 2839
"../../../Engine/Shaders/Private/ReflectionEnvironmentPixelShader.usf" 2840
"../../../Engine/Shaders/Private/AmbientCubemapComposite.usf" 2841
"../../../Engine/Shaders/Private/DiffuseIndirectComposite.usf" 2842
"../../../Engine/Shaders/Private/IESAtlas.usf" 2843
"../../../Engine/Shaders/Private/HeterogeneousVolumes/HeterogeneousVolumesVoxelGridShadows.usf" 2844
"../../../Engine/Shaders/Private/HeterogeneousVolumes/HeterogeneousVolumesStochasticFiltering.ush" 2845
"../../../Engine/Shaders/Private/HeterogeneousVolumes/HeterogeneousVolumesVoxelGridRenderingUtils.ush" 2846
"../../../Engine/Shaders/Private/HeterogeneousVolumes/HeterogeneousVolumesLightingUtils.ush" 2847
"../../../Engine/Shaders/Private/HeterogeneousVolumes/HeterogeneousVolumesVoxelGridRendering.usf" 2848
"../../../Engine/Shaders/Private/HeterogeneousVolumes/HeterogeneousVolumesVoxelGridPipeline.usf" 2849
"../../../Engine/Shaders/Private/HeterogeneousVolumes/HeterogeneousVolumesMaterialBakingPipeline.usf" 2850
"../../../Engine/Shaders/Private/HeterogeneousVolumes/HeterogeneousVolumesLiveShadingUtils.ush" 2851
"../../../Engine/Shaders/Private/HeterogeneousVolumes/HeterogeneousVolumesFrustumVoxelGrid.usf" 2852
"../../../Engine/Shaders/Private/HeterogeneousVolumes/HeterogeneousVolumesSparseVoxelPipeline.usf" 2853
"../../../Engine/Shaders/Private/HeterogeneousVolumes/HeterogeneousVolumesSparseVoxelUtils.ush" 2854
"../../../Engine/Shaders/Private/HeterogeneousVolumes/HeterogeneousVolumesSparseVoxelUniformBufferUtils.ush" 2855
"../../../Engine/Shaders/Private/HeterogeneousVolumes/HeterogeneousVolumesPreshadingPipeline.usf" 2856
"../../../Engine/Shaders/Private/HeterogeneousVolumes/HeterogeneousVolumesLiveShadingShadows.usf" 2857
"../../../Engine/Shaders/Private/HeterogeneousVolumes/HeterogeneousVolumesLiveShadingGlobalPipeline.usf" 2858
"../../../Engine/Shaders/Private/HeterogeneousVolumes/HeterogeneousVolumesLiveShadingPipeline.usf" 2859
"../../../Engine/Shaders/Private/HeterogeneousVolumes/HeterogeneousVolumesHardwareRayTracing.usf" 2860
"../../../Engine/Shaders/Private/HeterogeneousVolumes/HeterogeneousVolumesAmbientOcclusionPipeline.usf" 2861
"../../../Engine/Shaders/Private/HeterogeneousVolumes/HeterogeneousVolumesComposite.usf" 2862
"../../../Engine/Shaders/Private/HdrCustomResolveShaders.usf" 2863
"../../../Engine/Shaders/Private/HairStrands/HairStrandsVoxelRasterCompute.usf" 2864
"../../../Engine/Shaders/Private/HairStrands/HairStrandsHitProxy.usf" 2865
"../../../Engine/Shaders/Private/HairStrands/HairStrandsVisibilityRasterComputeNaive.usf" 2866
"../../../Engine/Shaders/Private/HairStrands/HairStrandsVisibilityRasterHW.usf" 2867
"../../../Engine/Shaders/Private/HairStrands/HairStrandsVisibilityRasterCompute.usf" 2868
"../../../Engine/Shaders/Private/HairStrands/HairStrandsVisibilityRasterClassification.usf" 2869
"../../../Engine/Shaders/Private/HairStrands/HairStrandsCoverage.usf" 2870
"../../../Engine/Shaders/Private/HairStrands/HairStrandsVisibilityDepthPS.usf" 2871
"../../../Engine/Shaders/Private/HairStrands/HairStrandsVisibilityTransmittanceDepthPS.usf" 2872
"../../../Engine/Shaders/Private/HairStrands/HairStrandsVisibilityFillOpaqueDepthPS.usf" 2873
"../../../Engine/Shaders/Private/HairStrands/HairStrandsVisibilityCompactionComputeRaster.usf" 2874
"../../../Engine/Shaders/Private/HairStrands/HairStrandsVisibilityCompaction.usf" 2875
"../../../Engine/Shaders/Private/HairStrands/HairStrandsVisibilityCopyIndirectArg.usf" 2876
"../../../Engine/Shaders/Private/HairStrands/HairStrandsVisibilityClearPS.usf" 2877
"../../../Engine/Shaders/Private/HairStrands/HairStrandsVisibilityPS.usf" 2878
"../../../Engine/Shaders/Private/HairStrands/HairStrandsVisibilityVS.usf" 2879
"../../../Engine/Shaders/Private/HairStrands/HairStrandsVelocity.usf" 2880
"../../../Engine/Shaders/Private/HairStrands/HairStrandsVisibilityComputeSampleCoverage.usf" 2881
"../../../Engine/Shaders/Private/HairStrands/HairStrandsMaterialPS.usf" 2882
"../../../Engine/Shaders/Private/HairStrands/HairStrandsMaterialCommon.ush" 2883
"../../../Engine/Shaders/Private/HairStrands/HairStrandsMaterialVS.usf" 2884
"../../../Engine/Shaders/Private/HairStrands/HairStrandsLightSample.usf" 2885
"../../../Engine/Shaders/Private/HairStrands/HairStrandsDeepShadowMask.usf" 2886
"../../../Engine/Shaders/Private/HairStrands/HairStrandsDeepTransmittanceMask.usf" 2887
"../../../Engine/Shaders/Private/HairStrands/HairStrandsVisibilityTile.usf" 2888
"../../../Engine/Shaders/Private/HairStrands/HairStrandsDeepShadowPS.usf" 2889
"../../../Engine/Shaders/Private/HairStrands/HairStrandsDeepShadowVS.usf" 2890
"../../../Engine/Shaders/Private/HairStrands/HairStrandsAABB.usf" 2891
"../../../Engine/Shaders/Private/HairStrands/HairStrandsLUT.usf" 2892
"../../../Engine/Shaders/Private/HairStrands/HairStrandsForwardRaster.usf" 2893
"../../../Engine/Shaders/Private/HairStrands/HairStrandsForwardCulling.usf" 2894
"../../../Engine/Shaders/Private/HairStrands/HairStrandsEnvironmentLighting.usf" 2895
"../../../Engine/Shaders/Private/HairStrands/HairStrandsEnvironmentAO.usf" 2896
"../../../Engine/Shaders/Private/HairStrands/HairStrandsDeepShadowAllocation.usf" 2897
"../../../Engine/Shaders/Private/HairStrands/HairStrandsVoxelDebug.usf" 2898
"../../../Engine/Shaders/Private/HairStrands/HairStrandsComposition.usf" 2899
"../../../Engine/Shaders/Private/HairStrands/HairStrandsGBufferCommon.ush" 2900
"../../../Engine/Shaders/Private/GPUScene/GPUSceneDataManagement.usf" 2901
"../../../Engine/Shaders/Private/GPUSceneDebugRender.usf" 2902
"../../../Engine/Shaders/Private/GPUFastFourierTransform.usf" 2903
"../../../Engine/Shaders/Private/GPUFastFourierTransform2DCore.ush" 2904
"../../../Engine/Shaders/Private/GPUFastFourierTransformCore.ush" 2905
"../../../Engine/Shaders/Private/GPUBenchmark.usf" 2906
"../../../Engine/Shaders/Private/DistanceField/GlobalDistanceFieldDebug.usf" 2907
"../../../Engine/Shaders/Private/DistanceField/GlobalDistanceFieldUpdate.ush" 2908
"../../../Engine/Shaders/Private/DistanceField/GlobalDistanceFieldMip.usf" 2909
"../../../Engine/Shaders/Private/DistanceField/GlobalDistanceField.usf" 2910
"../../../Engine/Shaders/Private/DistanceField/GlobalDistanceFieldCompositeObjects.usf" 2911
"../../../Engine/Shaders/Private/DistanceField/GlobalDistanceFieldHeightfields.usf" 2912
"../../../Engine/Shaders/Private/HeightfieldLightingShared.ush" 2913
"../../../Engine/Shaders/Private/GenerateConservativeDepth.usf" 2914
"../../../Engine/Shaders/Private/HeightFogPixelShader.usf" 2915
"../../../Engine/Shaders/Private/HeightFogVertexShader.usf" 2916
"../../../Engine/Shaders/Private/DistortFiltering.usf" 2917
"../../../Engine/Shaders/Private/DistortAccumulatePS.usf" 2918
"../../../Engine/Shaders/Private/DistortAccumulateVS.usf" 2919
"../../../Engine/Shaders/Private/DistanceFieldVisualization.usf" 2920
"../../../Engine/Shaders/Private/DistanceFieldStreaming.usf" 2921
"../../../Engine/Shaders/Private/DistanceFieldShadowing.usf" 2922
"../../../Engine/Shaders/Private/DistanceFieldScreenGridLighting.usf" 2923
"../../../Engine/Shaders/Private/DistanceFieldObjectCulling.usf" 2924
"../../../Engine/Shaders/Private/DistanceFieldLightingPost.usf" 2925
"../../../Engine/Shaders/Private/DitheredTransitionStencil.usf" 2926
"../../../Engine/Shaders/Private/CopyDepthTextureCS.usf" 2927
"../../../Engine/Shaders/Private/DeferredDecal.usf" 2928
"../../../Engine/Shaders/Private/DecalCommon.ush" 2929
"../../../Engine/Shaders/Private/DebugViewModeVertexShader.usf" 2930
"../../../Engine/Shaders/Private/DebugViewModeCommon.ush" 2931
"../../../Engine/Shaders/Private/DebugViewModePixelShader.usf" 2932
"../../../Engine/Shaders/Private/DebugProbes.usf" 2933
"../../../Engine/Shaders/Private/MeshDecals.usf" 2934
"../../../Engine/Shaders/Private/PostProcessAmbientOcclusion.usf" 2935
"../../../Engine/Shaders/Private/ClusteredDeferredShadingPixelShader.usf" 2936
"../../../Engine/Shaders/Private/ClusteredDeferredShadingVertexShader.usf" 2937
"../../../Engine/Shaders/Private/CapsuleShadowShaders.usf" 2938
"../../../Engine/Shaders/Private/BasePassPixelShader.usf" 2939
"../../../Engine/Shaders/Private/ForwardLightingCommon.ush" 2940
"../../../Engine/Shaders/Private/Substrate/SubstrateForwardLighting.ush" 2941
"../../../Engine/Shaders/Private/ComputeShaderOutputCommon.ush" 2942
"../../../Engine/Shaders/Private/BasePassVertexShader.usf" 2943
"../../../Engine/Shaders/Private/BasePassVertexCommon.ush" 2944
"../../../Engine/Shaders/Private/SimpleElementVolumeTexturePreviewPixelShader.usf" 2945
"../../../Engine/Shaders/Private/SimpleElementTexture2DPreviewPixelShader.usf" 2946
"../../../Engine/Shaders/Private/meshpaintdilatepixelshader.usf" 2947
"../../../Engine/Shaders/Private/meshpaintdilatevertexshader.usf" 2948
"../../../Engine/Shaders/Private/MeshPaintPixelShader.usf" 2949
"../../../Engine/Shaders/Private/MeshPaintVertexShader.usf" 2950
"../../../Engine/Shaders/Private/SlateElementPixelShader.usf" 2951
"../../../Engine/Shaders/Private/SlateShaderCommon.ush" 2952
"../../../Engine/Shaders/Private/SlateMaskingShader.usf" 2953
"../../../Engine/Shaders/Private/SlateVertexShader.usf" 2954
"../../../Engine/Shaders/Private/CompositeUIPixelShader.usf" 2955
"../../../Engine/Shaders/Private/ColorDeficiency.ush" 2956
"../../../Engine/Shaders/Private/SlatePostProcessColorDeficiencyPixelShader.usf" 2957
"../../../Engine/Shaders/Private/SlatePostProcessPixelShader.usf" 2958
"../../../Engine/Shaders/Private/Tools/VisualizeTexture.usf" 2959
"../../../Engine/Shaders/Private/UpdateDescriptorHandle.usf" 2960
"../../../Engine/Shaders/Private/ByteBuffer.usf" 2961
"../../../Engine/Shaders/Private/ShaderBundleWorkGraphDispatch.usf" 2962
"../../../Engine/Shaders/Private/ShaderBundleDispatch.usf" 2963
"../../../Engine/Shaders/Private/ResolveVertexShader.usf" 2964
"../../../Engine/Shaders/Private/ResolvePixelShader.usf" 2965
"../../../Engine/Shaders/Private/Tools/SetupIndirectArgs.usf" 2966
"../../../Engine/Shaders/Private/ClearReplacementShaders.usf" 2967
"../../../Engine/Shaders/Private/Tools/DrawTexture.usf" 2968
"../../../Engine/Shaders/Private/RayTracing/RayTracingValidation.usf" 2969
"../../../Engine/Shaders/Private/RenderGraphUtilities.usf" 2970
"../../../Engine/Shaders/Private/OneColorShader.usf" 2971
"../../../Engine/Shaders/Private/OculusShaders.usf" 2972
"../../../Engine/Shaders/Private/MediaShaders.usf" 2973
"../../../Engine/Shaders/Private/GPUMessaging.usf" 2974
"../../../Engine/Shaders/Private/Tools/GPUDebugCrashUtils.usf" 2975
"../../../Engine/Shaders/Private/NullPixelShader.usf" 2976
"../../../Engine/Shaders/Private/ComputeGenerateMips.usf" 2977
"../../../Engine/Shaders/Private/Tools/DumpTexture.usf" 2978
"../../../Engine/Shaders/Private/CopyTextureShaders.usf" 2979
"../../../Engine/Shaders/Private/Tools/FullscreenVertexShader.usf" 2980
"../../../Engine/Shaders/Private/RayTracing/RayTracingDispatchDesc.usf" 2981
"../../../Engine/Shaders/Private/Bink.usf" 2982
"../../../Engine/Shaders/Private/VelocityShader.usf" 2983
"../../../Engine/Shaders/Private/DepthOnlyPixelShader.usf" 2984
"../../../Engine/Shaders/Private/PositionOnlyDepthVertexShader.usf" 2985
"../../../Engine/Shaders/Private/DepthOnlyVertexShader.usf" 2986
"../../../Engine/Shaders/Private/AnisotropyPassShader.usf" 2987
"/Engine/EditorResources/S_Actor" 2988
"../../../Engine/Content/EditorResources/S_Actor.uasset" 2989
"/Engine/EditorResources/S_BoxReflectionCapture" 2990
"../../../Engine/Content/EditorResources/S_BoxReflectionCapture.uasset" 2991
"/Engine/EngineResources/DefaultTexture" 2992
"../../../Engine/Content/EngineResources/DefaultTexture.uasset" 2993
"/Engine/EngineResources/DefaultTextureCube" 2994
"../../../Engine/Content/EngineResources/DefaultTextureCube.uasset" 2995
"/Engine/EngineResources/DefaultVolumeTexture" 2996
"../../../Engine/Content/EngineResources/DefaultVolumeTexture.uasset" 2997
"../../../Engine/Content/EngineResources/DefaultVolumeTexture2D.uasset" 2998
"/Engine/EngineFonts/RobotoDistanceField" 2999
"../../../Engine/Content/EngineFonts/RobotoDistanceField.uasset" 3000
"/Engine/EngineMaterials/DefaultTextMaterialOpaque" 3001
"../../../Engine/Content/EngineMaterials/DefaultTextMaterialOpaque.uasset" 3002
"/Engine/Functions/Engine_MaterialFunctions01/Shading/PowerToRoughness" 3003
"../../../Engine/Content/Functions/Engine_MaterialFunctions01/Shading/PowerToRoughness.uasset" 3004
"/Engine/Functions/Engine_MaterialFunctions01/Shading/ConvertFromDiffSpec" 3005
"../../../Engine/Content/Functions/Engine_MaterialFunctions01/Shading/ConvertFromDiffSpec.uasset" 3006
"/Engine/EngineMaterials/WorldGridMaterial" 3007
"../../../Engine/Content/EngineMaterials/WorldGridMaterial.uasset" 3008
"../../../Engine/Content/Functions/Engine_MaterialFunctions01/Opacity/CameraDepthFade.uasset" 3009
"../../../Engine/Content/EngineMaterials/T_Default_Material_Grid_M.uasset" 3010
"../../../Engine/Content/EngineMaterials/T_Default_Material_Grid_N.uasset" 3011
"/Engine/EngineMaterials/DefaultDeferredDecalMaterial" 3012
"../../../Engine/Content/EngineMaterials/DefaultDeferredDecalMaterial.uasset" 3013
"../../../Engine/Content/EngineMaterials/DefaultDiffuse.uasset" 3014
"/Engine/EngineMaterials/DefaultLightFunctionMaterial" 3015
"../../../Engine/Content/EngineMaterials/DefaultLightFunctionMaterial.uasset" 3016
"/Engine/EngineMaterials/DefaultPostProcessMaterial" 3017
"../../../Engine/Content/EngineMaterials/DefaultPostProcessMaterial.uasset" 3018
"../../../Engine/Content/Functions/Engine_MaterialFunctions02/Utility/BreakOutFloat2Components.uasset" 3019
"/Engine/EditorResources/S_Trigger" 3020
"../../../Engine/Content/EditorResources/S_Trigger.uasset" 3021
"/Engine/EditorResources/S_TriggerBox" 3022
"../../../Engine/Content/EditorResources/S_TriggerBox.uasset" 3023
"/Engine/EditorResources/S_TriggerCapsule" 3024
"../../../Engine/Content/EditorResources/S_TriggerCapsule.uasset" 3025
"/Engine/EditorResources/S_TriggerSphere" 3026
"../../../Engine/Content/EditorResources/S_TriggerSphere.uasset" 3027
"/Engine/EngineDamageTypes/DmgTypeBP_Environmental" 3028
"../../../Engine/Content/EngineDamageTypes/DmgTypeBP_Environmental.uasset" 3029
"/Engine/EngineSky/VolumetricClouds/m_SimpleVolumetricCloud_Inst" 3030
"../../../Engine/Content/EngineSky/VolumetricClouds/m_SimpleVolumetricCloud_Inst.uasset" 3031
"../../../Engine/Content/EngineSky/VolumetricClouds/m_SimpleVolumetricCloud.uasset" 3032
"../../../Engine/Content/Functions/Engine_MaterialFunctions01/Units/Km-to-Cm.uasset" 3033
"../../../Engine/Content/Functions/Engine_MaterialFunctions02/Utility/BreakOutFloat3Components.uasset" 3034
"../../../Engine/Content/Functions/Engine_MaterialFunctions02/Utility/BreakOutFloat4Components.uasset" 3035
"../../../Engine/Content/Functions/Engine_MaterialFunctions02/Utility/MakeFloat3.uasset" 3036
"../../../Engine/Content/Functions/Engine_MaterialFunctions02/Utility/MakeFloat4.uasset" 3037
"../../../Engine/Content/EngineSky/VolumetricClouds/T_CloudMask.uasset" 3038
"../../../Engine/Content/EngineSky/VolumetricClouds/T_CloudPattern.uasset" 3039
"../../../Engine/Content/EngineSky/VolumetricClouds/T_Profile_08.uasset" 3040
"../../../Engine/Content/EngineSky/VolumetricClouds/VT_Lightning.uasset" 3041
"../../../Engine/Content/EngineSky/VolumetricClouds/VT_PerlinWorley_Balanced.uasset" 3042
"/Engine/EngineMeshes/Sphere" 3043
"../../../Engine/Content/EngineMeshes/Sphere.uasset" 3044
"/Engine/EngineResources/WhiteSquareTexture" 3045
"../../../Engine/Content/EngineResources/WhiteSquareTexture.uasset" 3046
"/Engine/EngineResources/GradientTexture0" 3047
"../../../Engine/Content/EngineResources/GradientTexture0.uasset" 3048
"/Engine/EngineResources/Black" 3049
"../../../Engine/Content/EngineResources/Black.uasset" 3050
"/Engine/EngineMaterials/Widget3DPassThrough_Translucent" 3051
"../../../Engine/Content/EngineMaterials/Widget3DPassThrough_Translucent.uasset" 3052
"../../../Engine/Content/EngineMaterials/Widget3DPassThrough.uasset" 3053
"/Engine/EngineMaterials/Widget3DPassThrough_Translucent_OneSided" 3054
"../../../Engine/Content/EngineMaterials/Widget3DPassThrough_Translucent_OneSided.uasset" 3055
"/Engine/EngineMaterials/Widget3DPassThrough_Opaque" 3056
"../../../Engine/Content/EngineMaterials/Widget3DPassThrough_Opaque.uasset" 3057
"/Engine/EngineMaterials/Widget3DPassThrough_Opaque_OneSided" 3058
"../../../Engine/Content/EngineMaterials/Widget3DPassThrough_Opaque_OneSided.uasset" 3059
"/Engine/EngineMaterials/Widget3DPassThrough_Masked" 3060
"../../../Engine/Content/EngineMaterials/Widget3DPassThrough_Masked.uasset" 3061
"/Engine/EngineMaterials/Widget3DPassThrough_Masked_OneSided" 3062
"../../../Engine/Content/EngineMaterials/Widget3DPassThrough_Masked_OneSided.uasset" 3063
"/Engine/VREditor/TransformGizmo/SM_Sequencer_Node" 3064
"../../../Engine/Content/VREditor/TransformGizmo/SM_Sequencer_Node.uasset" 3065
"../../../Engine/Content/VREditor/TransformGizmo/Main.uasset" 3066
"../../../Engine/Content/VREditor/TransformGizmo/Xray.uasset" 3067
"/Engine/EditorResources/S_Solver" 3068
"../../../Engine/Content/EditorResources/S_Solver.uasset" 3069
"/Engine/EngineDebugMaterials/VolumeToRender" 3070
"../../../Engine/Content/EngineDebugMaterials/VolumeToRender.uasset" 3071
"/Engine/EngineDebugMaterials/M_VolumeRenderSphereTracePP" 3072
"../../../Engine/Content/EngineDebugMaterials/M_VolumeRenderSphereTracePP.uasset" 3073
"../../../Engine/Content/Functions/Engine_MaterialFunctions02/Utility/CameraDirectionVector.uasset" 3074
"/Engine/VREditor/ViewportInteractionAssetContainerData" 3075
"../../../Engine/Content/VREditor/ViewportInteractionAssetContainerData.uasset" 3076
"../../../Engine/Content/VREditor/SnapGrid/SnapGridMaterial.uasset" 3077
"../../../Engine/Content/VREditor/TransformGizmo/TransformGizmoMaterial_Inst.uasset" 3078
"../../../Engine/Content/VREditor/TransformGizmo/TranslucentTransformGizmoMaterial_Inst.uasset" 3079
"../../../Engine/Content/VREditor/SnapGrid/SnapGridPlaneMesh.uasset" 3080
"../../../Engine/Content/VREditor/Sounds/UI/Drop_Item_From_ContentBrowser.uasset" 3081
"../../../Engine/Content/VREditor/Sounds/UI/Gizmo_Handle_Clicked.uasset" 3082
"../../../Engine/Content/VREditor/Sounds/UI/Object_PickUp.uasset" 3083
"../../../Engine/Content/VREditor/Sounds/UI/Object_Snaps_To_Another_Actor.uasset" 3084
"../../../Engine/Content/VREditor/Sounds/UI/Object_Snaps_To_Grid.uasset" 3085
"../../../Engine/Content/VREditor/Sounds/UI/Scaling_Down.uasset" 3086
"../../../Engine/Content/VREditor/Sounds/UI/Scaling_Up.uasset" 3087
"../../../Engine/Content/VREditor/Sounds/UI/Selection_Changes.uasset" 3088
"../../../Engine/Content/VREditor/TransformGizmo/PlaneTranslationHandle.uasset" 3089
"../../../Engine/Content/VREditor/TransformGizmo/RotationHandleFull.uasset" 3090
"../../../Engine/Content/VREditor/TransformGizmo/RotationHandleIndicator.uasset" 3091
"../../../Engine/Content/VREditor/TransformGizmo/RotationHandleQuarter.uasset" 3092
"../../../Engine/Content/VREditor/TransformGizmo/StartRotationHandleIndicator.uasset" 3093
"../../../Engine/Content/VREditor/TransformGizmo/TransformGizmoFreeRotation.uasset" 3094
"../../../Engine/Content/VREditor/TransformGizmo/TranslateArrowHandle.uasset" 3095
"../../../Engine/Content/VREditor/TransformGizmo/UniformScaleHandle.uasset" 3096
"../../../Engine/Content/Functions/Engine_MaterialFunctions02/Math/Transform3x3Matrix.uasset" 3097
"../../../Engine/Content/Functions/Engine_MaterialFunctions02/SplitComponents.uasset" 3098
"../../../Engine/Content/VREditor/TransformGizmo/TransformGizmoMaterial.uasset" 3099
"../../../Engine/Content/VREditor/TransformGizmo/TranslucentTransformGizmoMaterial.uasset" 3100
"../../../Engine/Content/VREditor/LaserPointer/VR_LaserPower_01.uasset" 3101
"/Engine/VREditor/TransformGizmo/BoundingBoxCorner" 3102
"../../../Engine/Content/VREditor/TransformGizmo/BoundingBoxCorner.uasset" 3103
"/Engine/VREditor/TransformGizmo/BoundingBoxEdge" 3104
"../../../Engine/Content/VREditor/TransformGizmo/BoundingBoxEdge.uasset" 3105
"/Engine/EditorMeshes/Camera/SM_CraneRig_Base" 3106
"../../../Engine/Content/EditorMeshes/Camera/SM_CraneRig_Base.uasset" 3107
"../../../Engine/Content/EditorMaterials/Camera/MI_CineMat_Rig.uasset" 3108
"../../../Engine/Content/EditorMaterials/Camera/CineMat.uasset" 3109
"/Engine/EditorMeshes/Camera/SM_CraneRig_Arm" 3110
"../../../Engine/Content/EditorMeshes/Camera/SM_CraneRig_Arm.uasset" 3111
"/Engine/EditorMeshes/Camera/SM_CraneRig_Mount" 3112
"../../../Engine/Content/EditorMeshes/Camera/SM_CraneRig_Mount.uasset" 3113
"/Engine/EditorMeshes/Camera/SM_CraneRig_Body" 3114
"../../../Engine/Content/EditorMeshes/Camera/SM_CraneRig_Body.uasset" 3115
"/Engine/EditorMeshes/Camera/SM_RailRig_Track" 3116
"../../../Engine/Content/EditorMeshes/Camera/SM_RailRig_Track.uasset" 3117
"/Engine/EditorMeshes/Camera/SM_RailRig_Mount" 3118
"../../../Engine/Content/EditorMeshes/Camera/SM_RailRig_Mount.uasset" 3119
"/Engine/ArtTools/RenderToTexture/Meshes/S_1_Unit_Plane" 3120
"../../../Engine/Content/ArtTools/RenderToTexture/Meshes/S_1_Unit_Plane.uasset" 3121
"/Engine/EngineDebugMaterials/M_SimpleUnlitTranslucent" 3122
"../../../Engine/Content/EngineDebugMaterials/M_SimpleUnlitTranslucent.uasset" 3123
"/Engine/EngineFonts/Roboto" 3124
"../../../Engine/Content/EngineFonts/Roboto.uasset" 3125
"../../../Engine/Content/EngineFonts/Faces/DroidSansFallback.uasset" 3126
"../../../Engine/Content/EngineFonts/Faces/RobotoBold.uasset" 3127
"../../../Engine/Content/EngineFonts/Faces/RobotoBoldItalic.uasset" 3128
"../../../Engine/Content/EngineFonts/Faces/RobotoItalic.uasset" 3129
"../../../Engine/Content/EngineFonts/Faces/RobotoLight.uasset" 3130
"../../../Engine/Content/EngineFonts/Faces/RobotoRegular.uasset" 3131
"/Engine/EditorMaterials/ParticleSystems/PSysThumbnail_NoImage" 3132
"../../../Engine/Content/EditorMaterials/ParticleSystems/PSysThumbnail_NoImage.uasset" 3133
"/Engine/EditorMaterials/ParticleSystems/PSysThumbnail_OOD" 3134
"../../../Engine/Content/EditorMaterials/ParticleSystems/PSysThumbnail_OOD.uasset" 3135
"/Engine/EditorLandscapeResources/SplineEditorMesh" 3136
"../../../Engine/Content/EditorLandscapeResources/SplineEditorMesh.uasset" 3137
"../../../Engine/Content/EditorLandscapeResources/SplineEditorMeshMat.uasset" 3138
"/Engine/EngineResources/LandscapeVisibilityLayerInfo" 3139
"../../../Engine/Content/EngineResources/LandscapeVisibilityLayerInfo.uasset" 3140
"/HairStrands/Materials/HairDebugMaterial" 3141
"../../Plugins/Runtime/HairStrands/Content/Materials/HairDebugMaterial.uasset" 3142
"../../../Engine/Content/Functions/Engine_MaterialFunctions02/Utility/MakeFloat2.uasset" 3143
"../../../Engine/Content/EngineMaterials/HairColorMap.uasset" 3144
"../../../Engine/Content/EngineMaterials/HairDebugColor.uasset" 3145
"../../Plugins/Runtime/HairStrands/Content/Materials/HairGroupColors.uasset" 3146
"/HairStrands/Materials/HairDefaultMaterial" 3147
"../../Plugins/Runtime/HairStrands/Content/Materials/HairDefaultMaterial.uasset" 3148
"/HairStrands/Materials/HairCardsDefaultMaterial" 3149
"../../Plugins/Runtime/HairStrands/Content/Materials/HairCardsDefaultMaterial.uasset" 3150
"/HairStrands/Materials/HairMeshesDefaultMaterial" 3151
"../../Plugins/Runtime/HairStrands/Content/Materials/HairMeshesDefaultMaterial.uasset" 3152
"../../../Engine/Content/Internationalization/icudt64l/coll/en.res" 3153
"/ACLPlugin/ACLAnimBoneCompressionSettings" 3154
"../../Plugins/Animation/ACLPlugin/Content/ACLAnimBoneCompressionSettings.uasset" 3155
"/Engine/Animation/DefaultRecorderBoneCompression" 3156
"../../../Engine/Content/Animation/DefaultRecorderBoneCompression.uasset" 3157
"/ACLPlugin/ACLAnimCurveCompressionSettings" 3158
"../../Plugins/Animation/ACLPlugin/Content/ACLAnimCurveCompressionSettings.uasset" 3159
"/Engine/Animation/DefaultVariableFrameStrippingSettings" 3160
"../../../Engine/Content/Animation/DefaultVariableFrameStrippingSettings.uasset" 3161
"/ControlRig/Controls/ControlRigXRayMaterial" 3162
"../../Plugins/Animation/ControlRig/Content/Controls/ControlRigXRayMaterial.uasset" 3163
"/ControlRig/Controls/DefaultGizmoLibraryNormalized" 3164
"../../Plugins/Animation/ControlRig/Content/Controls/DefaultGizmoLibraryNormalized.uasset" 3165
"/InterchangeAssets/gltf/MaterialBodies/MF_Default_Body" 3166
"../../Plugins/Interchange/Assets/Content/gltf/MaterialBodies/MF_Default_Body.uasset" 3167
"../../Plugins/Interchange/Assets/Content/gltf/MaterialFunctions/MF_BaseColor.uasset" 3168
"../../Plugins/Interchange/Assets/Content/gltf/MaterialFunctions/MF_Emissive.uasset" 3169
"../../Plugins/Interchange/Assets/Content/gltf/MaterialFunctions/MF_IOR.uasset" 3170
"../../Plugins/Interchange/Assets/Content/gltf/MaterialFunctions/MF_Iridescence.uasset" 3171
"../../Plugins/Interchange/Assets/Content/gltf/MaterialFunctions/MF_MetallicRoughness.uasset" 3172
"../../Plugins/Interchange/Assets/Content/gltf/MaterialFunctions/MF_Normals.uasset" 3173
"../../Plugins/Interchange/Assets/Content/gltf/MaterialFunctions/MF_Occlusion.uasset" 3174
"../../Plugins/Interchange/Assets/Content/gltf/MaterialFunctions/MF_ScaleNormal.uasset" 3175
"../../Plugins/Interchange/Assets/Content/gltf/MaterialFunctions/MF_Specular.uasset" 3176
"../../Plugins/Interchange/Assets/Content/gltf/MaterialFunctions/MF_SpecularAnisotropy.uasset" 3177
"../../Plugins/Interchange/Assets/Content/gltf/MaterialFunctions/MF_TransformUVs.uasset" 3178
"../../Plugins/Interchange/Assets/Content/gltf/Textures/T_Anisotropy_Direction_Linear.uasset" 3179
"../../Plugins/Interchange/Assets/Content/gltf/Textures/T_Generic_N.uasset" 3180
"../../Plugins/Interchange/Assets/Content/gltf/Textures/T_White_Linear.uasset" 3181
"../../Plugins/Interchange/Assets/Content/gltf/Textures/T_White_srgb.uasset" 3182
"../../Plugins/Interchange/Assets/Content/Functions/MF_Iridescence.uasset" 3183
"../../Plugins/Interchange/Assets/Content/gltf/MaterialFunctions/MF_RotateNormals_TS.uasset" 3184
"../../Plugins/Interchange/Assets/Content/gltf/MaterialFunctions/MF_RotateV2.uasset" 3185
"../../../Engine/Content/Functions/Engine_MaterialFunctions03/Math/RemapValueRange.uasset" 3186
"../../Plugins/Interchange/Assets/Content/Utilities/New_LUT.uasset" 3187
"/InterchangeAssets/gltf/MaterialBodies/MF_Unlit_Body" 3188
"../../Plugins/Interchange/Assets/Content/gltf/MaterialBodies/MF_Unlit_Body.uasset" 3189
"/InterchangeAssets/gltf/MaterialBodies/MF_ClearCoat_Body" 3190
"../../Plugins/Interchange/Assets/Content/gltf/MaterialBodies/MF_ClearCoat_Body.uasset" 3191
"../../Plugins/Interchange/Assets/Content/gltf/MaterialFunctions/MF_Clearcoat.uasset" 3192
"../../../Engine/Content/Functions/Engine_MaterialFunctions01/Texturing/FlattenNormal.uasset" 3193
"/InterchangeAssets/gltf/MaterialBodies/MF_Sheen_Body" 3194
"../../Plugins/Interchange/Assets/Content/gltf/MaterialBodies/MF_Sheen_Body.uasset" 3195
"../../Plugins/Interchange/Assets/Content/gltf/MaterialFunctions/MF_Sheen.uasset" 3196
"/InterchangeAssets/gltf/MaterialBodies/MF_Transmission_Body" 3197
"../../Plugins/Interchange/Assets/Content/gltf/MaterialBodies/MF_Transmission_Body.uasset" 3198
"../../Plugins/Interchange/Assets/Content/gltf/MaterialFunctions/MF_Fresnel_DS.uasset" 3199
"../../Plugins/Interchange/Assets/Content/gltf/MaterialFunctions/MF_Temporal_Blur.uasset" 3200
"../../Plugins/Interchange/Assets/Content/gltf/MaterialFunctions/MF_Transmission.uasset" 3201
"../../../Engine/Content/Functions/Engine_MaterialFunctions02/Texturing/ScreenAlignedPixelToPixelUVs.uasset" 3202
"../../../Engine/Content/EngineMaterials/Good64x64TilingNoiseHighFreq.uasset" 3203
"/InterchangeAssets/gltf/MaterialBodies/MF_SpecularGlossiness_Body" 3204
"../../Plugins/Interchange/Assets/Content/gltf/MaterialBodies/MF_SpecularGlossiness_Body.uasset" 3205
"../../Plugins/Interchange/Assets/Content/gltf/MaterialFunctions/MF_DiffuseSpecGloss.uasset" 3206
"../../Plugins/Interchange/Assets/Content/gltf/MaterialFunctions/MF_MaxComponentValue.uasset" 3207
"../../Plugins/Interchange/Assets/Content/gltf/MaterialFunctions/MF_SpecGlossToMetalRoughness.uasset" 3208
"../../Plugins/Interchange/Assets/Content/gltf/MaterialFunctions/MF_PerceivedBrightness.uasset" 3209
"../../../Engine/Content/Functions/Engine_MaterialFunctions02/Math/AddComponents.uasset" 3210
"/AudioWidgets/AudioMaterialSlate/MI_AudioMaterialToggleButton" 3211
"../../Plugins/Runtime/AudioWidgets/Content/AudioMaterialSlate/MI_AudioMaterialToggleButton.uasset" 3212
"../../Plugins/Runtime/AudioWidgets/Content/AudioMaterialSlate/M_AudioMaterialToggleButton.uasset" 3213
"../../Plugins/Runtime/AudioWidgets/Content/AudioMaterialSlate/Functions/MF_AngleGradient.uasset" 3214
"../../Plugins/Runtime/AudioWidgets/Content/AudioMaterialSlate/Functions/MF_SingleLine.uasset" 3215
"../../Plugins/Runtime/AudioWidgets/Content/AudioMaterialSlate/Functions/MF_SingleLine_Smooth.uasset" 3216
"../../../Engine/Content/Functions/Engine_MaterialFunctions01/Gradient/SphereGradient-2D.uasset" 3217
"../../../Engine/Content/Functions/Engine_MaterialFunctions01/Texturing/ScaleUVsByCenter.uasset" 3218
"../../../Engine/Content/Functions/Engine_MaterialFunctions02/Texturing/CustomRotator.uasset" 3219
"/AudioWidgets/Resources/ScrubHandleDown_Clamped" 3220
"../../Plugins/Runtime/AudioWidgets/Content/Resources/ScrubHandleDown_Clamped.uasset" 3221
"/AudioWidgets/AudioMaterialSlate/MI_AudioMaterialKnob" 3222
"../../Plugins/Runtime/AudioWidgets/Content/AudioMaterialSlate/MI_AudioMaterialKnob.uasset" 3223
"../../Plugins/Runtime/AudioWidgets/Content/AudioMaterialSlate/M_AudioMaterialKnob.uasset" 3224
"../../../Engine/Content/Functions/Engine_MaterialFunctions02/Lerp_3Color.uasset" 3225
"/AudioWidgets/AudioMaterialSlate/MI_AudioMaterialMeter" 3226
"../../Plugins/Runtime/AudioWidgets/Content/AudioMaterialSlate/MI_AudioMaterialMeter.uasset" 3227
"../../Plugins/Runtime/AudioWidgets/Content/AudioMaterialSlate/M_AudioMaterialMeter.uasset" 3228
"../../Plugins/Runtime/AudioWidgets/Content/AudioMaterialSlate/Functions/MF_Lines.uasset" 3229
"/AudioWidgets/AudioMaterialSlate/MI_AudioMaterialEnvelope_ADSR" 3230
"../../Plugins/Runtime/AudioWidgets/Content/AudioMaterialSlate/MI_AudioMaterialEnvelope_ADSR.uasset" 3231
"../../Plugins/Runtime/AudioWidgets/Content/AudioMaterialSlate/M_AudioMaterialEnvelope_ADSR.uasset" 3232
"../../Plugins/Runtime/AudioWidgets/Content/AudioMaterialSlate/Functions/MF_DotOutlined.uasset" 3233
"../../../Engine/Content/Functions/Engine_MaterialFunctions01/Gradient/GeneratedRoundRect.uasset" 3234
"../../../Engine/Content/Functions/Engine_MaterialFunctions02/Utility/VectorLength.uasset" 3235
"/AudioWidgets/AudioMaterialSlate/MI_AudioMaterialRoundedSlider" 3236
"../../Plugins/Runtime/AudioWidgets/Content/AudioMaterialSlate/MI_AudioMaterialRoundedSlider.uasset" 3237
"../../Plugins/Runtime/AudioWidgets/Content/AudioMaterialSlate/M_AudioMaterialRoundedSlider.uasset" 3238
"/Paper2D/MaskedUnlitSpriteMaterial" 3239
"../../Plugins/2D/Paper2D/Content/MaskedUnlitSpriteMaterial.uasset" 3240
"../../Plugins/2D/Paper2D/Content/DefaultSpriteMaterial.uasset" 3241
"../../Plugins/2D/Paper2D/Content/PlaceholderTextures/DummySpriteTexture.uasset" 3242
"/Paper2D/OpaqueUnlitSpriteMaterial" 3243
"../../Plugins/2D/Paper2D/Content/OpaqueUnlitSpriteMaterial.uasset" 3244
"/Paper2D/DefaultPaperTerrainMaterial" 3245
"../../Plugins/2D/Paper2D/Content/DefaultPaperTerrainMaterial.uasset" 3246
"../../Plugins/2D/Paper2D/Content/DummySprite.uasset" 3247
"/ControlRig/M_Manip" 3248
"../../Plugins/Animation/ControlRig/Content/M_Manip.uasset" 3249
"../../../Engine/Content/Functions/Engine_MaterialFunctions02/WorldPositionOffset/CameraOffset.uasset" 3250
"/Game/02-BP/Player/BP_Player" 3251
"../../../../../../Project-KJh/project-ARPGHunter/Content/02-BP/Player/BP_Player.uasset" 3252
"../../../../../../Project-KJh/project-ARPGHunter/Content/02-BP/Player/Animation/ABP_Player.uasset" 3253
"../../../../../../Project-KJh/project-ARPGHunter/Content/99-Asset/Character/CyberSoldier/Character/Mesh/Seperates/Cyber_Soldier_Bottom1.uasset" 3254
"../../../../../../Project-KJh/project-ARPGHunter/Content/99-Asset/Character/CyberSoldier/Character/Mesh/Seperates/Cyber_Soldier_Head2.uasset" 3255
"../../../../../../Project-KJh/project-ARPGHunter/Content/99-Asset/Character/CyberSoldier/Character/Mesh/Seperates/Cyber_Soldier_Top2.uasset" 3256
"../../../../../../Project-KJh/project-ARPGHunter/Content/99-Asset/Prop/Weapons/SK_Sword.uasset" 3257
"../../../../../../Project-KJh/project-ARPGHunter/Content/02-BP/Player/Animation/Sword/CS_Hit_Combat_Death_LastFrame.uasset" 3258
"../../../../../../Project-KJh/project-ARPGHunter/Content/02-BP/Player/Animation/Sword/CS_Idle_Combat_Seq.uasset" 3259
"../../../../../../Project-KJh/project-ARPGHunter/Content/02-BP/Player/Animation/Sword/CS_Jump_Combat_End_0_Seq.uasset" 3260
"../../../../../../Project-KJh/project-ARPGHunter/Content/02-BP/Player/Animation/Sword/CS_Jump_Combat_Loop_0_Seq.uasset" 3261
"../../../../../../Project-KJh/project-ARPGHunter/Content/02-BP/Player/Animation/Sword/CS_NonCombat_Idle_v02_Seq.uasset" 3262
"../../../../../../Project-KJh/project-ARPGHunter/Content/02-BP/Player/Animation/Sword/CS_BS_CombatMove.uasset" 3263
"../../../../../../Project-KJh/project-ARPGHunter/Content/02-BP/Player/Animation/Sword/CS_BS_NonCombat_Move.uasset" 3264
"../../../../../../Project-KJh/project-ARPGHunter/Content/99-Asset/Character/CyberSoldier/Character/Mesh/Cyber_Soldier_Mesh_Skeleton.uasset" 3265
"../../../../../../Project-KJh/project-ARPGHunter/Content/99-Asset/Character/CyberSoldier/Character/Textures/Body/MI_Cyber_Soldier2.uasset" 3266
"../../../../../../Project-KJh/project-ARPGHunter/Content/99-Asset/Character/CyberSoldier/Character/Mesh/Seperates/Cyber_Soldier_Bottom_PhysicsAsset.uasset" 3267
"../../../../../../Project-KJh/project-ARPGHunter/Content/99-Asset/Character/CyberSoldier/Character/Textures/Heads/MI_Cyber_Soldier_Head3.uasset" 3268
"../../../../../../Project-KJh/project-ARPGHunter/Content/99-Asset/Character/CyberSoldier/Character/Mesh/Seperates/Cyber_Soldier_Head_PhysicsAsset.uasset" 3269
"../../../../../../Project-KJh/project-ARPGHunter/Content/99-Asset/Character/CyberSoldier/Character/Textures/Body/MI_Cyber_Soldier3.uasset" 3270
"../../../../../../Project-KJh/project-ARPGHunter/Content/99-Asset/Character/CyberSoldier/Character/Mesh/Seperates/Cyber_Soldier_Top_PhysicsAsset.uasset" 3271
"../../../../../../Project-KJh/project-ARPGHunter/Content/99-Asset/Prop/Weapons/MI_Swords.uasset" 3272
"../../../../../../Project-KJh/project-ARPGHunter/Content/99-Asset/Prop/Weapons/SK_Sword_Skeleton.uasset" 3273
"../../../../../../Project-KJh/project-ARPGHunter/Content/99-Asset/Prop/Weapons/Sword_PhysicsAsset.uasset" 3274
"../../../Engine/Content/Animation/DefaultAnimCurveCompressionSettings.uasset" 3275
"../../../../../../Project-KJh/project-ARPGHunter/Content/02-BP/Player/Animation/Sword/CS_Idle_Combat_v02_Seq.uasset" 3276
"../../../../../../Project-KJh/project-ARPGHunter/Content/02-BP/Player/Animation/Sword/CS_Run_Combat_Loop_B_180_Seq.uasset" 3277
"../../../../../../Project-KJh/project-ARPGHunter/Content/02-BP/Player/Animation/Sword/CS_Run_Combat_Loop_B_L_45_Seq.uasset" 3278
"../../../../../../Project-KJh/project-ARPGHunter/Content/02-BP/Player/Animation/Sword/CS_Run_Combat_Loop_B_R_45_Seq.uasset" 3279
"../../../../../../Project-KJh/project-ARPGHunter/Content/02-BP/Player/Animation/Sword/CS_Run_Combat_Loop_F_0_Seq.uasset" 3280
"../../../../../../Project-KJh/project-ARPGHunter/Content/02-BP/Player/Animation/Sword/CS_Run_Combat_Loop_F_L_45_Seq.uasset" 3281
"../../../../../../Project-KJh/project-ARPGHunter/Content/02-BP/Player/Animation/Sword/CS_Run_Combat_Loop_F_L_90_Seq.uasset" 3282
"../../../../../../Project-KJh/project-ARPGHunter/Content/02-BP/Player/Animation/Sword/CS_Run_Combat_Loop_F_R_45_Seq.uasset" 3283
"../../../../../../Project-KJh/project-ARPGHunter/Content/02-BP/Player/Animation/Sword/CS_Run_Combat_Loop_F_R_90_Seq.uasset" 3284
"../../../../../../Project-KJh/project-ARPGHunter/Content/02-BP/Player/Animation/Sword/CS_Walk_Combat_Loop_B_180_Seq.uasset" 3285
"../../../../../../Project-KJh/project-ARPGHunter/Content/02-BP/Player/Animation/Sword/CS_Walk_Combat_Loop_B_L_45_Seq.uasset" 3286
"../../../../../../Project-KJh/project-ARPGHunter/Content/02-BP/Player/Animation/Sword/CS_Walk_Combat_Loop_B_R_45_Seq.uasset" 3287
"../../../../../../Project-KJh/project-ARPGHunter/Content/02-BP/Player/Animation/Sword/CS_Walk_Combat_Loop_F_0_Seq.uasset" 3288
"../../../../../../Project-KJh/project-ARPGHunter/Content/02-BP/Player/Animation/Sword/CS_Walk_Combat_Loop_F_L_45_Seq.uasset" 3289
"../../../../../../Project-KJh/project-ARPGHunter/Content/02-BP/Player/Animation/Sword/CS_Walk_Combat_Loop_F_L_90_Seq.uasset" 3290
"../../../../../../Project-KJh/project-ARPGHunter/Content/02-BP/Player/Animation/Sword/CS_Walk_Combat_Loop_F_R_45_Seq.uasset" 3291
"../../../../../../Project-KJh/project-ARPGHunter/Content/02-BP/Player/Animation/Sword/CS_Walk_Combat_Loop_F_R_90_Seq.uasset" 3292
"../../../../../../Project-KJh/project-ARPGHunter/Content/02-BP/Player/Animation/Sword/CS_NonCombat_Run_Loop_B_180_Seq.uasset" 3293
"../../../../../../Project-KJh/project-ARPGHunter/Content/02-BP/Player/Animation/Sword/CS_NonCombat_Run_Loop_B_L_45_Seq.uasset" 3294
"../../../../../../Project-KJh/project-ARPGHunter/Content/02-BP/Player/Animation/Sword/CS_NonCombat_Run_Loop_B_R_45_Seq.uasset" 3295
"../../../../../../Project-KJh/project-ARPGHunter/Content/02-BP/Player/Animation/Sword/CS_NonCombat_Run_Loop_F_0_Seq.uasset" 3296
"../../../../../../Project-KJh/project-ARPGHunter/Content/02-BP/Player/Animation/Sword/CS_NonCombat_Run_Loop_F_L_45_Seq.uasset" 3297
"../../../../../../Project-KJh/project-ARPGHunter/Content/02-BP/Player/Animation/Sword/CS_NonCombat_Run_Loop_F_L_90_Seq.uasset" 3298
"../../../../../../Project-KJh/project-ARPGHunter/Content/02-BP/Player/Animation/Sword/CS_NonCombat_Run_Loop_F_R_45_Seq.uasset" 3299
"../../../../../../Project-KJh/project-ARPGHunter/Content/02-BP/Player/Animation/Sword/CS_NonCombat_Run_Loop_F_R_90_Seq.uasset" 3300
"../../../../../../Project-KJh/project-ARPGHunter/Content/02-BP/Player/Animation/Sword/CS_NonCombat_Walk_Loop_B_180_Seq.uasset" 3301
"../../../../../../Project-KJh/project-ARPGHunter/Content/02-BP/Player/Animation/Sword/CS_NonCombat_Walk_Loop_B_L_45_Seq.uasset" 3302
"../../../../../../Project-KJh/project-ARPGHunter/Content/02-BP/Player/Animation/Sword/CS_NonCombat_Walk_Loop_B_R_45_Seq.uasset" 3303
"../../../../../../Project-KJh/project-ARPGHunter/Content/02-BP/Player/Animation/Sword/CS_NonCombat_Walk_Loop_F_0_Seq.uasset" 3304
"../../../../../../Project-KJh/project-ARPGHunter/Content/02-BP/Player/Animation/Sword/CS_NonCombat_Walk_Loop_F_L_45_Seq.uasset" 3305
"../../../../../../Project-KJh/project-ARPGHunter/Content/02-BP/Player/Animation/Sword/CS_NonCombat_Walk_Loop_F_L_90_Seq.uasset" 3306
"../../../../../../Project-KJh/project-ARPGHunter/Content/02-BP/Player/Animation/Sword/CS_NonCombat_Walk_Loop_F_R_45_Seq.uasset" 3307
"../../../../../../Project-KJh/project-ARPGHunter/Content/02-BP/Player/Animation/Sword/CS_NonCombat_Walk_Loop_F_R_90_Seq.uasset" 3308
"../../../../../../Project-KJh/project-ARPGHunter/Content/05-Material/M_CharacterMaster.uasset" 3309
"../../../../../../Project-KJh/project-ARPGHunter/Content/99-Asset/Character/CyberSoldier/Character/Textures/Body/Cyber_Soldier_Albedo_2.uasset" 3310
"../../../../../../Project-KJh/project-ARPGHunter/Content/99-Asset/Character/CyberSoldier/Character/Textures/Body/Cyber_Soldier_Ao.uasset" 3311
"../../../../../../Project-KJh/project-ARPGHunter/Content/99-Asset/Character/CyberSoldier/Character/Textures/Body/Cyber_Soldier_Metallic.uasset" 3312
"../../../../../../Project-KJh/project-ARPGHunter/Content/99-Asset/Character/CyberSoldier/Character/Textures/Body/Cyber_Soldier_Normal.uasset" 3313
"../../../../../../Project-KJh/project-ARPGHunter/Content/99-Asset/Character/CyberSoldier/Character/Textures/Heads/Cyber_Soldier_Heads_Albedo3.uasset" 3314
"../../../../../../Project-KJh/project-ARPGHunter/Content/99-Asset/Character/CyberSoldier/Character/Textures/Heads/Cyber_Soldier_Heads_Ao.uasset" 3315
"../../../../../../Project-KJh/project-ARPGHunter/Content/99-Asset/Character/CyberSoldier/Character/Textures/Heads/Cyber_Soldier_Heads_Emissive.uasset" 3316
"../../../../../../Project-KJh/project-ARPGHunter/Content/99-Asset/Character/CyberSoldier/Character/Textures/Heads/Cyber_Soldier_Heads_Metallic.uasset" 3317
"../../../../../../Project-KJh/project-ARPGHunter/Content/99-Asset/Character/CyberSoldier/Character/Textures/Heads/Cyber_Soldier_Heads_Normals.uasset" 3318
"../../../../../../Project-KJh/project-ARPGHunter/Content/99-Asset/Character/CyberSoldier/Character/Textures/Body/Cyber_Soldier_Albedo_3.uasset" 3319
"../../../../../../Project-KJh/project-ARPGHunter/Content/99-Asset/Prop/Weapons/Common/Materials/MaterialMasters/Clothing/M_ColorMaster_V2.uasset" 3320
"../../../../../../Project-KJh/project-ARPGHunter/Content/99-Asset/Prop/Weapons/Common/Textures/Utility/T_PatternA_BC.uasset" 3321
"../../../../../../Project-KJh/project-ARPGHunter/Content/99-Asset/Prop/Weapons/T_Swords_BC.uasset" 3322
"../../../../../../Project-KJh/project-ARPGHunter/Content/99-Asset/Prop/Weapons/T_Swords_Dirt.uasset" 3323
"../../../../../../Project-KJh/project-ARPGHunter/Content/99-Asset/Prop/Weapons/T_Swords_EM.uasset" 3324
"../../../../../../Project-KJh/project-ARPGHunter/Content/99-Asset/Prop/Weapons/T_Swords_M.uasset" 3325
"../../../../../../Project-KJh/project-ARPGHunter/Content/99-Asset/Prop/Weapons/T_Swords_N.uasset" 3326
"../../../../../../Project-KJh/project-ARPGHunter/Content/99-Asset/Prop/Weapons/T_Swords_ORM.uasset" 3327
"../../../../../../Project-KJh/project-ARPGHunter/Content/99-Asset/Sound/SFX/Footsteps_Volume_02/Footstep_Cue.uasset" 3328
"../../../../../../Project-KJh/project-ARPGHunter/Content/99-Asset/Character/CyberSoldier/Character/Textures/Heads/Cyber_Soldier_Heads_Albedo1.uasset" 3329
"../../../Engine/Content/Functions/Engine_MaterialFunctions01/Gradient/LinearGradient.uasset" 3330
"../../../Engine/Content/Functions/Engine_MaterialFunctions03/ComplexMotion/Motion_4WayChaos.uasset" 3331
"../../../../../../Project-KJh/project-ARPGHunter/Content/99-Asset/Prop/Weapons/Common/Materials/MaterialMasters/Clothing/MF_BlendColor_V2.uasset" 3332
"../../../../../../Project-KJh/project-ARPGHunter/Content/99-Asset/Prop/Weapons/Common/Materials/MaterialMasters/Effects/MF_Energy.uasset" 3333
"../../../../../../Project-KJh/project-ARPGHunter/Content/99-Asset/Prop/Weapons/Common/Textures/UnderWear/T_Bikini_BC.uasset" 3334
"../../../../../../Project-KJh/project-ARPGHunter/Content/99-Asset/Prop/Weapons/Common/Textures/UnderWear/T_Bikini_Dirt.uasset" 3335
"../../../../../../Project-KJh/project-ARPGHunter/Content/99-Asset/Prop/Weapons/Common/Textures/UnderWear/T_Bikini_M.uasset" 3336
"../../../../../../Project-KJh/project-ARPGHunter/Content/99-Asset/Prop/Weapons/Common/Textures/UnderWear/T_Bikini_N.uasset" 3337
"../../../../../../Project-KJh/project-ARPGHunter/Content/99-Asset/Prop/Weapons/Common/Textures/UnderWear/T_Bikini_ORM.uasset" 3338
"../../../../../../Project-KJh/project-ARPGHunter/Content/99-Asset/Prop/Weapons/Common/Textures/Utility/T_TextureSample1_BC.uasset" 3339
"../../../../../../Project-KJh/project-ARPGHunter/Content/99-Asset/Prop/Weapons/Common/Textures/Utility/T_TextureSample2_BC.uasset" 3340
"../../../../../../Project-KJh/project-ARPGHunter/Content/99-Asset/Prop/Weapons/Common/Textures/Utility/T_TextureSample3_BC.uasset" 3341
"../../../../../../Project-KJh/project-ARPGHunter/Content/99-Asset/Sound/SFX/Footsteps_Volume_02/WAV/Footstep_Shoe_On_Street_01.uasset" 3342
"../../../../../../Project-KJh/project-ARPGHunter/Content/99-Asset/Sound/SFX/Footsteps_Volume_02/WAV/Footstep_Shoe_On_Street_02.uasset" 3343
"../../../../../../Project-KJh/project-ARPGHunter/Content/99-Asset/Sound/SFX/Footsteps_Volume_02/WAV/Footstep_Shoe_On_Street_03.uasset" 3344
"../../../../../../Project-KJh/project-ARPGHunter/Content/99-Asset/Sound/SFX/Footsteps_Volume_02/WAV/Footstep_Shoe_On_Street_04.uasset" 3345
"../../../../../../Project-KJh/project-ARPGHunter/Content/99-Asset/Sound/SFX/Footsteps_Volume_02/WAV/Footstep_Shoe_On_Street_05.uasset" 3346
"../../../../../../Project-KJh/project-ARPGHunter/Content/99-Asset/Sound/SFX/Footsteps_Volume_02/WAV/Footstep_Shoe_On_Street_06.uasset" 3347
"../../../../../../Project-KJh/project-ARPGHunter/Content/99-Asset/Sound/SFX/Footsteps_Volume_02/WAV/Footstep_Shoe_On_Street_07.uasset" 3348
"../../../../../../Project-KJh/project-ARPGHunter/Content/99-Asset/Sound/SFX/Footsteps_Volume_02/WAV/Footstep_Shoe_On_Street_08.uasset" 3349
"../../../../../../Project-KJh/project-ARPGHunter/Content/99-Asset/Sound/SFX/Footsteps_Volume_02/WAV/Footstep_Shoe_On_Street_09.uasset" 3350
"/Game/02-BP/CameraShake/BP_CameraShake_OnAttack" 3351
"../../../../../../Project-KJh/project-ARPGHunter/Content/02-BP/CameraShake/BP_CameraShake_OnAttack.uasset" 3352
"/Game/02-BP/CameraShake/BP_CameraShake_OnHit" 3353
"../../../../../../Project-KJh/project-ARPGHunter/Content/02-BP/CameraShake/BP_CameraShake_OnHit.uasset" 3354
"/Game/06-UI/WBP_InteractIndicator" 3355
"../../../../../../Project-KJh/project-ARPGHunter/Content/06-UI/WBP_InteractIndicator.uasset" 3356
"../../../../../../Project-KJh/project-ARPGHunter/Content/99-Asset/Font/NotoSansKR-ExtraBold_Font.uasset" 3357
"../../../../../../Project-KJh/project-ARPGHunter/Content/99-Asset/Font/NotoSansKR-Light_Font.uasset" 3358
"../../../../../../Project-KJh/project-ARPGHunter/Content/99-Asset/EasyInputPrompts/GraphicContent/MouseAndKeyboard/T_Keyboard_F.uasset" 3359
"../../../../../../Project-KJh/project-ARPGHunter/Content/99-Asset/Font/NotoSansKR-ExtraBold.uasset" 3360
"../../../../../../Project-KJh/project-ARPGHunter/Content/99-Asset/Font/NotoSansKR-Light.uasset" 3361
"/Game/02-BP/Sound/BP_BGMPlayer" 3362
"../../../../../../Project-KJh/project-ARPGHunter/Content/02-BP/Sound/BP_BGMPlayer.uasset" 3363
"/Game/02-BP/Monster/AI/BT_BossMonster" 3364
"../../../../../../Project-KJh/project-ARPGHunter/Content/02-BP/Monster/AI/BT_BossMonster.uasset" 3365
"../../../../../../Project-KJh/project-ARPGHunter/Content/02-BP/Monster/AI/BB_RegularMonster.uasset" 3366
"/Game/02-BP/Monster/AI/BB_BossMonster" 3367
"../../../../../../Project-KJh/project-ARPGHunter/Content/02-BP/Monster/AI/BB_BossMonster.uasset" 3368
"/Game/06-UI/WBP_BossStatusBar" 3369
"../../../../../../Project-KJh/project-ARPGHunter/Content/06-UI/WBP_BossStatusBar.uasset" 3370
"../../../../../../Project-KJh/project-ARPGHunter/Content/99-Asset/UI/StatusBar/BossStaggerBar.uasset" 3371
"../../../../../../Project-KJh/project-ARPGHunter/Content/99-Asset/UI/StatusBar/BossStatusBar.uasset" 3372
"../../../../../../Project-KJh/project-ARPGHunter/Content/99-Asset/UI/White.uasset" 3373
"/Game/02-BP/Monster/BP_RegularMonster" 3374
"../../../../../../Project-KJh/project-ARPGHunter/Content/02-BP/Monster/BP_RegularMonster.uasset" 3375
"/Game/02-BP/Monster/AI/BT_RegularMonster" 3376
"../../../../../../Project-KJh/project-ARPGHunter/Content/02-BP/Monster/AI/BT_RegularMonster.uasset" 3377
"/Game/06-UI/WBP_MonsterStatusBar" 3378
"../../../../../../Project-KJh/project-ARPGHunter/Content/06-UI/WBP_MonsterStatusBar.uasset" 3379
"../../../../../../Project-KJh/project-ARPGHunter/Content/99-Asset/UI/MonsterStatusBar_Deco.uasset" 3380
"/Game/02-BP/Monster/BP_BossMonster" 3381
"../../../../../../Project-KJh/project-ARPGHunter/Content/02-BP/Monster/BP_BossMonster.uasset" 3382
"../../../../../../Project-KJh/project-ARPGHunter/Content/99-Asset/Character/CyberSoldier/Monster/Sci_Fi_Defender/Defender_Mesh.uasset" 3383
"../../../../../../Project-KJh/project-ARPGHunter/Content/99-Asset/Character/CyberSoldier/Monster/Sci_Fi_Defender/MI_Sci_Fi_Defender_Arms_Legs.uasset" 3384
"../../../../../../Project-KJh/project-ARPGHunter/Content/99-Asset/Character/CyberSoldier/Monster/Sci_Fi_Defender/MI_Sci_Fi_Defender_Body.uasset" 3385
"../../../../../../Project-KJh/project-ARPGHunter/Content/99-Asset/Character/CyberSoldier/Monster/Sci_Fi_Defender/MI_Sci_Fi_Defender_Legs_Details.uasset" 3386
"../../../../../../Project-KJh/project-ARPGHunter/Content/99-Asset/Character/CyberSoldier/Weapon/Defender_Rifle_1/MI_Sci_Fi_Defender_Weapon.uasset" 3387
"../../../../../../Project-KJh/project-ARPGHunter/Content/99-Asset/Character/CyberSoldier/Monster/Sci_Fi_Defender/Defender_Mesh_PhysicsAsset.uasset" 3388
"../../../../../../Project-KJh/project-ARPGHunter/Content/99-Asset/Character/CyberSoldier/Monster/Sci_Fi_Defender/Defender_Mesh_Skeleton.uasset" 3389
"../../../../../../Project-KJh/project-ARPGHunter/Content/99-Asset/Character/CyberSoldier/Monster/Sci_Fi_Defender/Defender_Arms_Legs_Albedo_01.uasset" 3390
"../../../../../../Project-KJh/project-ARPGHunter/Content/99-Asset/Character/CyberSoldier/Monster/Sci_Fi_Defender/Defender_Arms_Legs_Ao.uasset" 3391
"../../../../../../Project-KJh/project-ARPGHunter/Content/99-Asset/Character/CyberSoldier/Monster/Sci_Fi_Defender/Defender_Arms_Legs_Emissive.uasset" 3392
"../../../../../../Project-KJh/project-ARPGHunter/Content/99-Asset/Character/CyberSoldier/Monster/Sci_Fi_Defender/Defender_Arms_Legs_Metallic.uasset" 3393
"../../../../../../Project-KJh/project-ARPGHunter/Content/99-Asset/Character/CyberSoldier/Monster/Sci_Fi_Defender/Defender_Arms_Legs_Normals.uasset" 3394
"../../../../../../Project-KJh/project-ARPGHunter/Content/99-Asset/Character/CyberSoldier/Monster/Sci_Fi_Defender/Defender_Body_Albedo_01.uasset" 3395
"../../../../../../Project-KJh/project-ARPGHunter/Content/99-Asset/Character/CyberSoldier/Monster/Sci_Fi_Defender/Defender_Body_Ao.uasset" 3396
"../../../../../../Project-KJh/project-ARPGHunter/Content/99-Asset/Character/CyberSoldier/Monster/Sci_Fi_Defender/Defender_Body_Emissive.uasset" 3397
"../../../../../../Project-KJh/project-ARPGHunter/Content/99-Asset/Character/CyberSoldier/Monster/Sci_Fi_Defender/Defender_Body_Metallic.uasset" 3398
"../../../../../../Project-KJh/project-ARPGHunter/Content/99-Asset/Character/CyberSoldier/Monster/Sci_Fi_Defender/Defender_Body_Normals.uasset" 3399
"../../../../../../Project-KJh/project-ARPGHunter/Content/99-Asset/Character/CyberSoldier/Monster/Sci_Fi_Defender/Legs_Details_Albedo_01.uasset" 3400
"../../../../../../Project-KJh/project-ARPGHunter/Content/99-Asset/Character/CyberSoldier/Monster/Sci_Fi_Defender/Legs_Details_Ao.uasset" 3401
"../../../../../../Project-KJh/project-ARPGHunter/Content/99-Asset/Character/CyberSoldier/Monster/Sci_Fi_Defender/Legs_Details_Metallic.uasset" 3402
"../../../../../../Project-KJh/project-ARPGHunter/Content/99-Asset/Character/CyberSoldier/Monster/Sci_Fi_Defender/Legs_Details_Normals.uasset" 3403
"../../../../../../Project-KJh/project-ARPGHunter/Content/99-Asset/Character/CyberSoldier/Weapon/Defender_Rifle_1/Defender_Weapon_Albedo_01.uasset" 3404
"../../../../../../Project-KJh/project-ARPGHunter/Content/99-Asset/Character/CyberSoldier/Weapon/Defender_Rifle_1/Defender_Weapon_Ao.uasset" 3405
"../../../../../../Project-KJh/project-ARPGHunter/Content/99-Asset/Character/CyberSoldier/Weapon/Defender_Rifle_1/Defender_Weapon_Emissive.uasset" 3406
"../../../../../../Project-KJh/project-ARPGHunter/Content/99-Asset/Character/CyberSoldier/Weapon/Defender_Rifle_1/Defender_Weapon_Metallic.uasset" 3407
"../../../../../../Project-KJh/project-ARPGHunter/Content/99-Asset/Character/CyberSoldier/Weapon/Defender_Rifle_1/Defender_Weapon_Normal.uasset" 3408
"/Game/06-UI/WBP_InputGuide" 3409
"../../../../../../Project-KJh/project-ARPGHunter/Content/06-UI/WBP_InputGuide.uasset" 3410
"../../../../../../Project-KJh/project-ARPGHunter/Content/99-Asset/Font/NotoSansKR-Regular_Font.uasset" 3411
"../../../../../../Project-KJh/project-ARPGHunter/Content/06-UI/WBP_PageCategory.uasset" 3412
"../../../../../../Project-KJh/project-ARPGHunter/Content/99-Asset/EasyInputPrompts/GraphicContent/MouseAndKeyboard/T_Keyboard_1.uasset" 3413
"../../../../../../Project-KJh/project-ARPGHunter/Content/99-Asset/EasyInputPrompts/GraphicContent/MouseAndKeyboard/T_Keyboard_2.uasset" 3414
"../../../../../../Project-KJh/project-ARPGHunter/Content/99-Asset/EasyInputPrompts/GraphicContent/MouseAndKeyboard/T_Keyboard_3.uasset" 3415
"../../../../../../Project-KJh/project-ARPGHunter/Content/99-Asset/EasyInputPrompts/GraphicContent/MouseAndKeyboard/T_Keyboard_4.uasset" 3416
"../../../../../../Project-KJh/project-ARPGHunter/Content/99-Asset/EasyInputPrompts/GraphicContent/MouseAndKeyboard/T_Keyboard_A.uasset" 3417
"../../../../../../Project-KJh/project-ARPGHunter/Content/99-Asset/EasyInputPrompts/GraphicContent/MouseAndKeyboard/T_Keyboard_D.uasset" 3418
"../../../../../../Project-KJh/project-ARPGHunter/Content/99-Asset/EasyInputPrompts/GraphicContent/MouseAndKeyboard/T_Keyboard_Escape.uasset" 3419
"../../../../../../Project-KJh/project-ARPGHunter/Content/99-Asset/EasyInputPrompts/GraphicContent/MouseAndKeyboard/T_Keyboard_F1.uasset" 3420
"../../../../../../Project-KJh/project-ARPGHunter/Content/99-Asset/EasyInputPrompts/GraphicContent/MouseAndKeyboard/T_Keyboard_I.uasset" 3421
"../../../../../../Project-KJh/project-ARPGHunter/Content/99-Asset/EasyInputPrompts/GraphicContent/MouseAndKeyboard/T_Keyboard_K.uasset" 3422
"../../../../../../Project-KJh/project-ARPGHunter/Content/99-Asset/EasyInputPrompts/GraphicContent/MouseAndKeyboard/T_Keyboard_LeftMouseButton.uasset" 3423
"../../../../../../Project-KJh/project-ARPGHunter/Content/99-Asset/EasyInputPrompts/GraphicContent/MouseAndKeyboard/T_Keyboard_LeftShift.uasset" 3424
"../../../../../../Project-KJh/project-ARPGHunter/Content/99-Asset/EasyInputPrompts/GraphicContent/MouseAndKeyboard/T_Keyboard_MouseXY2D-Axis.uasset" 3425
"../../../../../../Project-KJh/project-ARPGHunter/Content/99-Asset/EasyInputPrompts/GraphicContent/MouseAndKeyboard/T_Keyboard_R.uasset" 3426
"../../../../../../Project-KJh/project-ARPGHunter/Content/99-Asset/EasyInputPrompts/GraphicContent/MouseAndKeyboard/T_Keyboard_RightMouseButton.uasset" 3427
"../../../../../../Project-KJh/project-ARPGHunter/Content/99-Asset/EasyInputPrompts/GraphicContent/MouseAndKeyboard/T_Keyboard_S.uasset" 3428
"../../../../../../Project-KJh/project-ARPGHunter/Content/99-Asset/EasyInputPrompts/GraphicContent/MouseAndKeyboard/T_Keyboard_SpaceBar.uasset" 3429
"../../../../../../Project-KJh/project-ARPGHunter/Content/99-Asset/EasyInputPrompts/GraphicContent/MouseAndKeyboard/T_Keyboard_Tab.uasset" 3430
"../../../../../../Project-KJh/project-ARPGHunter/Content/99-Asset/EasyInputPrompts/GraphicContent/MouseAndKeyboard/T_Keyboard_W.uasset" 3431
"../../../../../../Project-KJh/project-ARPGHunter/Content/99-Asset/UI/Arrow_Left.uasset" 3432
"../../../../../../Project-KJh/project-ARPGHunter/Content/99-Asset/UI/Arrow_Right.uasset" 3433
"../../../../../../Project-KJh/project-ARPGHunter/Content/99-Asset/UI/InputImg/Keyboard_WireFrame.uasset" 3434
"../../../../../../Project-KJh/project-ARPGHunter/Content/99-Asset/UI/InputImg/Mouse_WireFrame.uasset" 3435
"../../../../../../Project-KJh/project-ARPGHunter/Content/99-Asset/UI/X.uasset" 3436
"../../../../../../Project-KJh/project-ARPGHunter/Content/99-Asset/Font/NotoSansKR-Regular.uasset" 3437
"../../../../../../Project-KJh/project-ARPGHunter/Content/06-UI/WBP_PageElement.uasset" 3438
"../../../../../../Project-KJh/project-ARPGHunter/Content/99-Asset/UI/RoundDiamond.uasset" 3439
"/Game/06-UI/WBP_GameMenu" 3440
"../../../../../../Project-KJh/project-ARPGHunter/Content/06-UI/WBP_GameMenu.uasset" 3441
"../../../../../../Project-KJh/project-ARPGHunter/Content/99-Asset/UI/Button_1.uasset" 3442
"/Game/06-UI/HUD/WBP_CombatHUD" 3443
"../../../../../../Project-KJh/project-ARPGHunter/Content/06-UI/HUD/WBP_CombatHUD.uasset" 3444
"../../../../../../Project-KJh/project-ARPGHunter/Content/06-UI/WBP_ActionGuide.uasset" 3445
"../../../../../../Project-KJh/project-ARPGHunter/Content/06-UI/WBP_PlayerStatusBar.uasset" 3446
"../../../../../../Project-KJh/project-ARPGHunter/Content/06-UI/WBP_QuickSlot.uasset" 3447
"../../../../../../Project-KJh/project-ARPGHunter/Content/06-UI/WBP_ActionInfo.uasset" 3448
"../../../../../../Project-KJh/project-ARPGHunter/Content/99-Asset/UI/Gradient_H.uasset" 3449
"../../../../../../Project-KJh/project-ARPGHunter/Content/06-UI/WBP_EffectIcon.uasset" 3450
"../../../../../../Project-KJh/project-ARPGHunter/Content/06-UI/WBP_H_PoolContainer.uasset" 3451
"../../../../../../Project-KJh/project-ARPGHunter/Content/99-Asset/UI/StatusBar/Skill.uasset" 3452
"../../../../../../Project-KJh/project-ARPGHunter/Content/99-Asset/UI/StatusBar/Skill_fill.uasset" 3453
"../../../../../../Project-KJh/project-ARPGHunter/Content/99-Asset/UI/StatusBar/StatusBar.uasset" 3454
"../../../../../../Project-KJh/project-ARPGHunter/Content/99-Asset/UI/StatusBar/StatusBar_fill.uasset" 3455
"../../../../../../Project-KJh/project-ARPGHunter/Content/06-UI/WBP_ItemSlotIndicate.uasset" 3456
"../../../../../../Project-KJh/project-ARPGHunter/Content/99-Asset/UI/Slot2.uasset" 3457
"/Game/06-UI/WBP_StageResult" 3458
"../../../../../../Project-KJh/project-ARPGHunter/Content/06-UI/WBP_StageResult.uasset" 3459
"../../../../../../Project-KJh/project-ARPGHunter/Content/06-UI/WBP_ItemSlot.uasset" 3460
"../../../../../../Project-KJh/project-ARPGHunter/Content/99-Asset/UI/Wide_Panel_1.uasset" 3461
"../../../../../../Project-KJh/project-ARPGHunter/Content/99-Asset/UI/Slot2_Equipped.uasset" 3462
"../../../../../../Project-KJh/project-ARPGHunter/Content/99-Asset/UI/Slot2_Selected.uasset" 3463
"/Game/02-BP/UI/BP_DamageFont" 3464
"../../../../../../Project-KJh/project-ARPGHunter/Content/02-BP/UI/BP_DamageFont.uasset" 3465
"/Game/06-UI/WBP_DamageFont" 3466
"../../../../../../Project-KJh/project-ARPGHunter/Content/06-UI/WBP_DamageFont.uasset" 3467
"/Game/03-Data/WeaponTypeData" 3468
"../../../../../../Project-KJh/project-ARPGHunter/Content/03-Data/WeaponTypeData.uasset" 3469
"../../../../../../Project-KJh/project-ARPGHunter/Content/03-Data/WeaponConfig/SwordConfig.uasset" 3470
"../../../../../../Project-KJh/project-ARPGHunter/Content/03-Data/ActionData/PlayerCharacter/SwordAction/SwordDodge.uasset" 3471
"../../../../../../Project-KJh/project-ARPGHunter/Content/03-Data/ActionData/PlayerCharacter/SwordAction/SwordCombo.uasset" 3472
"../../../../../../Project-KJh/project-ARPGHunter/Content/02-BP/Player/Animation/AM_ItemUsage.uasset" 3473
"../../../../../../Project-KJh/project-ARPGHunter/Content/02-BP/Player/Animation/Sword/AM_Sword_Hit.uasset" 3474
"../../../../../../Project-KJh/project-ARPGHunter/Content/03-Data/SkillData/SwordSkill/SwordSkillTree.uasset" 3475
"../../../../../../Project-KJh/project-ARPGHunter/Content/02-BP/Player/Animation/Sword/AM_Sword_Dodge.uasset" 3476
"../../../../../../Project-KJh/project-ARPGHunter/Content/03-Data/EffectData/Invincible_07.uasset" 3477
"../../../../../../Project-KJh/project-ARPGHunter/Content/03-Data/EffectData/SwordJustDodge.uasset" 3478
"../../../../../../Project-KJh/project-ARPGHunter/Content/03-Data/ActionData/PlayerCharacter/SwordAction/SwordNormalAttack1.uasset" 3479
"../../../../../../Project-KJh/project-ARPGHunter/Content/03-Data/ActionData/PlayerCharacter/SwordAction/SwordNormalAttack2.uasset" 3480
"../../../../../../Project-KJh/project-ARPGHunter/Content/03-Data/ActionData/PlayerCharacter/SwordAction/SwordNormalAttack3.uasset" 3481
"../../../../../../Project-KJh/project-ARPGHunter/Content/03-Data/ActionData/PlayerCharacter/SwordAction/SwordNormalAttack4.uasset" 3482
"../../../../../../Project-KJh/project-ARPGHunter/Content/03-Data/ActionData/PlayerCharacter/SwordAction/SwordSkillAttack_Charge.uasset" 3483
"../../../../../../Project-KJh/project-ARPGHunter/Content/03-Data/ActionData/PlayerCharacter/SwordAction/SwordSkillAttack_DodgeSlash_1.uasset" 3484
"../../../../../../Project-KJh/project-ARPGHunter/Content/03-Data/ActionData/PlayerCharacter/SwordAction/SwordSkillAttack_DodgeSlash_2.uasset" 3485
"../../../../../../Project-KJh/project-ARPGHunter/Content/03-Data/ActionData/PlayerCharacter/SwordAction/SwordSmashAttack1_1.uasset" 3486
"../../../../../../Project-KJh/project-ARPGHunter/Content/03-Data/ActionData/PlayerCharacter/SwordAction/SwordSmashAttack2_1.uasset" 3487
"../../../../../../Project-KJh/project-ARPGHunter/Content/03-Data/ActionData/PlayerCharacter/SwordAction/SwordSmashAttack2_2.uasset" 3488
"../../../../../../Project-KJh/project-ARPGHunter/Content/03-Data/ActionData/PlayerCharacter/SwordAction/SwordSmashAttack3_1.uasset" 3489
"../../../../../../Project-KJh/project-ARPGHunter/Content/03-Data/ActionData/PlayerCharacter/SwordAction/SwordSmashAttack3_2.uasset" 3490
"../../../../../../Project-KJh/project-ARPGHunter/Content/03-Data/ActionData/PlayerCharacter/SwordAction/SwordSmashAttack4_1.uasset" 3491
"../../../../../../Project-KJh/project-ARPGHunter/Content/03-Data/ActionData/PlayerCharacter/SwordAction/SwordSmashAttack4_2.uasset" 3492
"../../../../../../Project-KJh/project-ARPGHunter/Content/02-BP/Player/Animation/Sword/CS_Drinking.uasset" 3493
"../../../../../../Project-KJh/project-ARPGHunter/Content/02-BP/Player/Animation/Sword/CS_Hit_Combat_Death_Seq.uasset" 3494
"../../../../../../Project-KJh/project-ARPGHunter/Content/02-BP/Player/Animation/Sword/CS_Hit_Combat_F_Seq.uasset" 3495
"../../../../../../Project-KJh/project-ARPGHunter/Content/03-Data/SkillData/SwordSkill/SkillNodes/Extend_DeepWound.uasset" 3496
"../../../../../../Project-KJh/project-ARPGHunter/Content/03-Data/SkillData/SwordSkill/SkillNodes/Extend_GainSkill_Big.uasset" 3497
"../../../../../../Project-KJh/project-ARPGHunter/Content/03-Data/SkillData/SwordSkill/SkillNodes/Extend_GainSkillRepeat.uasset" 3498
"../../../../../../Project-KJh/project-ARPGHunter/Content/03-Data/SkillData/SwordSkill/SkillNodes/Extend_RecoverStamina.uasset" 3499
"../../../../../../Project-KJh/project-ARPGHunter/Content/03-Data/SkillData/SwordSkill/SkillNodes/Extend_SharpBlade.uasset" 3500
"../../../../../../Project-KJh/project-ARPGHunter/Content/03-Data/SkillData/SwordSkill/SkillNodes/Extend_WoundBurst.uasset" 3501
"../../../../../../Project-KJh/project-ARPGHunter/Content/03-Data/SkillData/SwordSkill/SkillNodes/Modify_Damage_1.uasset" 3502
"../../../../../../Project-KJh/project-ARPGHunter/Content/03-Data/SkillData/SwordSkill/SkillNodes/Modify_Damage_2.uasset" 3503
"../../../../../../Project-KJh/project-ARPGHunter/Content/03-Data/SkillData/SwordSkill/SkillNodes/Modify_Damage_3.uasset" 3504
"../../../../../../Project-KJh/project-ARPGHunter/Content/03-Data/SkillData/SwordSkill/SkillNodes/Modify_GainSkill_1.uasset" 3505
"../../../../../../Project-KJh/project-ARPGHunter/Content/03-Data/SkillData/SwordSkill/SkillNodes/Modify_GainSkill_2.uasset" 3506
"../../../../../../Project-KJh/project-ARPGHunter/Content/03-Data/SkillData/SwordSkill/SkillNodes/Modify_GainSkill_3.uasset" 3507
"../../../../../../Project-KJh/project-ARPGHunter/Content/03-Data/SkillData/SwordSkill/SkillNodes/Unlock_SwordSkill_Charge.uasset" 3508
"../../../../../../Project-KJh/project-ARPGHunter/Content/03-Data/SkillData/SwordSkill/SkillNodes/Unlock_SwordSkill_DodgeSlash1.uasset" 3509
"../../../../../../Project-KJh/project-ARPGHunter/Content/03-Data/SkillData/SwordSkill/SkillNodes/Unlock_SwordSkill_DodgeSlash2.uasset" 3510
"../../../../../../Project-KJh/project-ARPGHunter/Content/03-Data/SkillData/SwordSkill/SkillNodes/Unlock_SwordSmash2_2.uasset" 3511
"../../../../../../Project-KJh/project-ARPGHunter/Content/03-Data/SkillData/SwordSkill/SkillNodes/Unlock_SwordSmash3_2.uasset" 3512
"../../../../../../Project-KJh/project-ARPGHunter/Content/03-Data/SkillData/SwordSkill/SkillNodes/Unlock_SwordSmash4_2.uasset" 3513
"../../../../../../Project-KJh/project-ARPGHunter/Content/02-BP/Player/Animation/Sword/CS_Dodge_Combat_B_Seq.uasset" 3514
"../../../../../../Project-KJh/project-ARPGHunter/Content/02-BP/Player/Animation/Sword/CS_Dodge_Combat_F_Seq.uasset" 3515
"../../../../../../Project-KJh/project-ARPGHunter/Content/03-Data/EffectData/SwordJD_CriticalDamagePercent.uasset" 3516
"../../../../../../Project-KJh/project-ARPGHunter/Content/03-Data/EffectData/SwordJD_CriticalPercent.uasset" 3517
"../../../../../../Project-KJh/project-ARPGHunter/Content/02-BP/Player/Animation/Sword/AM_Sword_Attack_1_0.uasset" 3518
"../../../../../../Project-KJh/project-ARPGHunter/Content/03-Data/EffectData/GainSkill_5.uasset" 3519
"../../../../../../Project-KJh/project-ARPGHunter/Content/99-Asset/VFX/Slash/NS_SlashHit.uasset" 3520
"../../../../../../Project-KJh/project-ARPGHunter/Content/02-BP/Player/Animation/Sword/AM_Sword_Attack_2_0.uasset" 3521
"../../../../../../Project-KJh/project-ARPGHunter/Content/02-BP/Player/Animation/Sword/AM_Sword_Attack_3_0.uasset" 3522
"../../../../../../Project-KJh/project-ARPGHunter/Content/02-BP/Player/Animation/Sword/AM_Sword_Attack_4_0.uasset" 3523
"../../../../../../Project-KJh/project-ARPGHunter/Content/02-BP/Player/Animation/Sword/AM_Sword_Skill_Charge_0.uasset" 3524
"../../../../../../Project-KJh/project-ARPGHunter/Content/03-Data/EffectData/SuperArmor_5s.uasset" 3525
"../../../../../../Project-KJh/project-ARPGHunter/Content/03-Data/EffectData/UsingSkill_AttackEffect.uasset" 3526
"../../../../../../Project-KJh/project-ARPGHunter/Content/99-Asset/VFX/Slash/NS_SlashHit_2.uasset" 3527
"../../../../../../Project-KJh/project-ARPGHunter/Content/02-BP/Player/Animation/Sword/AM_Sword_Skill_DodgeSlash_0.uasset" 3528
"../../../../../../Project-KJh/project-ARPGHunter/Content/03-Data/EffectData/UsingSkill_Invincible.uasset" 3529
"../../../../../../Project-KJh/project-ARPGHunter/Content/02-BP/Player/Animation/Sword/AM_Sword_Skill_DodgeSlash_1.uasset" 3530
"../../../../../../Project-KJh/project-ARPGHunter/Content/03-Data/EffectData/RecoverStamina_10.uasset" 3531
"../../../../../../Project-KJh/project-ARPGHunter/Content/02-BP/Player/Animation/Sword/AM_Sword_Attack_1_1.uasset" 3532
"../../../../../../Project-KJh/project-ARPGHunter/Content/03-Data/EffectData/GainSkill_10.uasset" 3533
"../../../../../../Project-KJh/project-ARPGHunter/Content/02-BP/Player/Animation/Sword/AM_Sword_Attack_2_1.uasset" 3534
"../../../../../../Project-KJh/project-ARPGHunter/Content/02-BP/Player/Animation/Sword/AM_Sword_Attack_2_2.uasset" 3535
"../../../../../../Project-KJh/project-ARPGHunter/Content/03-Data/EffectData/GainSkill_Repeat_10s_5.uasset" 3536
"../../../../../../Project-KJh/project-ARPGHunter/Content/02-BP/Player/Animation/Sword/AM_Sword_Attack_3_1.uasset" 3537
"../../../../../../Project-KJh/project-ARPGHunter/Content/03-Data/EffectData/UsingSkill_CriticalEffect.uasset" 3538
"../../../../../../Project-KJh/project-ARPGHunter/Content/02-BP/Player/Animation/Sword/AM_Sword_Attack_3_2.uasset" 3539
"../../../../../../Project-KJh/project-ARPGHunter/Content/02-BP/Player/Animation/Sword/AM_Sword_Attack_4_1.uasset" 3540
"../../../../../../Project-KJh/project-ARPGHunter/Content/02-BP/Player/Animation/Sword/AM_Sword_Attack_4_2.uasset" 3541
"../../../../../../Project-KJh/project-ARPGHunter/Content/03-Data/EffectData/SwordDebuff_DeepWound.uasset" 3542
"../../../../../../Project-KJh/project-ARPGHunter/Content/99-Asset/UI/Icon/Icon_ExtendEffect.uasset" 3543
"../../../../../../Project-KJh/project-ARPGHunter/Content/03-Data/EffectData/GainSkill_20.uasset" 3544
"../../../../../../Project-KJh/project-ARPGHunter/Content/03-Data/EffectData/RecoverStamina_20.uasset" 3545
"../../../../../../Project-KJh/project-ARPGHunter/Content/03-Data/EffectData/CriticalBuff_10s_50.uasset" 3546
"../../../../../../Project-KJh/project-ARPGHunter/Content/03-Data/EffectData/Sword_WoundBurst.uasset" 3547
"../../../../../../Project-KJh/project-ARPGHunter/Content/99-Asset/UI/Icon/Icon_EnhanceSkill.uasset" 3548
"../../../../../../Project-KJh/project-ARPGHunter/Content/99-Asset/UI/Icon/Icon_Unlock.uasset" 3549
"../../../../../../Project-KJh/project-ARPGHunter/Content/99-Asset/UI/Icon/Icon_Effect_CritDmg.uasset" 3550
"../../../../../../Project-KJh/project-ARPGHunter/Content/99-Asset/UI/Icon/Icon_Effect_CritPer.uasset" 3551
"../../../../../../Project-KJh/project-ARPGHunter/Content/02-BP/Player/Animation/Sword/CS_Combo_Attack_03_01_Seq.uasset" 3552
"../../../../../../Project-KJh/project-ARPGHunter/Content/99-Asset/VFX/ExportVFX/NS_Trail_5c_normal.uasset" 3553
"../../../../../../Project-KJh/project-ARPGHunter/Content/99-Asset/Sound/SFX/Sword_Slice_Cue.uasset" 3554
"../../../../../../Project-KJh/project-ARPGHunter/Content/99-Asset/VFX/Pack_Simple_Particle_Burst/00_Materials/00_MM_Deafult_Sprtie.uasset" 3555
"../../../../../../Project-KJh/project-ARPGHunter/Content/99-Asset/VFX/Pack_Simple_Particle_Burst/00_Materials/01_MM_SmokeSubUV.uasset" 3556
"../../../../../../Project-KJh/project-ARPGHunter/Content/99-Asset/VFX/Slash/MM_Slash.uasset" 3557
"../../../../../../Project-KJh/project-ARPGHunter/Content/99-Asset/VFX/Pack_Simple_Particle_Burst/01_Niagara_Systems/NET_Basic.uasset" 3558
"../../Plugins/FX/Niagara/Content/ParameterDefinitions/CoreParameters.uasset" 3559
"../../Plugins/FX/Niagara/Content/ParameterDefinitions/LightRenderer.uasset" 3560
"../../Plugins/FX/Niagara/Content/ParameterDefinitions/RibbonRenderer.uasset" 3561
"../../Plugins/FX/Niagara/Content/DynamicInputs/Add/Add_Float.uasset" 3562
"../../Plugins/FX/Niagara/Content/DynamicInputs/Camera/DistanceToCamera.uasset" 3563
"../../Plugins/FX/Niagara/Content/DynamicInputs/Divide/Divide_Float.uasset" 3564
"../../Plugins/FX/Niagara/Content/DynamicInputs/LinearColor/MultiplyLinearColor.uasset" 3565
"../../Plugins/FX/Niagara/Content/DynamicInputs/Multiply/Multiply_Float.uasset" 3566
"../../Plugins/FX/Niagara/Content/DynamicInputs/Multiply/Multiply_Int.uasset" 3567
"../../Plugins/FX/Niagara/Content/DynamicInputs/Multiply/Multiply_Vector2D_ByFloat.uasset" 3568
"../../Plugins/FX/Niagara/Content/DynamicInputs/Multiply/Multiply_VectorByFloat.uasset" 3569
"../../Plugins/FX/Niagara/Content/DynamicInputs/TypeConversions/MakeCustomFloatFromBool.uasset" 3570
"../../Plugins/FX/Niagara/Content/DynamicInputs/TypeConversions/MakeIntFromFloat.uasset" 3571
"../../Plugins/FX/Niagara/Content/DynamicInputs/TypeConversions/MakeVectorFromLinearColorRGB.uasset" 3572
"../../Plugins/FX/Niagara/Content/DynamicInputs/UniformRange/V2/RandomRangeFloat.uasset" 3573
"../../Plugins/FX/Niagara/Content/DynamicInputs/UniformRange/V2/RandomRangeInt.uasset" 3574
"../../Plugins/FX/Niagara/Content/DynamicInputs/UniformRange/V2/RandomRangeVector2D.uasset" 3575
"../../Plugins/FX/Niagara/Content/DynamicInputs/ValueFromCurve/FloatFromCurve.uasset" 3576
"../../Plugins/FX/Niagara/Content/Modules/Collision/Collision.uasset" 3577
"../../Plugins/FX/Niagara/Content/Modules/Emitter/EmitterState.uasset" 3578
"../../Plugins/FX/Niagara/Content/Modules/Emitter/SpawnBurst_Instantaneous.uasset" 3579
"../../Plugins/FX/Niagara/Content/Modules/Solvers/SolveForcesAndVelocity.uasset" 3580
"../../Plugins/FX/Niagara/Content/Modules/Spawn/Initialization/V2/InitializeParticle.uasset" 3581
"../../Plugins/FX/Niagara/Content/Modules/Spawn/Velocity/AddVelocity.uasset" 3582
"../../Plugins/FX/Niagara/Content/Modules/System/SystemState.uasset" 3583
"../../Plugins/FX/Niagara/Content/Modules/Update/Camera/CameraOffset.uasset" 3584
"../../Plugins/FX/Niagara/Content/Modules/Update/Color/ScaleColor.uasset" 3585
"../../Plugins/FX/Niagara/Content/Modules/Update/Forces/Drag.uasset" 3586
"../../Plugins/FX/Niagara/Content/Modules/Update/Forces/GravityForce.uasset" 3587
"../../Plugins/FX/Niagara/Content/Modules/Update/Forces/V2/CurlNoiseForce.uasset" 3588
"../../Plugins/FX/Niagara/Content/Modules/Update/Lifetime/ParticleState.uasset" 3589
"../../Plugins/FX/Niagara/Content/Modules/Update/Material/DynamicMaterialParameters.uasset" 3590
"../../Plugins/FX/Niagara/Content/Modules/Update/Size/ScaleSpriteSize.uasset" 3591
"../../Plugins/FX/Niagara/Content/Modules/Update/Size/ScaleSpriteSizeBySpeed.uasset" 3592
"../../Plugins/FX/Niagara/Content/Modules/Update/SubUV/V2/SubUVAnimation.uasset" 3593
"../../Plugins/FX/Niagara/Content/Enums/Angles/ENiagara_AngleInput.uasset" 3594
"../../Plugins/FX/Niagara/Content/Enums/Collision/SceneDepthCollisionQueryMethod.uasset" 3595
"../../Plugins/FX/Niagara/Content/Enums/ENiagara_ColorInitializationMode.uasset" 3596
"../../Plugins/FX/Niagara/Content/Enums/ENiagara_CPUCollisionType.uasset" 3597
"../../Plugins/FX/Niagara/Content/Enums/ENiagara_EmitterStateOptions.uasset" 3598
"../../Plugins/FX/Niagara/Content/Enums/ENiagara_GPUCollisionType.uasset" 3599
"../../Plugins/FX/Niagara/Content/Enums/ENiagara_InfiniteLoopDuration.uasset" 3600
"../../Plugins/FX/Niagara/Content/Enums/ENiagara_LifetimeMode.uasset" 3601
"../../Plugins/FX/Niagara/Content/Enums/ENiagara_MassInitializationMode.uasset" 3602
"../../Plugins/FX/Niagara/Content/Enums/ENiagara_PositionInitializationMode.uasset" 3603
"../../Plugins/FX/Niagara/Content/Enums/ENiagara_SizeScaleMode.uasset" 3604
"../../Plugins/FX/Niagara/Content/Enums/ENiagara_SpriteRotationMode.uasset" 3605
"../../Plugins/FX/Niagara/Content/Enums/ENiagara_SubUVLookupModeV2.uasset" 3606
"../../Plugins/FX/Niagara/Content/Enums/ENiagara_UVFlippingMode.uasset" 3607
"../../Plugins/FX/Niagara/Content/Enums/ENiagara_WrapClamp.uasset" 3608
"../../Plugins/FX/Niagara/Content/Enums/ENiagaraCalculateRadiusOptions.uasset" 3609
"../../Plugins/FX/Niagara/Content/Enums/ENiagaraChannelCorrelation.uasset" 3610
"../../Plugins/FX/Niagara/Content/Enums/ENiagaraCollisionRadiusOptions.uasset" 3611
"../../Plugins/FX/Niagara/Content/Enums/ENiagaraCurlNoiseQuality.uasset" 3612
"../../Plugins/FX/Niagara/Content/Enums/ENiagaraEmitterLifeCycleMode.uasset" 3613
"../../Plugins/FX/Niagara/Content/Enums/ENiagaraEmitterScalabilityMode_Limited.uasset" 3614
"../../Plugins/FX/Niagara/Content/Enums/ENiagaraFrictionMergeType.uasset" 3615
"../../Plugins/FX/Niagara/Content/Enums/ENiagaraInactiveMode.uasset" 3616
"../../Plugins/FX/Niagara/Content/Enums/ENiagaraMeshOrSprite.uasset" 3617
"../../Plugins/FX/Niagara/Content/Enums/ENiagaraRandomnessEvaluation.uasset" 3618
"../../Plugins/FX/Niagara/Content/Enums/ENiagaraRandomnessMode.uasset" 3619
"../../Plugins/FX/Niagara/Content/Enums/ENiagaraRestitutionMergeType.uasset" 3620
"../../Plugins/FX/Niagara/Content/Enums/ENiagaraScaleColorMode.uasset" 3621
"../../Plugins/FX/Niagara/Content/Enums/ENiagaraSystemInactiveMode.uasset" 3622
"../../Plugins/FX/Niagara/Content/Enums/Ribbons/ENiagara_UnsetDirectSet.uasset" 3623
"../../Plugins/FX/Niagara/Content/Enums/Ribbons/ENiagara_UnsetDirectSetRandom.uasset" 3624
"../../Plugins/FX/Niagara/Content/Enums/SpriteRenderer/ENiagara_AutomaticManual.uasset" 3625
"../../Plugins/FX/Niagara/Content/Enums/SpriteRenderer/ENiagara_FPSPlayrate.uasset" 3626
"../../Plugins/FX/Niagara/Content/Enums/SpriteRenderer/ENiagara_ScaleSpriteSize.uasset" 3627
"../../Plugins/FX/Niagara/Content/Enums/Transforms/ENiagara_RotationMode.uasset" 3628
"../../Plugins/FX/Niagara/Content/Enums/Utility/ENiagara_IntegerConversion.uasset" 3629
"../../Plugins/FX/Niagara/Content/Enums/Utility/ENiagara_VelocityMode.uasset" 3630
"../../Plugins/FX/Niagara/Content/VectorFields/Assets/TilingCurl32.uasset" 3631
"../../../../../../Project-KJh/project-ARPGHunter/Content/02-BP/Player/Animation/Sword/CS_Combo_Attack_03_02_Seq.uasset" 3632
"../../../../../../Project-KJh/project-ARPGHunter/Content/02-BP/Player/Animation/Sword/CS_Combo_Attack_03_03_Seq.uasset" 3633
"../../../../../../Project-KJh/project-ARPGHunter/Content/02-BP/Player/Animation/Sword/CS_Combo_Attack_03_04_Seq.uasset" 3634
"../../../../../../Project-KJh/project-ARPGHunter/Content/02-BP/Player/Animation/Sword/CS_Power_Attack_End_Seq.uasset" 3635
"../../../../../../Project-KJh/project-ARPGHunter/Content/02-BP/Player/Animation/Sword/CS_Power_Attack_Loop_Seq.uasset" 3636
"../../../../../../Project-KJh/project-ARPGHunter/Content/02-BP/Player/Animation/Sword/CS_Power_Attack_Start_Seq.uasset" 3637
"../../../../../../Project-KJh/project-ARPGHunter/Content/02-BP/CameraShake/CV_CameraLoc_OnSkillEnd.uasset" 3638
"../../../../../../Project-KJh/project-ARPGHunter/Content/02-BP/CameraShake/CV_CameraLoc_OnSkillStart.uasset" 3639
"../../../../../../Project-KJh/project-ARPGHunter/Content/99-Asset/VFX/ExportVFX/NS_Trail_5c.uasset" 3640
"../../../../../../Project-KJh/project-ARPGHunter/Content/99-Asset/UI/Icon/Icon_Effect_SuperArmor.uasset" 3641
"../../../../../../Project-KJh/project-ARPGHunter/Content/03-Data/EffectData/US_AttackPercent.uasset" 3642
"../../../../../../Project-KJh/project-ARPGHunter/Content/99-Asset/UI/Icon/Icon_Effect_Attack.uasset" 3643
"../../../../../../Project-KJh/project-ARPGHunter/Content/99-Asset/VFX/Slash/MI_Slash_Side.uasset" 3644
"../../../../../../Project-KJh/project-ARPGHunter/Content/02-BP/Player/Animation/Sword/CS_Combo_Attack_02_03_Seq.uasset" 3645
"../../../../../../Project-KJh/project-ARPGHunter/Content/03-Data/EffectData/Invincible_04.uasset" 3646
"../../../../../../Project-KJh/project-ARPGHunter/Content/02-BP/Player/Animation/Sword/CS_Combo_Attack_02_04_Seq.uasset" 3647
"../../../../../../Project-KJh/project-ARPGHunter/Content/02-BP/Player/Animation/Sword/CS_Combo_Attack_04_02_Seq.uasset" 3648
"../../../../../../Project-KJh/project-ARPGHunter/Content/02-BP/Player/Animation/Sword/CS_Combo_Attack_01_02_Seq.uasset" 3649
"../../../../../../Project-KJh/project-ARPGHunter/Content/02-BP/Player/Animation/Sword/CS_Combo_Attack_01_01_Seq.uasset" 3650
"../../../../../../Project-KJh/project-ARPGHunter/Content/99-Asset/UI/Icon/Icon_Effect_GainResource.uasset" 3651
"../../../../../../Project-KJh/project-ARPGHunter/Content/03-Data/EffectData/US_CriticalDamagePercent.uasset" 3652
"../../../../../../Project-KJh/project-ARPGHunter/Content/03-Data/EffectData/US_CriticalPercent.uasset" 3653
"../../../../../../Project-KJh/project-ARPGHunter/Content/02-BP/Player/Animation/Sword/CS_Combo_Attack_04_04_Seq.uasset" 3654
"../../../../../../Project-KJh/project-ARPGHunter/Content/02-BP/Player/Animation/Sword/CS_Combo_Attack_01_All_Seq.uasset" 3655
"../../../../../../Project-KJh/project-ARPGHunter/Content/02-BP/Player/Animation/Sword/CS_Combo_Attack_02_02_Seq.uasset" 3656
"../../../../../../Project-KJh/project-ARPGHunter/Content/02-BP/Player/Animation/Sword/CS_Combo_Attack_02_All_Seq.uasset" 3657
"../../../../../../Project-KJh/project-ARPGHunter/Content/99-Asset/VFX/SwordTrailVFX/Materials/Trails_MI/MI_Trail_Color_03.uasset" 3658
"../../Plugins/FX/Niagara/Content/ParameterDefinitions/SpriteRenderer.uasset" 3659
"../../Plugins/FX/Niagara/Content/DynamicInputs/Execution/ReturnNormalizedExecIndex.uasset" 3660
"../../Plugins/FX/Niagara/Content/DynamicInputs/Math/OneMinusFloat.uasset" 3661
"../../Plugins/FX/Niagara/Content/Modules/Emitter/SpawnPerFrame.uasset" 3662
"../../Plugins/FX/Niagara/Content/Modules/Emitter/SpawnRate.uasset" 3663
"../../../../../../Project-KJh/project-ARPGHunter/Content/99-Asset/Sound/SFX/Sword_Slice_1.uasset" 3664
"../../../../../../Project-KJh/project-ARPGHunter/Content/99-Asset/Sound/SFX/Sword_Slice_2.uasset" 3665
"../../../../../../Project-KJh/project-ARPGHunter/Content/99-Asset/Sound/SFX/Sword_Slice_3.uasset" 3666
"../../../../../../Project-KJh/project-ARPGHunter/Content/99-Asset/Sound/SFX/Sword_Slice_4.uasset" 3667
"../../../../../../Project-KJh/project-ARPGHunter/Content/99-Asset/Sound/SFX/Sword_Slice_5.uasset" 3668
"../../../../../../Project-KJh/project-ARPGHunter/Content/99-Asset/VFX/Pack_Simple_Particle_Burst/03_Texture/T_Wispy_SmokeSubUv.uasset" 3669
"../../../../../../Project-KJh/project-ARPGHunter/Content/99-Asset/VFX/Slash/Tex/hit_slash.uasset" 3670
"../../Plugins/FX/Niagara/Content/Functions/DirectionAndLengthSafe.uasset" 3671
"../../Plugins/FX/Niagara/Content/Functions/Localspace/TransformPosition.uasset" 3672
"../../Plugins/FX/Niagara/Content/Functions/V2/CalculateRandomRangeFloat.uasset" 3673
"../../Plugins/FX/Niagara/Content/Functions/V2/CalculateRandomRangeInteger.uasset" 3674
"../../Plugins/FX/Niagara/Content/Functions/V2/CalculateRandomRange.uasset" 3675
"../../Plugins/FX/Niagara/Content/ParameterDefinitions/MeshRenderer.uasset" 3676
"../../Plugins/FX/Niagara/Content/Functions/CalculateMeshRadius.uasset" 3677
"../../Plugins/FX/Niagara/Content/Functions/CalculateRadiusFromSpriteSize.uasset" 3678
"../../Plugins/FX/Niagara/Content/Functions/Helpers/DoOnce_fn.uasset" 3679
"../../Plugins/FX/Niagara/Content/Functions/Localspace/TransformVector.uasset" 3680
"../../Plugins/FX/Niagara/Content/Functions/ProjectVectorOnPlane.uasset" 3681
"../../Plugins/FX/Niagara/Content/Functions/Rotation/AxisAngleToQuaternion.uasset" 3682
"../../Plugins/FX/Niagara/Content/Functions/Rotation/MultiplyQuaternion.uasset" 3683
"../../Plugins/FX/Niagara/Content/Modules/Collision/CollisionQueryAndResponse.uasset" 3684
"../../Plugins/FX/Niagara/Content/Functions/Emitter/EmitterChangeState.uasset" 3685
"../../Plugins/FX/Niagara/Content/Functions/Drag/DragVelocity.uasset" 3686
"../../Plugins/FX/Niagara/Content/Functions/Math/CentimeterMeterConversion.uasset" 3687
"../../Plugins/FX/Niagara/Content/Functions/Rotation/MultiplyVectorWithQuaternion.uasset" 3688
"../../Plugins/FX/Niagara/Content/Modules/Solvers/ApplyRotationVector.uasset" 3689
"../../Plugins/FX/Niagara/Content/Icons/Modules/T_Icon_Solver_LimitAccel.uasset" 3690
"../../Plugins/FX/Niagara/Content/Icons/Modules/T_Icon_Solver_LimitSpeed.uasset" 3691
"../../Plugins/FX/Niagara/Content/Icons/Modules/T_Icon_Solver_RotationalSolve.uasset" 3692
"../../Plugins/FX/Niagara/Content/Functions/LinearColor/HueShiftLinearColor.uasset" 3693
"../../Plugins/FX/Niagara/Content/Functions/Localspace/SimulationPosition.uasset" 3694
"../../Plugins/FX/Niagara/Content/Functions/V2/CalculateRandomBool.uasset" 3695
"../../Plugins/FX/Niagara/Content/Functions/Math/CalculateRandomPointInConeSphereIntersection.uasset" 3696
"../../Plugins/FX/Niagara/Content/Functions/Math/SaturateFloat.uasset" 3697
"../../Plugins/FX/Niagara/Content/Functions/Rotation/AngleUnitConverter.uasset" 3698
"../../Plugins/FX/Niagara/Content/Functions/Rotation/FindQuatBetween.uasset" 3699
"../../Plugins/FX/Niagara/Content/Functions/Rotation/InvertQuaternion.uasset" 3700
"../../Plugins/FX/Niagara/Content/Functions/Rotation/MakeQuaternionFrom3BasisVectors.uasset" 3701
"../../Plugins/FX/Niagara/Content/Functions/Rotation/TransformStack/TransformStack_Rotation.uasset" 3702
"../../Plugins/FX/Niagara/Content/Functions/Rotation/XYZRotationToQuaternion.uasset" 3703
"../../Plugins/FX/Niagara/Content/Functions/V2/CalculateRandomUnitVector.uasset" 3704
"../../Plugins/FX/Niagara/Content/Functions/V2/DistanceBasedFalloff.uasset" 3705
"../../Plugins/FX/Niagara/Content/Functions/System/SystemChangeState.uasset" 3706
"../../Plugins/FX/Niagara/Content/Functions/Localspace/PositionToVector.uasset" 3707
"../../Plugins/FX/Niagara/Content/Functions/V2/ConeMask.uasset" 3708
"../../Plugins/FX/Niagara/Content/VectorFields/Assets/TilingCurl16.uasset" 3709
"../../Plugins/FX/Niagara/Content/VectorFields/Assets/TilingCurl64.uasset" 3710
"../../Plugins/FX/Niagara/Content/Icons/Modules/T_Icon_Particle_InfiniteLife.uasset" 3711
"../../Plugins/FX/Niagara/Content/Functions/Helpers/SetBoolByTimer.uasset" 3712
"../../Plugins/FX/Niagara/Content/Functions/RandomRangeInteger.uasset" 3713
"../../Plugins/FX/Niagara/Content/Enums/ENiagara_SubUVLookupMode.uasset" 3714
"../../../../../../Project-KJh/project-ARPGHunter/Content/99-Asset/VFX/Slash/Tex/hit_side.uasset" 3715
"../../../../../../Project-KJh/project-ARPGHunter/Content/99-Asset/VFX/SwordTrailVFX/Materials/M_Trail_Color.uasset" 3716
"../../../../../../Project-KJh/project-ARPGHunter/Content/99-Asset/VFX/SwordTrailVFX/Textures/Mask/T_TrailMask_05.uasset" 3717
"../../../../../../Project-KJh/project-ARPGHunter/Content/99-Asset/VFX/SwordTrailVFX/Textures/Mask/T_TrailMask_06.uasset" 3718
"../../../../../../Project-KJh/project-ARPGHunter/Content/99-Asset/VFX/SwordTrailVFX/Textures/Mask/T_TrailMask_08.uasset" 3719
"../../Plugins/FX/Niagara/Content/Functions/NormalizedExecutionIndex.uasset" 3720
"../../Plugins/FX/Niagara/Content/Functions/RandomRangeFloat.uasset" 3721
"../../Plugins/FX/Niagara/Content/Functions/Localspace/TransformBase.uasset" 3722
"../../Plugins/FX/Niagara/Content/Functions/Collision/PlaneSphereCollisionDetection.uasset" 3723
"../../Plugins/FX/Niagara/Content/Functions/Collision/RandomizeCollisionNormals.uasset" 3724
"../../Plugins/FX/Niagara/Content/Functions/ReflectVector.uasset" 3725
"../../Plugins/FX/Niagara/Content/Functions/Textures/CalculateA_VolumeTexturesDistanceFieldGradient.uasset" 3726
"../../Plugins/FX/Niagara/Content/Modules/Collision/NiagaraDistanceFieldCollisions.uasset" 3727
"../../Plugins/FX/Niagara/Content/Modules/Collision/SceneDepthTest.uasset" 3728
"../../Plugins/FX/Niagara/Content/Enums/ENiagara_Float4Channel.uasset" 3729
"../../Plugins/FX/Niagara/Content/Functions/Rotation/MatrixToQuaternion.uasset" 3730
"../../Plugins/FX/Niagara/Content/Functions/NormalizeDistanceRange.uasset" 3731
"../../Plugins/FX/Niagara/Content/Functions/ChannelMasks/SelectV4Channel.uasset" 3732
"../../Plugins/FX/Niagara/Content/Enums/ENiagaraVector4_Channels.uasset" 3733
"../../Plugins/FX/Niagara/Content/Functions/FindAngleBetweenVectors.uasset" 3734
"../../Plugins/FX/Niagara/Content/Functions/V2/RemapRange.uasset" 3735
"../../Plugins/FX/Niagara/Content/Functions/GetRandomInfo.uasset" 3736
"../../../Engine/Content/Functions/Engine_MaterialFunctions02/HueShift.uasset" 3737
"../../../../../../Project-KJh/project-ARPGHunter/Content/99-Asset/VFX/SwordTrailVFX/Textures/Mask/T_TrailMask_04.uasset" 3738
"../../../../../../Project-KJh/project-ARPGHunter/Content/99-Asset/VFX/SwordTrailVFX/Textures/RTs/RT_Draw_N_01.uasset" 3739
"../../../Engine/Plugins/FX/Niagara/Shaders/Private/NiagaraDataInterfaceTexture2DArrayTemplate.ush" 3740
"../../../Engine/Plugins/FX/Niagara/Shaders/Private/NiagaraDataInterfaceActorComponentTemplate.ush" 3741
"../../../Engine/Plugins/FX/Niagara/Shaders/Private/NiagaraDataInterfaceArrayTemplate.ush" 3742
"../../../Engine/Plugins/FX/Niagara/Shaders/Private/NiagaraDataInterfaceArrayRWTemplate.ush" 3743
"../../../Engine/Plugins/FX/Niagara/Shaders/Private/NiagaraDataInterfaceAsyncGpuTrace.ush" 3744
"../../../Engine/Plugins/FX/Niagara/Shaders/Private/NiagaraDataInterfaceAsyncGpuTraceTemplate.ush" 3745
"../../../Engine/Plugins/FX/Niagara/Shaders/Private/NiagaraDataInterfaceCamera.ush" 3746
"../../../Engine/Plugins/FX/Niagara/Shaders/Private/NiagaraDataInterfaceCollisionQuery.ush" 3747
"../../../Engine/Plugins/FX/Niagara/Shaders/Private/NiagaraDataInterfaceCollisionQueryTemplate.ush" 3748
"../../../Engine/Plugins/FX/Niagara/Shaders/Private/NiagaraDataInterfaceCurveTemplate.ush" 3749
"../../../Engine/Plugins/FX/Niagara/Shaders/Private/NiagaraDataInterfaceCubeTextureTemplate.ush" 3750
"../../../Engine/Plugins/FX/Niagara/Shaders/Private/DataChannel/NiagaraDataInterfaceDataChannelCommon.ush" 3751
"../../../Engine/Plugins/FX/Niagara/Shaders/Private/DataChannel/NiagaraDataInterfaceDataChannelTemplateCommon.ush" 3752
"../../../Engine/Plugins/FX/Niagara/Shaders/Private/DataChannel/NiagaraDataInterfaceDataChannelTemplateReadCommon.ush" 3753
"../../../Engine/Plugins/FX/Niagara/Shaders/Private/DataChannel/NiagaraDataInterfaceDataChannelTemplate_Read.ush" 3754
"../../../Engine/Plugins/FX/Niagara/Shaders/Private/DataChannel/NiagaraDataInterfaceDataChannelTemplate_Consume.ush" 3755
"../../../Engine/Plugins/FX/Niagara/Shaders/Private/DataChannel/NiagaraDataInterfaceDataChannelTemplateWriteCommon.ush" 3756
"../../../Engine/Plugins/FX/Niagara/Shaders/Private/DataChannel/NiagaraDataInterfaceDataChannelTemplate_Append.ush" 3757
"../../../Engine/Plugins/FX/Niagara/Shaders/Private/NiagaraDataInterfaceDebugDraw.ush" 3758
"../../../Engine/Plugins/FX/Niagara/Shaders/Private/NiagaraDataInterfaceDebugDrawTemplate.ush" 3759
"../../../Engine/Plugins/FX/Niagara/Shaders/Private/NiagaraDataInterfaceDynamicMeshTemplate.ush" 3760
"../../../Engine/Plugins/FX/Niagara/Shaders/Private/NiagaraDataInterfaceEmitterPropertiesTemplate.ush" 3761
"../../../Engine/Plugins/FX/Niagara/Shaders/Private/NiagaraDataInterfaceExportTemplate.ush" 3762
"../../../Engine/Plugins/FX/Niagara/Shaders/Private/NiagaraDataInterfaceGBufferTemplate.ush" 3763
"../../../Engine/Plugins/Runtime/HairStrands/Shaders/Private/NiagaraStrandsExternalForce.ush" 3764
"../../../Engine/Plugins/Runtime/HairStrands/Shaders/Private/NiagaraHookeSpringMaterial.ush" 3765
"../../../Engine/Plugins/Runtime/HairStrands/Shaders/Private/NiagaraAngularSpringMaterial.ush" 3766
"../../../Engine/Plugins/Runtime/HairStrands/Shaders/Private/NiagaraConstantVolumeMaterial.ush" 3767
"../../../Engine/Plugins/Runtime/HairStrands/Shaders/Private/NiagaraCosseratRodMaterial.ush" 3768
"../../../Engine/Plugins/Runtime/HairStrands/Shaders/Private/NiagaraStaticCollisionConstraint.ush" 3769
"../../../Engine/Plugins/Runtime/HairStrands/Shaders/Private/NiagaraDataInterfaceHairStrands.ush" 3770
"../../../Engine/Plugins/Runtime/HairStrands/Shaders/Private/NiagaraDataInterfaceHairStrandsTemplate.ush" 3771
"../../../Engine/Plugins/FX/Niagara/Shaders/Private/NiagaraDataInterfaceIntRenderTarget2D.ush" 3772
"../../../Engine/Plugins/FX/Niagara/Shaders/Private/NiagaraDataInterfaceLandscape.ush" 3773
"../../../Engine/Plugins/FX/Niagara/Shaders/Private/NiagaraDataInterfaceMemoryBufferTemplate.ush" 3774
"../../../Engine/Plugins/FX/Niagara/Shaders/Private/NiagaraDataInterfaceMeshRendererInfoTemplate.ush" 3775
"../../../Engine/Plugins/FX/Niagara/Shaders/Private/NiagaraDataInterfaceOcclusion.ush" 3776
"../../../Engine/Plugins/FX/Niagara/Shaders/Private/NiagaraDataInterfacePhysicsAsset.ush" 3777
"../../../Engine/Plugins/FX/Niagara/Shaders/Private/NiagaraDataInterfacePlatformSetTemplate.ush" 3778
"../../../Engine/Plugins/Runtime/HairStrands/Shaders/Private/NiagaraDataInterfaceVelocityGrid.ush" 3779
"../../../Engine/Plugins/Runtime/HairStrands/Shaders/Private/NiagaraDataInterfaceVelocityGridTemplate.ush" 3780
"../../../Engine/Plugins/Runtime/HairStrands/Shaders/Private/NiagaraDataInterfacePressureGrid.ush" 3781
"../../../Engine/Plugins/Runtime/HairStrands/Shaders/Private/NiagaraDataInterfacePressureGridTemplate.ush" 3782
"../../../Engine/Plugins/FX/Niagara/Shaders/Private/NiagaraDataInterfaceRenderTarget2DTemplate.ush" 3783
"../../../Engine/Plugins/FX/Niagara/Shaders/Private/NiagaraDataInterfaceRenderTarget2DArrayTemplate.ush" 3784
"../../../Engine/Plugins/FX/Niagara/Shaders/Private/NiagaraDataInterfaceRenderTargetCubeTemplate.ush" 3785
"../../../Engine/Plugins/FX/Niagara/Shaders/Private/NiagaraDataInterfaceRenderTargetVolumeTemplate.ush" 3786
"../../../Engine/Plugins/FX/Niagara/Shaders/Private/NiagaraDataInterfaceRigidMeshCollisionQuery.ush" 3787
"../../../Engine/Plugins/FX/Niagara/Shaders/Private/NiagaraDistanceFieldQueries.ush" 3788
"../../../Engine/Plugins/FX/Niagara/Shaders/Private/NiagaraDataInterfaceSceneCapture2DTemplate.ush" 3789
"../../../Engine/Plugins/FX/Niagara/Shaders/Private/NiagaraDataInterfaceSimCacheReaderTemplate.ush" 3790
"../../../Engine/Plugins/FX/Niagara/Shaders/Private/NiagaraDataInterfaceSimpleCounterTemplate.ush" 3791
"../../../Engine/Plugins/FX/Niagara/Shaders/Private/NiagaraDataInterfaceSkeletalMesh.ush" 3792
"../../../Engine/Plugins/FX/Niagara/Shaders/Private/NiagaraBaryCentricUtils.ush" 3793
"../../../Engine/Plugins/FX/Niagara/Shaders/Private/NiagaraDataInterfaceSkeletalMeshTemplate.ush" 3794
"../../../Engine/Plugins/FX/Niagara/Shaders/Private/NiagaraDataInterfaceSocketReaderTemplate.ush" 3795
"../../../Engine/Plugins/FX/Niagara/Shaders/Private/NiagaraTransformUtils.ush" 3796
"../../../Engine/Plugins/FX/Niagara/Shaders/Private/NiagaraDataInterfaceSparseVolumeTextureTemplate.ush" 3797
"../../../Engine/Plugins/FX/Niagara/Shaders/Private/NiagaraDataInterfaceSplineTemplate.ush" 3798
"../../../Engine/Plugins/FX/Niagara/Shaders/Private/NiagaraDataInterfaceSpriteRendererInfoTemplate.ush" 3799
"../../../Engine/Plugins/FX/Niagara/Shaders/Private/NiagaraDataInterfaceStaticMeshTemplate.ush" 3800
"../../../Engine/Plugins/FX/Niagara/Shaders/Private/NiagaraDataInterfaceTextureTemplate.ush" 3801
"../../../Engine/Plugins/FX/Niagara/Shaders/Private/NiagaraDataInterfaceVirtualTexture.ush" 3802
"../../../Engine/Plugins/FX/Niagara/Shaders/Private/NiagaraDataInterfaceVirtualTextureTemplate.ush" 3803
"../../../Engine/Plugins/FX/Niagara/Shaders/Private/NiagaraDataInterfaceVolumeCache.ush" 3804
"../../../Engine/Plugins/FX/Niagara/Shaders/Private/NiagaraDataInterfaceVolumeTextureTemplate.ush" 3805
"/Game/03-Data/CT_PlayerLevel" 3806
"../../../../../../Project-KJh/project-ARPGHunter/Content/03-Data/CT_PlayerLevel.uasset" 3807
"/Game/03-Data/EquipmentSuccessData" 3808
"../../../../../../Project-KJh/project-ARPGHunter/Content/03-Data/EquipmentSuccessData.uasset" 3809
"/Game/03-Data/DT_MonsterData" 3810
"../../../../../../Project-KJh/project-ARPGHunter/Content/03-Data/DT_MonsterData.uasset" 3811
"../../../../../../Project-KJh/project-ARPGHunter/Content/03-Data/MonsterConfig/1001_ArmedMutant.uasset" 3812
"../../../../../../Project-KJh/project-ARPGHunter/Content/03-Data/MonsterConfig/1002_ArmedMutantRanger.uasset" 3813
"../../../../../../Project-KJh/project-ARPGHunter/Content/03-Data/MonsterConfig/1003_BossMachine.uasset" 3814
"../../../../../../Project-KJh/project-ARPGHunter/Content/03-Data/ActionData/MonsterAction/SFM1_Attack.uasset" 3815
"../../../../../../Project-KJh/project-ARPGHunter/Content/02-BP/Monster/Animation/Sci_Fi_Monster1/ABP_SFM1.uasset" 3816
"../../../../../../Project-KJh/project-ARPGHunter/Content/02-BP/Monster/Animation/Sci_Fi_Monster1/AM_SFM1_Hit.uasset" 3817
"../../../../../../Project-KJh/project-ARPGHunter/Content/99-Asset/VFX/Pack_Simple_Particle_Burst/01_Niagara_Systems/NS_Simple_Burst_Black.uasset" 3818
"../../../../../../Project-KJh/project-ARPGHunter/Content/99-Asset/Character/CyberSoldier/Monster/Sci_Fi_Monster/Sci_Fi_Monster_Mesh.uasset" 3819
"../../../../../../Project-KJh/project-ARPGHunter/Content/99-Asset/Character/CyberSoldier/Weapon/Sword_1/SKM_Sci_Fi_Sword_02_Mesh.uasset" 3820
"../../../../../../Project-KJh/project-ARPGHunter/Content/03-Data/ActionData/MonsterAction/SFM2_Attack.uasset" 3821
"../../../../../../Project-KJh/project-ARPGHunter/Content/02-BP/Monster/Animation/Sci_Fi_Monster2/ABP_SFM2.uasset" 3822
"../../../../../../Project-KJh/project-ARPGHunter/Content/02-BP/Monster/Animation/Sci_Fi_Monster2/AM_SFM2_Hit.uasset" 3823
"../../../../../../Project-KJh/project-ARPGHunter/Content/99-Asset/Character/CyberSoldier/Monster/Sci_Fi_Soldier/Sci_Fi_Character_02_Mesh.uasset" 3824
"../../../../../../Project-KJh/project-ARPGHunter/Content/99-Asset/Character/CyberSoldier/Weapon/Rifle_1/Marauder_Rifle_Full.uasset" 3825
"../../../../../../Project-KJh/project-ARPGHunter/Content/03-Data/ActionData/MonsterAction/SFD_Melee1.uasset" 3826
"../../../../../../Project-KJh/project-ARPGHunter/Content/03-Data/ActionData/MonsterAction/SFD_Melee2.uasset" 3827
"../../../../../../Project-KJh/project-ARPGHunter/Content/03-Data/ActionData/MonsterAction/SFD_Melee3.uasset" 3828
"../../../../../../Project-KJh/project-ARPGHunter/Content/03-Data/ActionData/MonsterAction/SFD_Range1.uasset" 3829
"../../../../../../Project-KJh/project-ARPGHunter/Content/03-Data/ActionData/MonsterAction/SFD_SkillCounter.uasset" 3830
"../../../../../../Project-KJh/project-ARPGHunter/Content/03-Data/ActionData/MonsterAction/SFD_SkillStagger.uasset" 3831
"../../../../../../Project-KJh/project-ARPGHunter/Content/02-BP/Monster/Animation/Sci_Fi_Defender/ABP_SFD.uasset" 3832
"../../../../../../Project-KJh/project-ARPGHunter/Content/02-BP/Monster/Animation/Sci_Fi_Defender/AM_SFD_Hit.uasset" 3833
"../../../../../../Project-KJh/project-ARPGHunter/Content/99-Asset/Character/CyberSoldier/Weapon/Defender_Rifle_1/Weapon_Mesh.uasset" 3834
"../../../../../../Project-KJh/project-ARPGHunter/Content/02-BP/Monster/Animation/Sci_Fi_Monster1/AM_SFM1_Melee_Attack.uasset" 3835
"../../../../../../Project-KJh/project-ARPGHunter/Content/02-BP/Monster/Animation/ABP_MonsterTemplate.uasset" 3836
"../../../../../../Project-KJh/project-ARPGHunter/Content/02-BP/Monster/Animation/Sci_Fi_Monster1/SFM1_Mutant_Dying_LastFrame.uasset" 3837
"../../../../../../Project-KJh/project-ARPGHunter/Content/02-BP/Monster/Animation/Sci_Fi_Monster1/SFM1_Standing_Idle.uasset" 3838
"../../../../../../Project-KJh/project-ARPGHunter/Content/02-BP/Monster/Animation/Sci_Fi_Monster1/BS_SFM1_Move.uasset" 3839
"../../../../../../Project-KJh/project-ARPGHunter/Content/99-Asset/Character/CyberSoldier/Monster/Sci_Fi_Monster/Sci_Fi_Monster_Mesh_Skeleton.uasset" 3840
"../../../../../../Project-KJh/project-ARPGHunter/Content/02-BP/Monster/Animation/Sci_Fi_Monster1/SFM1_Hit_F_Seq.uasset" 3841
"../../../../../../Project-KJh/project-ARPGHunter/Content/02-BP/Monster/Animation/Sci_Fi_Monster1/SFM1_Mutant_Dying_Anim.uasset" 3842
"../../../../../../Project-KJh/project-ARPGHunter/Content/99-Asset/Sound/SFX/Monster_Gworl_1.uasset" 3843
"../../../../../../Project-KJh/project-ARPGHunter/Content/99-Asset/Sound/SFX/Monster_Hit_Cue.uasset" 3844
"../../../../../../Project-KJh/project-ARPGHunter/Content/99-Asset/VFX/Pack_Simple_Particle_Burst/00_Materials/00_MM_Black.uasset" 3845
"../../../../../../Project-KJh/project-ARPGHunter/Content/99-Asset/Character/CyberSoldier/Monster/Sci_Fi_Monster/MI_Sci_Fi_Monster_1.uasset" 3846
"../../../../../../Project-KJh/project-ARPGHunter/Content/99-Asset/Character/CyberSoldier/Monster/Sci_Fi_Monster/Sci_Fi_Monster_Mesh_PhysicsAsset.uasset" 3847
"../../../../../../Project-KJh/project-ARPGHunter/Content/99-Asset/Character/CyberSoldier/Weapon/Sword_1/MI_SF_Sword_02.uasset" 3848
"../../../../../../Project-KJh/project-ARPGHunter/Content/99-Asset/Character/CyberSoldier/Weapon/Sword_1/SK_Sci_Fi_Sword_02_Mesh.uasset" 3849
"../../../../../../Project-KJh/project-ARPGHunter/Content/02-BP/Monster/Animation/Sci_Fi_Monster2/AM_SFM2_Attack.uasset" 3850
"../../../../../../Project-KJh/project-ARPGHunter/Content/02-BP/Projectile/BP_Projectile.uasset" 3851
"../../../../../../Project-KJh/project-ARPGHunter/Content/03-Data/SubObjectConfig/SOC_Bullet.uasset" 3852
"../../../../../../Project-KJh/project-ARPGHunter/Content/02-BP/Monster/Animation/Sci_Fi_Monster2/SFM2_Death_Pose.uasset" 3853
"../../../../../../Project-KJh/project-ARPGHunter/Content/02-BP/Monster/Animation/Sci_Fi_Monster2/SFM2_MF_Rifle_Idle_ADS.uasset" 3854
"../../../../../../Project-KJh/project-ARPGHunter/Content/02-BP/Monster/Animation/Sci_Fi_Monster2/BS_SFM2_Move.uasset" 3855
"../../../../../../Project-KJh/project-ARPGHunter/Content/99-Asset/Character/CyberSoldier/Monster/Sci_Fi_Soldier/Sci_Fi_Character_02_Mesh_Skeleton.uasset" 3856
"../../../../../../Project-KJh/project-ARPGHunter/Content/02-BP/Monster/Animation/Sci_Fi_Monster2/SFM2_SFM1_Hit_Death_Seq.uasset" 3857
"../../../../../../Project-KJh/project-ARPGHunter/Content/02-BP/Monster/Animation/Sci_Fi_Monster2/SFM2_SFM1_Hit_R_Seq.uasset" 3858
"../../../../../../Project-KJh/project-ARPGHunter/Content/99-Asset/Sound/SFX/Monster_Gworl_2.uasset" 3859
"../../../../../../Project-KJh/project-ARPGHunter/Content/99-Asset/Character/CyberSoldier/Monster/Sci_Fi_Soldier/MI_Sci_Fi_Soldier.uasset" 3860
"../../../../../../Project-KJh/project-ARPGHunter/Content/99-Asset/Character/CyberSoldier/Monster/Sci_Fi_Soldier/Sci_Fi_Character_02_Mesh_PhysicsAsset.uasset" 3861
"../../../../../../Project-KJh/project-ARPGHunter/Content/99-Asset/Character/CyberSoldier/Weapon/Rifle_1/MI_Rifle1.uasset" 3862
"../../../../../../Project-KJh/project-ARPGHunter/Content/99-Asset/Character/CyberSoldier/Weapon/Rifle_1/Marauder_Rifle_Full_PhysicsAsset.uasset" 3863
"../../../../../../Project-KJh/project-ARPGHunter/Content/99-Asset/Character/CyberSoldier/Weapon/Rifle_1/Marauder_Rifle_Full_Skeleton.uasset" 3864
"../../../../../../Project-KJh/project-ARPGHunter/Content/02-BP/Monster/Animation/Sci_Fi_Defender/AM_SFD_Melee1.uasset" 3865
"../../../../../../Project-KJh/project-ARPGHunter/Content/03-Data/EffectData/GainSkill_3.uasset" 3866
"../../../../../../Project-KJh/project-ARPGHunter/Content/02-BP/Monster/Animation/Sci_Fi_Defender/AM_SFD_Melee2.uasset" 3867
"../../../../../../Project-KJh/project-ARPGHunter/Content/02-BP/Monster/Animation/Sci_Fi_Defender/AM_SFD_Melee3.uasset" 3868
"../../../../../../Project-KJh/project-ARPGHunter/Content/02-BP/Monster/Animation/Sci_Fi_Defender/AM_SFD_Ranged1.uasset" 3869
"../../../../../../Project-KJh/project-ARPGHunter/Content/02-BP/Monster/Animation/Sci_Fi_Defender/AM_SFD_Skill1_Counter.uasset" 3870
"../../../../../../Project-KJh/project-ARPGHunter/Content/02-BP/Monster/Animation/Sci_Fi_Defender/AM_SFD_Skill2_Stagger.uasset" 3871
"../../../../../../Project-KJh/project-ARPGHunter/Content/02-BP/Monster/Animation/Sci_Fi_Defender/SFD_Dead_Pose.uasset" 3872
"../../../../../../Project-KJh/project-ARPGHunter/Content/02-BP/Monster/Animation/Sci_Fi_Defender/SFD_Defender_Idle_01_Anim.uasset" 3873
"../../../../../../Project-KJh/project-ARPGHunter/Content/02-BP/Monster/Animation/Sci_Fi_Defender/BS_SFD_Move.uasset" 3874
"../../../../../../Project-KJh/project-ARPGHunter/Content/02-BP/Monster/Animation/Sci_Fi_Defender/SFD_Defender_Dead_01.uasset" 3875
"../../../../../../Project-KJh/project-ARPGHunter/Content/02-BP/Monster/Animation/Sci_Fi_Defender/SFD_Defender_Dead_02.uasset" 3876
"../../../../../../Project-KJh/project-ARPGHunter/Content/99-Asset/Sound/SFX/BossMachine_Groggy.uasset" 3877
"../../../../../../Project-KJh/project-ARPGHunter/Content/99-Asset/Sound/SFX/Explosion_Cue.uasset" 3878
"../../../../../../Project-KJh/project-ARPGHunter/Content/99-Asset/VFX/ExportVFX/P_Explosion_Big_A.uasset" 3879
"../../../../../../Project-KJh/project-ARPGHunter/Content/99-Asset/VFX/ExportVFX/P_Explosion_Big_B.uasset" 3880
"../../../../../../Project-KJh/project-ARPGHunter/Content/99-Asset/Character/CyberSoldier/Weapon/Defender_Rifle_1/Weapon_Mesh_PhysicsAsset.uasset" 3881
"../../../../../../Project-KJh/project-ARPGHunter/Content/99-Asset/Character/CyberSoldier/Weapon/Defender_Rifle_1/Weapon_Mesh_Skeleton.uasset" 3882
"../../../../../../Project-KJh/project-ARPGHunter/Content/02-BP/Monster/Animation/Sci_Fi_Monster1/SFM1_Standing_Melee_Attack_Horizontal.uasset" 3883
"../../../../../../Project-KJh/project-ARPGHunter/Content/99-Asset/VFX/ExportVFX/NS_Trail_6c.uasset" 3884
"../../../../../../Project-KJh/project-ARPGHunter/Content/99-Asset/Sound/SFX/Heavy_Swing_Cue.uasset" 3885
"../../../../../../Project-KJh/project-ARPGHunter/Content/02-BP/Monster/Animation/Sci_Fi_Monster1/SFM1_Mutant_Run_Anim.uasset" 3886
"../../../../../../Project-KJh/project-ARPGHunter/Content/02-BP/Monster/Animation/Sci_Fi_Monster1/SFM1_Mutant_Walking_Anim.uasset" 3887
"../../../../../../Project-KJh/project-ARPGHunter/Content/99-Asset/Sound/SFX/Monster_Hit_1.uasset" 3888
"../../../../../../Project-KJh/project-ARPGHunter/Content/99-Asset/Character/CyberSoldier/Monster/Sci_Fi_Monster/Sci_Fi_Monster_Albedo_01.uasset" 3889
"../../../../../../Project-KJh/project-ARPGHunter/Content/99-Asset/Character/CyberSoldier/Monster/Sci_Fi_Monster/Sci_Fi_Monster_Ao.uasset" 3890
"../../../../../../Project-KJh/project-ARPGHunter/Content/99-Asset/Character/CyberSoldier/Monster/Sci_Fi_Monster/Sci_Fi_Monster_Emissive.uasset" 3891
"../../../../../../Project-KJh/project-ARPGHunter/Content/99-Asset/Character/CyberSoldier/Monster/Sci_Fi_Monster/Sci_Fi_Monster_Metallic.uasset" 3892
"../../../../../../Project-KJh/project-ARPGHunter/Content/99-Asset/Character/CyberSoldier/Monster/Sci_Fi_Monster/Sci_Fi_Monster_Normals.uasset" 3893
"../../../../../../Project-KJh/project-ARPGHunter/Content/99-Asset/Character/CyberSoldier/Weapon/Sword_1/Sword_02_Albedo.uasset" 3894
"../../../../../../Project-KJh/project-ARPGHunter/Content/99-Asset/Character/CyberSoldier/Weapon/Sword_1/Sword_02_Ao.uasset" 3895
"../../../../../../Project-KJh/project-ARPGHunter/Content/99-Asset/Character/CyberSoldier/Weapon/Sword_1/Sword_02_Emissive.uasset" 3896
"../../../../../../Project-KJh/project-ARPGHunter/Content/99-Asset/Character/CyberSoldier/Weapon/Sword_1/Sword_02_Metallic.uasset" 3897
"../../../../../../Project-KJh/project-ARPGHunter/Content/99-Asset/Character/CyberSoldier/Weapon/Sword_1/Sword_02_Normals.uasset" 3898
"../../../../../../Project-KJh/project-ARPGHunter/Content/02-BP/Monster/Animation/Sci_Fi_Monster2/SFM2_MM_Rifle_Fire.uasset" 3899
"../../../../../../Project-KJh/project-ARPGHunter/Content/99-Asset/Character/CyberSoldier/Monster/Sci_Fi_Soldier/SFM2_Fire_Pose.uasset" 3900
"../../../../../../Project-KJh/project-ARPGHunter/Content/99-Asset/Sound/SFX/ShotGun_Fire_Cue.uasset" 3901
"../../../../../../Project-KJh/project-ARPGHunter/Content/99-Asset/VFX/ExportVFX/P_SpreadShotImpact.uasset" 3902
"../../../../../../Project-KJh/project-ARPGHunter/Content/99-Asset/Prop/bullet/SM_Bullet.uasset" 3903
"../../../Engine/Content/Animation/DefaultAnimBoneCompressionSettings.uasset" 3904
"../../../../../../Project-KJh/project-ARPGHunter/Content/02-BP/Monster/Animation/Sci_Fi_Monster2/SFM2_MF_Rifle_Jog_Fwd.uasset" 3905
"../../../../../../Project-KJh/project-ARPGHunter/Content/02-BP/Monster/Animation/Sci_Fi_Monster2/SFM2_MF_Rifle_Walk_Fwd.uasset" 3906
"../../../../../../Project-KJh/project-ARPGHunter/Content/99-Asset/Character/CyberSoldier/Monster/Sci_Fi_Soldier/Sci_Fi_Character_02_Albedo_01.uasset" 3907
"../../../../../../Project-KJh/project-ARPGHunter/Content/99-Asset/Character/CyberSoldier/Monster/Sci_Fi_Soldier/Sci_Fi_Character_02_Ao.uasset" 3908
"../../../../../../Project-KJh/project-ARPGHunter/Content/99-Asset/Character/CyberSoldier/Monster/Sci_Fi_Soldier/Sci_Fi_Character_02_Emissive.uasset" 3909
"../../../../../../Project-KJh/project-ARPGHunter/Content/99-Asset/Character/CyberSoldier/Monster/Sci_Fi_Soldier/Sci_Fi_Character_02_Metallic.uasset" 3910
"../../../../../../Project-KJh/project-ARPGHunter/Content/99-Asset/Character/CyberSoldier/Monster/Sci_Fi_Soldier/Sci_Fi_Character_02_Normals.uasset" 3911
"../../../../../../Project-KJh/project-ARPGHunter/Content/99-Asset/Character/CyberSoldier/Weapon/Rifle_1/Marauder_Weapon_Albedo_01.uasset" 3912
"../../../../../../Project-KJh/project-ARPGHunter/Content/99-Asset/Character/CyberSoldier/Weapon/Rifle_1/Marauder_Weapon_Ao.uasset" 3913
"../../../../../../Project-KJh/project-ARPGHunter/Content/99-Asset/Character/CyberSoldier/Weapon/Rifle_1/Marauder_Weapon_Emissive.uasset" 3914
"../../../../../../Project-KJh/project-ARPGHunter/Content/99-Asset/Character/CyberSoldier/Weapon/Rifle_1/Marauder_Weapon_Metallic.uasset" 3915
"../../../../../../Project-KJh/project-ARPGHunter/Content/99-Asset/Character/CyberSoldier/Weapon/Rifle_1/Marauder_Weapon_Normals.uasset" 3916
"../../../../../../Project-KJh/project-ARPGHunter/Content/02-BP/Monster/Animation/Sci_Fi_Defender/SFD_Defender_Attack_02.uasset" 3917
"../../../../../../Project-KJh/project-ARPGHunter/Content/02-BP/Monster/Animation/Sci_Fi_Defender/SFD_Defender_Shot_03.uasset" 3918
"../../../../../../Project-KJh/project-ARPGHunter/Content/99-Asset/VFX/ExportVFX/VFX_Shockwave_01_White_Big_1s.uasset" 3919
"../../../../../../Project-KJh/project-ARPGHunter/Content/99-Asset/VFX/ExportVFX/P_Murdock_Spreadsho_Opponent.uasset" 3920
"../../../../../../Project-KJh/project-ARPGHunter/Content/02-BP/Monster/Animation/Sci_Fi_Defender/SFD_Defender_Attack_05.uasset" 3921
"../../../../../../Project-KJh/project-ARPGHunter/Content/99-Asset/VFX/ExportVFX/NS_Trail_15c.uasset" 3922
"../../../../../../Project-KJh/project-ARPGHunter/Content/99-Asset/Sound/SFX/FlameThrower.uasset" 3923
"../../../../../../Project-KJh/project-ARPGHunter/Content/99-Asset/VFX/ExportVFX/P_Flamethrower.uasset" 3924
"../../../../../../Project-KJh/project-ARPGHunter/Content/02-BP/Monster/Animation/Sci_Fi_Defender/SFD_Defender_Shot_01.uasset" 3925
"../../../../../../Project-KJh/project-ARPGHunter/Content/02-BP/Monster/Animation/Sci_Fi_Defender/SFD_Defender_Shot_02.uasset" 3926
"../../../../../../Project-KJh/project-ARPGHunter/Content/99-Asset/Sound/SFX/Gun_Fire_2_Cue.uasset" 3927
"../../../../../../Project-KJh/project-ARPGHunter/Content/99-Asset/VFX/ExportVFX/P_SpreadShotImpact_Radial.uasset" 3928
"../../../../../../Project-KJh/project-ARPGHunter/Content/02-BP/Monster/Animation/Sci_Fi_Defender/SFD_Defender_Fly_Fast_Landing.uasset" 3929
"../../../../../../Project-KJh/project-ARPGHunter/Content/02-BP/Monster/Animation/Sci_Fi_Defender/SFD_Defender_Fly_Fast_Root.uasset" 3930
"../../../../../../Project-KJh/project-ARPGHunter/Content/02-BP/Monster/Animation/Sci_Fi_Defender/SFD_Defender_Fly_Fast_Start.uasset" 3931
"../../../../../../Project-KJh/project-ARPGHunter/Content/99-Asset/VFX/ExportVFX/P_Eleven_GunDetails_PowerCanister.uasset" 3932
"../../../../../../Project-KJh/project-ARPGHunter/Content/99-Asset/VFX/ExportVFX/P_StunnedActivation.uasset" 3933
"../../../../../../Project-KJh/project-ARPGHunter/Content/02-BP/Monster/Animation/Sci_Fi_Defender/SFD_Recall1.uasset" 3934
"../../../../../../Project-KJh/project-ARPGHunter/Content/02-BP/Monster/Animation/Sci_Fi_Defender/SFD_Recall_End1.uasset" 3935
"../../../../../../Project-KJh/project-ARPGHunter/Content/99-Asset/Sound/SFX/BossMachine_StaggerSkill_Complete.uasset" 3936
"../../../../../../Project-KJh/project-ARPGHunter/Content/99-Asset/Sound/SFX/BossMachine_StaggerSkill_Start.uasset" 3937
"../../../../../../Project-KJh/project-ARPGHunter/Content/99-Asset/VFX/ExportVFX/P_Chains_ShockingGround_ElectricFeet.uasset" 3938
"../../../../../../Project-KJh/project-ARPGHunter/Content/99-Asset/VFX/ExportVFX/P_Chains_ShockingGround_Shockwave.uasset" 3939
"../../../../../../Project-KJh/project-ARPGHunter/Content/02-BP/Monster/Animation/Sci_Fi_Defender/SFD_Defender_Run.uasset" 3940
"../../../../../../Project-KJh/project-ARPGHunter/Content/02-BP/Monster/Animation/Sci_Fi_Defender/SFD_Defender_Walk.uasset" 3941
"../../../../../../Project-KJh/project-ARPGHunter/Content/99-Asset/Sound/SFX/Explosion_1.uasset" 3942
"../../../../../../Project-KJh/project-ARPGHunter/Content/99-Asset/Sound/SFX/Explosion_2.uasset" 3943
"../../../../../../Project-KJh/project-ARPGHunter/Content/99-Asset/VFX/Realistic_Starter_VFX_Pack_Vol2/Materials/M_Distortion.uasset" 3944
"../../../../../../Project-KJh/project-ARPGHunter/Content/99-Asset/VFX/Realistic_Starter_VFX_Pack_Vol2/Materials/M_Explosion_B.uasset" 3945
"../../../../../../Project-KJh/project-ARPGHunter/Content/99-Asset/VFX/Realistic_Starter_VFX_Pack_Vol2/Materials/M_Impact_C.uasset" 3946
"../../../../../../Project-KJh/project-ARPGHunter/Content/99-Asset/VFX/Realistic_Starter_VFX_Pack_Vol2/Materials/M_Rock_B.uasset" 3947
"../../../../../../Project-KJh/project-ARPGHunter/Content/99-Asset/VFX/Realistic_Starter_VFX_Pack_Vol2/Materials/M_Smoke_A.uasset" 3948
"../../../../../../Project-KJh/project-ARPGHunter/Content/99-Asset/VFX/Realistic_Starter_VFX_Pack_Vol2/Materials/M_Smoke_Wisp.uasset" 3949
"../../../../../../Project-KJh/project-ARPGHunter/Content/99-Asset/VFX/Realistic_Starter_VFX_Pack_Vol2/Materials/M_Glow_C_Inst.uasset" 3950
"../../../../../../Project-KJh/project-ARPGHunter/Content/99-Asset/VFX/Realistic_Starter_VFX_Pack_Vol2/Vectorfields/VectorField_A.uasset" 3951
"../../../../../../Project-KJh/project-ARPGHunter/Content/99-Asset/VFX/Realistic_Starter_VFX_Pack_Vol2/Materials/M_Explosion_D.uasset" 3952
"../../../../../../Project-KJh/project-ARPGHunter/Content/99-Asset/VFX/Realistic_Starter_VFX_Pack_Vol2/Materials/M_Smoke_Ground.uasset" 3953
"../../../../../../Project-KJh/project-ARPGHunter/Content/99-Asset/VFX/SwordTrailVFX/Materials/M_Trail_Refraction.uasset" 3954
"../../../../../../Project-KJh/project-ARPGHunter/Content/99-Asset/VFX/SwordTrailVFX/Materials/Trails_MI/MI_Trail_Color_04.uasset" 3955
"../../Plugins/FX/Niagara/Content/DynamicInputs/ValueFromCurve/ColorFromCurve.uasset" 3956
"../../../../../../Project-KJh/project-ARPGHunter/Content/99-Asset/Sound/SFX/Heavy_Swing_1.uasset" 3957
"../../../../../../Project-KJh/project-ARPGHunter/Content/99-Asset/Sound/SFX/Heavy_Swing_2.uasset" 3958
"../../../../../../Project-KJh/project-ARPGHunter/Content/99-Asset/Sound/SFX/Heavy_Swing_3.uasset" 3959
"../../../../../../Project-KJh/project-ARPGHunter/Content/99-Asset/Sound/SFX/ShotGun_Fire_1.uasset" 3960
"../../../../../../Project-KJh/project-ARPGHunter/Content/99-Asset/VFX/ParagonMurdock/FX/Materials/Flares/M_MuzzleFlare.uasset" 3961
"../../../../../../Project-KJh/project-ARPGHunter/Content/99-Asset/VFX/ParagonMurdock/FX/Materials/Smoke/Hyperbreach/M_Smoke_Offset_Particles_SubUV_LIT.uasset" 3962
"../../../../../../Project-KJh/project-ARPGHunter/Content/99-Asset/VFX/ParagonMurdock/FX/Materials/Smoke/M_LingerSmoke_MasterAdditiveWarp_Simple.uasset" 3963
"../../../../../../Project-KJh/project-ARPGHunter/Content/99-Asset/VFX/ParagonMurdock/FX/Materials/Sparks/M_Hotdog_VLerp_DirectionTint.uasset" 3964
"../../../../../../Project-KJh/project-ARPGHunter/Content/99-Asset/VFX/ParagonMurdock/FX/Materials/Sparks/M_Spark_VelocityLerp.uasset" 3965
"../../../../../../Project-KJh/project-ARPGHunter/Content/99-Asset/VFX/ParagonMurdock/FX/Materials/Smoke/DirectionalLit/M_Directional_Lit_Depth_Smoke_Spikey_Inst.uasset" 3966
"../../../../../../Project-KJh/project-ARPGHunter/Content/99-Asset/VFX/ParagonMurdock/FX/Materials/Smoke/DirectionalLit/M_Directional_Lit_Depth_SmokeElement_Inst2.uasset" 3967
"../../../../../../Project-KJh/project-ARPGHunter/Content/99-Asset/VFX/ParagonMurdock/FX/Materials/Sparks/M_Spark_VelocityLerp_Pellets_Inst.uasset" 3968
"../../../../../../Project-KJh/project-ARPGHunter/Content/99-Asset/VFX/ParagonMurdock/FX/Materials/Sparks/M_Spark_VelocityLerp_WorldColor_GunShield_Inst.uasset" 3969
"../../../../../../Project-KJh/project-ARPGHunter/Content/99-Asset/VFX/ParagonMurdock/FX/Textures/Explosions/T_Explosion_Test_v1_Depth.uasset" 3970
"../../../../../../Project-KJh/project-ARPGHunter/Content/99-Asset/VFX/ParagonMurdock/FX/Textures/Smoke/T_FluidSmoke_04.uasset" 3971
"../../../../../../Project-KJh/project-ARPGHunter/Content/99-Asset/VFX/ParagonMurdock/FX/Textures/Smoke/T_SmokeJet_Element_01.uasset" 3972
"../../../../../../Project-KJh/project-ARPGHunter/Content/99-Asset/Prop/bullet/MI_SimpleBullet.uasset" 3973
"../../../../../../Project-KJh/project-ARPGHunter/Content/99-Asset/VFX/Vefects/Easy_Shockwaves_VFX/VFX/Shockwaves/Materials/MI_VFX_Shockwave_01.uasset" 3974
"../../../../../../Project-KJh/project-ARPGHunter/Content/99-Asset/VFX/Vefects/Easy_Shockwaves_VFX/VFX/Shockwaves/Materials/MI_VFX_Shockwave_01_Additive.uasset" 3975
"../../Plugins/FX/Niagara/Content/DynamicInputs/TypeConversions/MakeCustomIntFromBool.uasset" 3976
"../../Plugins/FX/Niagara/Content/DynamicInputs/TypeConversions/MakeVector.uasset" 3977
"../../Plugins/FX/Niagara/Content/DynamicInputs/UniformRange/V2/RandomRangeVector.uasset" 3978
"../../Plugins/FX/Niagara/Content/Modules/Spawn/Location/SystemLocation.uasset" 3979
"../../Plugins/FX/Niagara/Content/Modules/Spawn/Orientation/V3/InitialMeshOrientation.uasset" 3980
"../../Plugins/FX/Niagara/Content/Modules/Update/Color/Color.uasset" 3981
"../../../../../../Project-KJh/project-ARPGHunter/Content/99-Asset/VFX/Vefects/Easy_Shockwaves_VFX/Shared/Meshes/SM_VFX_In_Out_Cyl_01.uasset" 3982
"../../Plugins/FX/Niagara/Content/Enums/ENiagaraMeshTransforms.uasset" 3983
"../../../../../../Project-KJh/project-ARPGHunter/Content/99-Asset/VFX/ParagonMurdock/FX/CineRescue/es060/M_Smoke.uasset" 3984
"../../../../../../Project-KJh/project-ARPGHunter/Content/99-Asset/VFX/ParagonMurdock/FX/Materials/Debris/M_Invis_Debris.uasset" 3985
"../../../../../../Project-KJh/project-ARPGHunter/Content/99-Asset/VFX/ParagonMurdock/FX/Materials/Flares/M_SuperSoft_Glow_LDR.uasset" 3986
"../../../../../../Project-KJh/project-ARPGHunter/Content/99-Asset/VFX/ParagonMurdock/FX/Materials/Flares/M_Tri_Test.uasset" 3987
"../../../../../../Project-KJh/project-ARPGHunter/Content/99-Asset/VFX/ParagonMurdock/FX/Materials/HeatDistort/M_Shockwave_Refract.uasset" 3988
"../../../../../../Project-KJh/project-ARPGHunter/Content/99-Asset/VFX/ParagonMurdock/FX/Materials/MuzzleFlashes/M_MurdockMuzzle_02.uasset" 3989
"../../../../../../Project-KJh/project-ARPGHunter/Content/99-Asset/VFX/ParagonMurdock/FX/Materials/MuzzleFlashes/M_MurdockShottyMuzzle_01.uasset" 3990
"../../../../../../Project-KJh/project-ARPGHunter/Content/99-Asset/VFX/ParagonMurdock/FX/Materials/Smoke/Hyperbreach/M_Smoke_Particles_SubUV2.uasset" 3991
"../../../../../../Project-KJh/project-ARPGHunter/Content/99-Asset/VFX/ParagonMurdock/FX/Materials/Smoke/M_InvisSmoke_Master.uasset" 3992
"../../../../../../Project-KJh/project-ARPGHunter/Content/99-Asset/VFX/ParagonMurdock/FX/Materials/Sparks/M_Hotdog_Spark_VLerp_Rand_Master.uasset" 3993
"../../../../../../Project-KJh/project-ARPGHunter/Content/99-Asset/VFX/ParagonMurdock/FX/Materials/Sparks/M_Pellets_InvisMoving.uasset" 3994
"../../../../../../Project-KJh/project-ARPGHunter/Content/99-Asset/VFX/ParagonMurdock/FX/Materials/Flares/M_SuperSoft_Glow_02_Inst.uasset" 3995
"../../../../../../Project-KJh/project-ARPGHunter/Content/99-Asset/VFX/ParagonMurdock/FX/Materials/Smoke/M_ThickSmoke_Spears_Inst.uasset" 3996
"../../../../../../Project-KJh/project-ARPGHunter/Content/99-Asset/VFX/ParagonMurdock/FX/Meshes/Heroes/Murdock/SM_MuzzleCore_02.uasset" 3997
"../../../../../../Project-KJh/project-ARPGHunter/Content/99-Asset/VFX/ParagonMurdock/FX/Meshes/Heroes/Murdock/SM_ShottyMuzzleConeHalf.uasset" 3998
"../../../../../../Project-KJh/project-ARPGHunter/Content/99-Asset/VFX/ParagonMurdock/FX/Meshes/Smoke/SM_Plasma_Mesh.uasset" 3999
"../../../../../../Project-KJh/project-ARPGHunter/Content/99-Asset/VFX/ParagonMurdock/FX/Textures/Debris/T_Concrete_ChunkSubUV_D.uasset" 4000
"../../../../../../Project-KJh/project-ARPGHunter/Content/99-Asset/VFX/ParagonMurdock/FX/Textures/Explosions/T_FireySmoke_01_Fire.uasset" 4001
"../../../../../../Project-KJh/project-ARPGHunter/Content/99-Asset/VFX/SwordTrailVFX/Materials/M_DefaultSprite.uasset" 4002
"../../../../../../Project-KJh/project-ARPGHunter/Content/99-Asset/VFX/SwordTrailVFX/Materials/Trails_MI/MI_Trail_Color_17.uasset" 4003
"../../Plugins/FX/Niagara/Content/Modules/Emitter/SpawnPerUnit.uasset" 4004
"../../Plugins/FX/Niagara/Content/Modules/Spawn/Location/V2/ShapeLocation.uasset" 4005
"../../Plugins/FX/Niagara/Content/Enums/ENiagara_AttributeSamplingApplyOutput.uasset" 4006
"../../Plugins/FX/Niagara/Content/Enums/ENiagaraShapeTorusMode.uasset" 4007
"../../Plugins/FX/Niagara/Content/Enums/ENiagaraSphereDistributionMode.uasset" 4008
"../../Plugins/FX/Niagara/Content/Enums/ENiagaraTorusDistributionMode.uasset" 4009
"../../Plugins/FX/Niagara/Content/Enums/Location/ENiagara_BoxPlaneMode.uasset" 4010
"../../Plugins/FX/Niagara/Content/Enums/Location/ENiagara_ConeMode.uasset" 4011
"../../Plugins/FX/Niagara/Content/Enums/Location/ENiagara_CylinderMode.uasset" 4012
"../../Plugins/FX/Niagara/Content/Enums/Location/ENiagara_LocationShapes.uasset" 4013
"../../Plugins/FX/Niagara/Content/Enums/Location/ENiagaraRingDiscMode.uasset" 4014
"../../Plugins/FX/Niagara/Content/Enums/Transforms/ENiagara_OffsetMode.uasset" 4015
"../../Plugins/FX/Niagara/Content/Enums/Transforms/ENiagara_ScaleMode.uasset" 4016
"../../Plugins/FX/Niagara/Content/Enums/Transforms/ENiagara_TransformOrder.uasset" 4017
"../../Plugins/FX/Niagara/Content/Enums/Transforms/ENiagara_TransformType.uasset" 4018
"../../../../../../Project-KJh/project-ARPGHunter/Content/99-Asset/VFX/Realistic_Starter_VFX_Pack_Vol2/Materials/M_Fire_C.uasset" 4019
"../../../../../../Project-KJh/project-ARPGHunter/Content/99-Asset/VFX/Realistic_Starter_VFX_Pack_Vol2/Materials/M_Heat_Distortion.uasset" 4020
"../../../../../../Project-KJh/project-ARPGHunter/Content/99-Asset/VFX/Realistic_Starter_VFX_Pack_Vol2/Materials/M_Smoke_C.uasset" 4021
"../../../../../../Project-KJh/project-ARPGHunter/Content/99-Asset/VFX/Realistic_Starter_VFX_Pack_Vol2/Materials/M_Spark_A.uasset" 4022
"../../../../../../Project-KJh/project-ARPGHunter/Content/99-Asset/VFX/Realistic_Starter_VFX_Pack_Vol2/Vectorfields/VectorField_B.uasset" 4023
"../../../../../../Project-KJh/project-ARPGHunter/Content/99-Asset/Sound/SFX/Gun_Fire_2.uasset" 4024
"../../../../../../Project-KJh/project-ARPGHunter/Content/99-Asset/VFX/ParagonMurdock/FX/VectorFields/VF_RandomNoise_01_90.uasset" 4025
"../../../Engine/Content/EngineMaterials/DefaultParticle.uasset" 4026
"../../../../../../Project-KJh/project-ARPGHunter/Content/99-Asset/VFX/ParagonMurdock/FX/Materials/Flares/M_MuzzleFlare_LDR2HDR.uasset" 4027
"../../../../../../Project-KJh/project-ARPGHunter/Content/99-Asset/VFX/ParagonMinions/FX/Materials/Flares/M_Lensflare_01.uasset" 4028
"../../../../../../Project-KJh/project-ARPGHunter/Content/99-Asset/VFX/ParagonMinions/FX/Materials/Flares/MI_DotsStunned_Inst.uasset" 4029
"../../../../../../Project-KJh/project-ARPGHunter/Content/99-Asset/VFX/ParagonMinions/FX/VectorFields/Galaxyspin.uasset" 4030
"../../../../../../Project-KJh/project-ARPGHunter/Content/99-Asset/VFX/ParagonRiktor/FX/Materials/Energy/Electricity/M_Electric_GPU_SubUV.uasset" 4031
"../../../../../../Project-KJh/project-ARPGHunter/Content/99-Asset/VFX/ParagonRiktor/FX/Materials/Energy/Electricity/M_Electrical_Beams.uasset" 4032
"../../../../../../Project-KJh/project-ARPGHunter/Content/99-Asset/VFX/ParagonRiktor/FX/Materials/Flares/m_flare_01.uasset" 4033
"../../../../../../Project-KJh/project-ARPGHunter/Content/99-Asset/VFX/ParagonRiktor/FX/Materials/Smoke/M_LingerSmoke_MasterAdditiveWarp_Simple.uasset" 4034
"../../../../../../Project-KJh/project-ARPGHunter/Content/99-Asset/VFX/ParagonRiktor/FX/Materials/Smoke/M_Lit_SmokeMeshBall.uasset" 4035
"../../../../../../Project-KJh/project-ARPGHunter/Content/99-Asset/VFX/ParagonRiktor/FX/Materials/Sparks/M_Hotdog_Spark_VLerp_DOF_Rand_Master.uasset" 4036
"../../../../../../Project-KJh/project-ARPGHunter/Content/99-Asset/VFX/ParagonRiktor/FX/Materials/Energy/Electricity/M_Riktor_Radial_Electricity_Arc_Inst.uasset" 4037
"../../../../../../Project-KJh/project-ARPGHunter/Content/99-Asset/VFX/ParagonRiktor/FX/Materials/Energy/Electricity/M_Riktor_Radial_Electricity_Inst.uasset" 4038
"../../../../../../Project-KJh/project-ARPGHunter/Content/99-Asset/VFX/ParagonRiktor/FX/Materials/PhysMats/PM_ShallowWater.uasset" 4039
"../../../../../../Project-KJh/project-ARPGHunter/Content/99-Asset/VFX/ParagonRiktor/FX/Meshes/Shapes/SM_SmokeSphere_2UVs.uasset" 4040
"../../../../../../Project-KJh/project-ARPGHunter/Content/99-Asset/VFX/ParagonRiktor/FX/Meshes/Splines/SM_Electric_Spline_Complex_03.uasset" 4041
"../../../../../../Project-KJh/project-ARPGHunter/Content/99-Asset/VFX/ParagonRiktor/FX/Meshes/Splines/SM_Electrical_Spline_Arc_01.uasset" 4042
"../../../../../../Project-KJh/project-ARPGHunter/Content/99-Asset/VFX/ParagonRiktor/FX/VectorFields/Shape/VelocityGrid60.uasset" 4043
"../../../../../../Project-KJh/project-ARPGHunter/Content/99-Asset/VFX/ParagonRiktor/FX/Materials/Shockwave/M_RiktorShockwave.uasset" 4044
"../../../../../../Project-KJh/project-ARPGHunter/Content/99-Asset/VFX/ParagonRiktor/FX/Materials/Shockwave/M_ShockingGround_Shockwave.uasset" 4045
"../../../../../../Project-KJh/project-ARPGHunter/Content/99-Asset/VFX/ParagonRiktor/FX/Meshes/Shapes/SM_BowlWave.uasset" 4046
"../../../../../../Project-KJh/project-ARPGHunter/Content/99-Asset/VFX/ParagonRiktor/FX/Meshes/Shapes/SM_Sphere_Scale_Unit_100.uasset" 4047
"../../../../../../Project-KJh/project-ARPGHunter/Content/99-Asset/VFX/Realistic_Starter_VFX_Pack_Vol2/Textures/T_NoiseNormal_B.uasset" 4048
"../../../../../../Project-KJh/project-ARPGHunter/Content/99-Asset/VFX/Realistic_Starter_VFX_Pack_Vol2/Textures/T_Epxlosion_B_color.uasset" 4049
"../../../../../../Project-KJh/project-ARPGHunter/Content/99-Asset/VFX/Realistic_Starter_VFX_Pack_Vol2/Textures/T_Epxlosion_B_packed.uasset" 4050
"../../../../../../Project-KJh/project-ARPGHunter/Content/99-Asset/VFX/Realistic_Starter_VFX_Pack_Vol2/Textures/T_Impact.uasset" 4051
"../../../../../../Project-KJh/project-ARPGHunter/Content/99-Asset/VFX/Realistic_Starter_VFX_Pack_Vol2/Textures/T_Rocks.uasset" 4052
"../../../../../../Project-KJh/project-ARPGHunter/Content/99-Asset/VFX/Realistic_Starter_VFX_Pack_Vol2/Textures/T_Rocks_NM.uasset" 4053
"../../../../../../Project-KJh/project-ARPGHunter/Content/99-Asset/VFX/Realistic_Starter_VFX_Pack_Vol2/Textures/T_Smoke_B.uasset" 4054
"../../../../../../Project-KJh/project-ARPGHunter/Content/99-Asset/VFX/Realistic_Starter_VFX_Pack_Vol2/Textures/T_Smoke_Wisp.uasset" 4055
"../../../../../../Project-KJh/project-ARPGHunter/Content/99-Asset/VFX/Realistic_Starter_VFX_Pack_Vol2/Materials/M_Glow_C.uasset" 4056
"../../../../../../Project-KJh/project-ARPGHunter/Content/99-Asset/VFX/Realistic_Starter_VFX_Pack_Vol2/Textures/T_Flare_A.uasset" 4057
"../../../../../../Project-KJh/project-ARPGHunter/Content/99-Asset/VFX/Realistic_Starter_VFX_Pack_Vol2/Textures/T_Epxlosion_F.uasset" 4058
"../../../../../../Project-KJh/project-ARPGHunter/Content/99-Asset/VFX/Realistic_Starter_VFX_Pack_Vol2/Textures/T_Smoke_Ground.uasset" 4059
"../../../../../../Project-KJh/project-ARPGHunter/Content/99-Asset/VFX/SwordTrailVFX/Textures/Mask/T_TrailMask_09.uasset" 4060
"../../../../../../Project-KJh/project-ARPGHunter/Content/99-Asset/VFX/ParagonMurdock/FX/Materials/Functions/MF_ColorTint_HQ.uasset" 4061
"../../../../../../Project-KJh/project-ARPGHunter/Content/99-Asset/VFX/ParagonMurdock/FX/Materials/Functions/MF_CrossTalkNextChannel.uasset" 4062
"../../../../../../Project-KJh/project-ARPGHunter/Content/99-Asset/VFX/ParagonMurdock/FX/Materials/Functions/MF_FX_EmissiveModulate.uasset" 4063
"../../../../../../Project-KJh/project-ARPGHunter/Content/99-Asset/VFX/ParagonMurdock/FX/Textures/Flares/T_sunflare.uasset" 4064
"../../../../../../Project-KJh/project-ARPGHunter/Content/99-Asset/VFX/ParagonMurdock/FX/Textures/Smoke/T_TileSmoke_01_Height.uasset" 4065
"../../../Engine/Content/Functions/Engine_MaterialFunctions01/ImageAdjustment/DeriveHDRfromLDR.uasset" 4066
"../../../../../../Project-KJh/project-ARPGHunter/Content/99-Asset/VFX/ParagonMurdock/FX/Materials/Functions/MF_ExplosionColor.uasset" 4067
"../../../../../../Project-KJh/project-ARPGHunter/Content/99-Asset/VFX/ParagonMurdock/FX/Textures/Explosions/T_Explosion_Test_v1_Normal.uasset" 4068
"../../../../../../Project-KJh/project-ARPGHunter/Content/99-Asset/VFX/ParagonMurdock/FX/Textures/Explosions/T_Explosion_Test_v1_Temperature.uasset" 4069
"../../../../../../Project-KJh/project-ARPGHunter/Content/99-Asset/VFX/ParagonMurdock/FX/Textures/Coords/T_Turbulence_AdditiveWarp_Linear.uasset" 4070
"../../../../../../Project-KJh/project-ARPGHunter/Content/99-Asset/VFX/ParagonMurdock/FX/Textures/Smoke/T_MinionSmokeMask_Test.uasset" 4071
"../../../../../../Project-KJh/project-ARPGHunter/Content/99-Asset/VFX/ParagonMurdock/FX/Textures/Smoke/T_MinionSmokeTile.uasset" 4072
"../../../../../../Project-KJh/project-ARPGHunter/Content/99-Asset/VFX/ParagonMurdock/FX/Materials/Functions/MF_ParticleRandomSize.uasset" 4073
"../../../../../../Project-KJh/project-ARPGHunter/Content/99-Asset/VFX/ParagonMurdock/FX/Textures/Sparks/T_Spark_Soft.uasset" 4074
"../../../../../../Project-KJh/project-ARPGHunter/Content/99-Asset/VFX/ParagonMurdock/FX/Textures/Environment/Snow/T_Snow01_Packed.uasset" 4075
"../../../../../../Project-KJh/project-ARPGHunter/Content/99-Asset/VFX/ParagonMurdock/FX/Textures/Tile/T_TilingNoise12.uasset" 4076
"../../../../../../Project-KJh/project-ARPGHunter/Content/99-Asset/VFX/ParagonMurdock/FX/Materials/Smoke/DirectionalLit/M_Directional_Lit_DepthSmoke_Master.uasset" 4077
"../../../../../../Project-KJh/project-ARPGHunter/Content/99-Asset/VFX/ParagonMurdock/FX/Textures/Flares/T_FlareWide_04.uasset" 4078
"../../../../../../Project-KJh/project-ARPGHunter/Content/99-Asset/VFX/ParagonMurdock/FX/Textures/Smoke/T_FluidSmoke_04_Depth.uasset" 4079
"../../../../../../Project-KJh/project-ARPGHunter/Content/99-Asset/VFX/ParagonMurdock/FX/Textures/Smoke/T_FluidSmoke_04_N.uasset" 4080
"../../../../../../Project-KJh/project-ARPGHunter/Content/99-Asset/VFX/ParagonMurdock/FX/Textures/Smoke/T_SmokeJet_Element_01_Depth.uasset" 4081
"../../../../../../Project-KJh/project-ARPGHunter/Content/99-Asset/VFX/ParagonMurdock/FX/Textures/Smoke/T_SmokeJet_Element_01_N.uasset" 4082
"../../../../../../Project-KJh/project-ARPGHunter/Content/99-Asset/VFX/ParagonMurdock/FX/Materials/Sparks/M_Spark_VelocityLerp_WorldColor.uasset" 4083
"../../../../../../Project-KJh/project-ARPGHunter/Content/05-Material/M_SimpleEMI.uasset" 4084
"../../../../../../Project-KJh/project-ARPGHunter/Content/99-Asset/VFX/Vefects/Easy_Shockwaves_VFX/Shared/Materials/M_VFX_Shockwave_01.uasset" 4085
"../../../../../../Project-KJh/project-ARPGHunter/Content/99-Asset/VFX/Vefects/Easy_Shockwaves_VFX/Shared/Textures/T_VFX_Easy_Shockwaves_Linear_Mask_01.uasset" 4086
"../../../../../../Project-KJh/project-ARPGHunter/Content/99-Asset/VFX/Vefects/Easy_Shockwaves_VFX/Shared/Textures/T_VFX_Easy_Shockwaves_Linear_Mask_02.uasset" 4087
"../../../../../../Project-KJh/project-ARPGHunter/Content/99-Asset/VFX/Vefects/Easy_Shockwaves_VFX/Shared/Textures/T_VFX_Easy_Shockwaves_Noise_01.uasset" 4088
"../../../../../../Project-KJh/project-ARPGHunter/Content/99-Asset/VFX/Vefects/Easy_Shockwaves_VFX/Shared/Textures/T_VFX_Easy_Shockwaves_Noise_01_Normal.uasset" 4089
"../../../../../../Project-KJh/project-ARPGHunter/Content/99-Asset/VFX/Vefects/Easy_Shockwaves_VFX/Shared/Textures/T_VFX_Easy_Shockwaves_Noise_03.uasset" 4090
"../../Plugins/FX/Niagara/Content/Functions/Rotation/RandomQuaternion.uasset" 4091
"../../Plugins/FX/Niagara/Content/Enums/Transforms/ENiagara_MeshOrientationOptions.uasset" 4092
"../../../../../../Project-KJh/project-ARPGHunter/Content/99-Asset/VFX/ParagonMurdock/FX/Materials/Functions/MF_CameraDistanceFade.uasset" 4093
"../../../../../../Project-KJh/project-ARPGHunter/Content/99-Asset/VFX/ParagonMurdock/FX/Textures/Explosions/T_Explosion_Test_v1.uasset" 4094
"../../../../../../Project-KJh/project-ARPGHunter/Content/99-Asset/VFX/ParagonMurdock/FX/Materials/ParamCollections/GlobalArtCollection.uasset" 4095
"../../../../../../Project-KJh/project-ARPGHunter/Content/99-Asset/VFX/ParagonMurdock/FX/Textures/Debris/T_Concrete_ChunkSubUV_N_TGA.uasset" 4096
"../../../Engine/Content/Functions/Engine_MaterialFunctions02/Utility/DitherTemporalAA.uasset" 4097
"../../../../../../Project-KJh/project-ARPGHunter/Content/99-Asset/VFX/ParagonMurdock/FX/Materials/Functions/MF_DitheredRefraction.uasset" 4098
"../../../../../../Project-KJh/project-ARPGHunter/Content/99-Asset/VFX/ParagonMurdock/FX/Materials/Functions/MF_FX_NearCameraFade.uasset" 4099
"../../../../../../Project-KJh/project-ARPGHunter/Content/99-Asset/VFX/ParagonMurdock/FX/Textures/Masks/T_Sphere_A.uasset" 4100
"../../../../../../Project-KJh/project-ARPGHunter/Content/99-Asset/VFX/ParagonMurdock/FX/Textures/NormalShapes/T_Sphere_N.uasset" 4101
"../../../../../../Project-KJh/project-ARPGHunter/Content/99-Asset/VFX/ParagonMurdock/FX/Textures/Explosions/T_FireBall.uasset" 4102
"../../../../../../Project-KJh/project-ARPGHunter/Content/99-Asset/VFX/ParagonMurdock/FX/Textures/Smoke/T_SoftSmoke_04.uasset" 4103
"../../../../../../Project-KJh/project-ARPGHunter/Content/99-Asset/VFX/ParagonMurdock/FX/Materials/Functions/MF_FadeBasedOnViewAngle.uasset" 4104
"../../../../../../Project-KJh/project-ARPGHunter/Content/99-Asset/VFX/ParagonMurdock/FX/Textures/Explosions/T_FireySmoke_01_Fire_E.uasset" 4105
"../../../../../../Project-KJh/project-ARPGHunter/Content/99-Asset/VFX/ParagonMurdock/FX/Textures/Explosions/T_FireySmoke_01_N.uasset" 4106
"../../../../../../Project-KJh/project-ARPGHunter/Content/99-Asset/VFX/ParagonMurdock/FX/Textures/Explosions/T_FireySmoke_01_Smoke_Speed.uasset" 4107
"../../../../../../Project-KJh/project-ARPGHunter/Content/99-Asset/VFX/ParagonMurdock/FX/Materials/Functions/MF_FX_CustomUV_Fade.uasset" 4108
"../../../../../../Project-KJh/project-ARPGHunter/Content/99-Asset/VFX/ParagonMurdock/FX/Textures/trails/T_Smooth_tile.uasset" 4109
"../../../../../../Project-KJh/project-ARPGHunter/Content/99-Asset/VFX/ParagonMurdock/FX/Textures/Flares/T_Glow_Sphere_Soft.uasset" 4110
"../../../../../../Project-KJh/project-ARPGHunter/Content/99-Asset/VFX/ParagonMurdock/FX/Textures/Masks/T_TankMoteNoise.uasset" 4111
"../../../../../../Project-KJh/project-ARPGHunter/Content/99-Asset/VFX/ParagonMurdock/FX/Textures/Sparks/T_StretchSpark_01.uasset" 4112
"../../../../../../Project-KJh/project-ARPGHunter/Content/99-Asset/VFX/ParagonMurdock/FX/Materials/Flares/M_SuperSoft_Glow.uasset" 4113
"../../../../../../Project-KJh/project-ARPGHunter/Content/99-Asset/VFX/ParagonMurdock/FX/Textures/Masks/T_FireBall_LerpMask.uasset" 4114
"../../../../../../Project-KJh/project-ARPGHunter/Content/99-Asset/VFX/ParagonMurdock/FX/Materials/Smoke/M_ThickSmoke_MASTER.uasset" 4115
"../../../Engine/Content/Functions/Engine_MaterialFunctions01/Density/ExponentialDensity.uasset" 4116
"../../../Engine/Content/Functions/Engine_MaterialFunctions01/Gradient/RadialGradientExponential.uasset" 4117
"../../../../../../Project-KJh/project-ARPGHunter/Content/99-Asset/VFX/SwordTrailVFX/Textures/Mask/T_TrailMask_20.uasset" 4118
"../../Plugins/FX/Niagara/Content/Functions/ParametricTorus.uasset" 4119
"../../Plugins/FX/Niagara/Content/Functions/ParametricTorusKnot.uasset" 4120
"../../Plugins/FX/Niagara/Content/Functions/PolarToCartesianCoordinates.uasset" 4121
"../../Plugins/FX/Niagara/Content/Functions/RandomPointInBox.uasset" 4122
"../../Plugins/FX/Niagara/Content/Functions/Rotation/RotateVector2D.uasset" 4123
"../../Plugins/FX/Niagara/Content/Functions/SphericalToCartesianCoordinates.uasset" 4124
"../../Plugins/FX/Niagara/Content/Enums/ENiagaraExpansionMode.uasset" 4125
"../../../../../../Project-KJh/project-ARPGHunter/Content/99-Asset/VFX/Realistic_Starter_VFX_Pack_Vol2/Textures/T_Fire_B.uasset" 4126
"../../../../../../Project-KJh/project-ARPGHunter/Content/99-Asset/VFX/Realistic_Starter_VFX_Pack_Vol2/Textures/T_Fire_F.uasset" 4127
"../../../../../../Project-KJh/project-ARPGHunter/Content/99-Asset/VFX/Realistic_Starter_VFX_Pack_Vol2/Textures/T_Smoke_A.uasset" 4128
"../../../Engine/Content/EngineMaterials/OrientParticle.uasset" 4129
"../../../../../../Project-KJh/project-ARPGHunter/Content/99-Asset/VFX/ParagonMurdock/FX/Materials/Functions/M_Eleven_Colors.uasset" 4130
"../../../../../../Project-KJh/project-ARPGHunter/Content/99-Asset/VFX/ParagonMinions/FX/Materials/Functions/FX_EmissiveModulate.uasset" 4131
"../../../../../../Project-KJh/project-ARPGHunter/Content/99-Asset/VFX/ParagonMinions/FX/Textures/Flares/T_blue_sharp.uasset" 4132
"../../../../../../Project-KJh/project-ARPGHunter/Content/99-Asset/VFX/ParagonMinions/FX/Materials/Flares/M_DotsStunned.uasset" 4133
"../../../Engine/Content/Functions/Engine_MaterialFunctions02/Utility/Round.uasset" 4134
"../../../Engine/Content/Functions/Engine_MaterialFunctions02/Utility/Sign.uasset" 4135
"../../../../../../Project-KJh/project-ARPGHunter/Content/99-Asset/VFX/ParagonRiktor/FX/Materials/Functions/FX_EmissiveModulate.uasset" 4136
"../../../../../../Project-KJh/project-ARPGHunter/Content/99-Asset/VFX/ParagonRiktor/FX/Materials/Functions/MF_Chains_Colors.uasset" 4137
"../../../../../../Project-KJh/project-ARPGHunter/Content/99-Asset/VFX/ParagonRiktor/FX/Materials/Functions/MF_ParticleRandomSize.uasset" 4138
"../../../../../../Project-KJh/project-ARPGHunter/Content/99-Asset/VFX/ParagonRiktor/FX/Materials/Functions/MF_RandomSubUV_GPUSprites.uasset" 4139
"../../../../../../Project-KJh/project-ARPGHunter/Content/99-Asset/VFX/ParagonRiktor/FX/Textures/Energy/Electricity/T_Semicircle_Arcs_2x2.uasset" 4140
"../../../../../../Project-KJh/project-ARPGHunter/Content/99-Asset/VFX/ParagonRiktor/FX/Materials/Functions/MF_Tile_Isolate_XY.uasset" 4141
"../../../../../../Project-KJh/project-ARPGHunter/Content/99-Asset/VFX/ParagonRiktor/FX/Textures/Energy/Electricity/T_Electric_TileY.uasset" 4142
"../../../../../../Project-KJh/project-ARPGHunter/Content/99-Asset/VFX/ParagonRiktor/FX/Materials/Functions/MF_CameraDistanceFade.uasset" 4143
"../../../../../../Project-KJh/project-ARPGHunter/Content/99-Asset/VFX/ParagonRiktor/FX/Textures/Coords/T_Turbulence_AdditiveWarp_Linear.uasset" 4144
"../../../../../../Project-KJh/project-ARPGHunter/Content/99-Asset/VFX/ParagonRiktor/FX/Textures/Smoke/T_MinionSmokeMask_Test.uasset" 4145
"../../../../../../Project-KJh/project-ARPGHunter/Content/99-Asset/VFX/ParagonRiktor/FX/Textures/Smoke/T_MinionSmokeTile.uasset" 4146
"../../../../../../Project-KJh/project-ARPGHunter/Content/99-Asset/VFX/ParagonRiktor/FX/Materials/Functions/FadeBasedOnViewAngle.uasset" 4147
"../../../../../../Project-KJh/project-ARPGHunter/Content/99-Asset/VFX/ParagonRiktor/FX/Textures/Smoke/T_SoftSmoke.uasset" 4148
"../../../../../../Project-KJh/project-ARPGHunter/Content/99-Asset/VFX/ParagonRiktor/FX/Textures/Smoke/T_SoftSmoke_04.uasset" 4149
"../../../../../../Project-KJh/project-ARPGHunter/Content/99-Asset/VFX/ParagonRiktor/FX/Textures/Smoke/T_TilingClouds_01.uasset" 4150
"../../../Engine/Content/Functions/Engine_MaterialFunctions01/Coordinates/PixelInWorldUnits.uasset" 4151
"../../../Engine/Content/Functions/Engine_MaterialFunctions01/Coordinates/WorldUnitsInPixel.uasset" 4152
"../../../Engine/Content/Functions/Engine_MaterialFunctions03/Particles/ParticleDOF.uasset" 4153
"../../../Engine/Content/Engine_MI_Shaders/Textures/Bokeh.uasset" 4154
"../../../../../../Project-KJh/project-ARPGHunter/Content/99-Asset/VFX/ParagonRiktor/FX/Textures/Sparks/T_Spark_Soft.uasset" 4155
"../../../../../../Project-KJh/project-ARPGHunter/Content/99-Asset/VFX/ParagonRiktor/FX/Textures/Sparks/T_SparkSingle.uasset" 4156
"../../../../../../Project-KJh/project-ARPGHunter/Content/99-Asset/VFX/ParagonRiktor/FX/Materials/Energy/Electricity/M_Riktor_Radial_Electricity_MASTER.uasset" 4157
"../../../../../../Project-KJh/project-ARPGHunter/Content/99-Asset/VFX/ParagonRiktor/FX/Materials/Functions/MF_DitheredRefraction.uasset" 4158
"../../../../../../Project-KJh/project-ARPGHunter/Content/99-Asset/VFX/ParagonRiktor/FX/Textures/Tile/Noise/T_TilingNoise12.uasset" 4159
"../../../Engine/Content/Functions/Engine_MaterialFunctions02/Utility/Swizzle.uasset" 4160
"../../../../../../Project-KJh/project-ARPGHunter/Content/99-Asset/VFX/ParagonRiktor/FX/Textures/Energy/Electricity/T_lightning_tile.uasset" 4161
"../../../../../../Project-KJh/project-ARPGHunter/Content/99-Asset/VFX/ParagonRiktor/FX/Textures/Masks/T_Double_Shockwavetga.uasset" 4162
"../../../../../../Project-KJh/project-ARPGHunter/Content/99-Asset/VFX/ParagonRiktor/FX/Textures/Masks/T_NoisyBeam_M.uasset" 4163
"../../../../../../Project-KJh/project-ARPGHunter/Content/99-Asset/VFX/ParagonRiktor/FX/Textures/Tile/Noise/T_PerlinPlasma_Noisey_Packed.uasset" 4164
"../../../../../../Project-KJh/project-ARPGHunter/Content/99-Asset/VFX/Realistic_Starter_VFX_Pack_Vol2/Textures/T_Spark_B.uasset" 4165
"../../../../../../Project-KJh/project-ARPGHunter/Content/99-Asset/VFX/ParagonMurdock/FX/Materials/Functions/MF_Tile_Isolate_XY.uasset" 4166
"../../../Engine/Content/EngineMaterials/FlatNormal.uasset" 4167
"../../../Engine/Content/Functions/Engine_MaterialFunctions02/Utility/AppendMany.uasset" 4168
"../../../../../../Project-KJh/project-ARPGHunter/Content/99-Asset/VFX/Vefects/Easy_Shockwaves_VFX/Shared/Textures/T_VFX_Linear_Gradient_DT.uasset" 4169
"../../../../../../Project-KJh/project-ARPGHunter/Content/99-Asset/VFX/ParagonMurdock/FX/Textures/Smoke/T_SmokeRend_N.uasset" 4170
"../../../../../../Project-KJh/project-ARPGHunter/Content/99-Asset/VFX/ParagonMurdock/FX/Textures/Smoke/T_SoftSmoke.uasset" 4171
"../../../../../../Project-KJh/project-ARPGHunter/Content/99-Asset/VFX/ParagonMurdock/FX/Textures/Smoke/T_SoftSmoke_03.uasset" 4172
"../../../../../../Project-KJh/project-ARPGHunter/Content/99-Asset/VFX/ParagonMurdock/FX/Textures/Smoke/T_SoftSmoke_Mask_01.uasset" 4173
"../../Plugins/FX/Niagara/Content/Functions/IsolateLongestVectorComponent.uasset" 4174
"../../../../../../Project-KJh/project-ARPGHunter/Content/99-Asset/VFX/ParagonMinions/FX/Materials/Functions/MF_CameraDistanceFade.uasset" 4175
"../../../../../../Project-KJh/project-ARPGHunter/Content/99-Asset/VFX/ParagonMinions/FX/Materials/Functions/MF_ParticleExpandDistance.uasset" 4176
"../../../../../../Project-KJh/project-ARPGHunter/Content/99-Asset/VFX/ParagonMinions/FX/Materials/Functions/MF_ParticleRandomSize.uasset" 4177
"../../../../../../Project-KJh/project-ARPGHunter/Content/99-Asset/VFX/ParagonMinions/FX/Textures/Masks/T_TankMote.uasset" 4178
"../../../../../../Project-KJh/project-ARPGHunter/Content/99-Asset/VFX/ParagonMinions/FX/Textures/Masks/T_TankMoteNoise.uasset" 4179
"../../../Engine/Content/Functions/Engine_MaterialFunctions01/WorldPositionOffset/SplineThicken.uasset" 4180
"../../../Engine/Content/Functions/Engine_MaterialFunctions02/Math/CreateThirdOrthogonalVector.uasset" 4181
"../../../Engine/Content/Functions/Engine_MaterialFunctions02/SafeNormalize.uasset" 4182
"../../../Engine/Content/Functions/Engine_MaterialFunctions02/TangentBasis.uasset" 4183
"../../../Engine/Content/Functions/Engine_MaterialFunctions02/Utility/BlendAngleCorrectedNormals.uasset" 4184
"../../../../../../Project-KJh/project-ARPGHunter/Content/99-Asset/VFX/ParagonRiktor/FX/Materials/Functions/MF_ElecWave.uasset" 4185
"../../../../../../Project-KJh/project-ARPGHunter/Content/99-Asset/VFX/ParagonRiktor/FX/Textures/Masks/T_SplineThickness_Mask.uasset" 4186
"../../../../../../Project-KJh/project-ARPGHunter/Content/99-Asset/VFX/ParagonRiktor/FX/Textures/Tile/Noise/T_AtmosphericCloudNoise03.uasset" 4187
"/Game/03-Data/CT_MonsterLevel" 4188
"../../../../../../Project-KJh/project-ARPGHunter/Content/03-Data/CT_MonsterLevel.uasset" 4189
"/Game/03-Data/DT_RegionData" 4190
"../../../../../../Project-KJh/project-ARPGHunter/Content/03-Data/DT_RegionData.uasset" 4191
"/Game/03-Data/DT_StageData" 4192
"../../../../../../Project-KJh/project-ARPGHunter/Content/03-Data/DT_StageData.uasset" 4193
"../../../../../../Project-KJh/project-ARPGHunter/Content/03-Data/CutSceneData/LS_1003_Data.uasset" 4194
"../../../../../../Project-KJh/project-ARPGHunter/Content/99-Asset/Sound/BGM_DefaultBossCombat.uasset" 4195
"../../../../../../Project-KJh/project-ARPGHunter/Content/99-Asset/Sound/BGM_DefaultCombat.uasset" 4196
"../../../../../../Project-KJh/project-ARPGHunter/Content/99-Asset/Sound/BGM_DefaultTown.uasset" 4197
"../../../../../../Project-KJh/project-ARPGHunter/Content/03-Data/CutSceneData/CutSceneActor/BP_1003.uasset" 4198
"/Game/03-Data/DT_ItemData" 4199
"../../../../../../Project-KJh/project-ARPGHunter/Content/03-Data/DT_ItemData.uasset" 4200
"../../../../../../Project-KJh/project-ARPGHunter/Content/03-Data/ItemConfig/2001_HpRecover.uasset" 4201
"../../../../../../Project-KJh/project-ARPGHunter/Content/03-Data/ItemConfig/2002_AtkBuff.uasset" 4202
"../../../../../../Project-KJh/project-ARPGHunter/Content/03-Data/ItemConfig/2003_DefBuff.uasset" 4203
"../../../../../../Project-KJh/project-ARPGHunter/Content/03-Data/ItemConfig/2004_Adrenaline.uasset" 4204
"../../../../../../Project-KJh/project-ARPGHunter/Content/03-Data/ItemConfig/3001_BasicHelmet.uasset" 4205
"../../../../../../Project-KJh/project-ARPGHunter/Content/03-Data/ItemConfig/3002_BasicTop.uasset" 4206
"../../../../../../Project-KJh/project-ARPGHunter/Content/03-Data/ItemConfig/3003_BasicPants.uasset" 4207
"../../../../../../Project-KJh/project-ARPGHunter/Content/03-Data/ItemConfig/3004_BasicHelmet1.uasset" 4208
"../../../../../../Project-KJh/project-ARPGHunter/Content/03-Data/ItemConfig/3005_BasicTop1.uasset" 4209
"../../../../../../Project-KJh/project-ARPGHunter/Content/03-Data/ItemConfig/3006_BasicPants1.uasset" 4210
"../../../../../../Project-KJh/project-ARPGHunter/Content/03-Data/ItemConfig/3007_BasicHelmet2.uasset" 4211
"../../../../../../Project-KJh/project-ARPGHunter/Content/03-Data/ItemConfig/3008_BasicTop2.uasset" 4212
"../../../../../../Project-KJh/project-ARPGHunter/Content/03-Data/ItemConfig/3009_BasicPants2.uasset" 4213
"../../../../../../Project-KJh/project-ARPGHunter/Content/03-Data/ItemConfig/1001_Scrap.uasset" 4214
"../../../../../../Project-KJh/project-ARPGHunter/Content/03-Data/ItemConfig/1002_Wood.uasset" 4215
"../../../../../../Project-KJh/project-ARPGHunter/Content/03-Data/ItemConfig/1003_Circuit.uasset" 4216
"../../../../../../Project-KJh/project-ARPGHunter/Content/03-Data/ItemConfig/1004_AcidBlood.uasset" 4217
"../../../../../../Project-KJh/project-ARPGHunter/Content/03-Data/ItemConfig/4001_RusticSword.uasset" 4218
"../../../../../../Project-KJh/project-ARPGHunter/Content/03-Data/ItemConfig/4002_SoldierSword.uasset" 4219
"../../../../../../Project-KJh/project-ARPGHunter/Content/03-Data/ItemConfig/4003_HeatBlade.uasset" 4220
"../../../../../../Project-KJh/project-ARPGHunter/Content/03-Data/EffectData/RecoverHealth_100.uasset" 4221
"../../../../../../Project-KJh/project-ARPGHunter/Content/99-Asset/Item/Img/consume_hpRecover.uasset" 4222
"../../../../../../Project-KJh/project-ARPGHunter/Content/99-Asset/VFX/ExportVFX/P_GainRed.uasset" 4223
"../../../../../../Project-KJh/project-ARPGHunter/Content/03-Data/EffectData/AddAttack_10s_100.uasset" 4224
"../../../../../../Project-KJh/project-ARPGHunter/Content/99-Asset/Item/Img/consume_atkBuff.uasset" 4225
"../../../../../../Project-KJh/project-ARPGHunter/Content/99-Asset/VFX/ExportVFX/P_GainYellow.uasset" 4226
"../../../../../../Project-KJh/project-ARPGHunter/Content/03-Data/EffectData/AddDefense_30s_100.uasset" 4227
"../../../../../../Project-KJh/project-ARPGHunter/Content/99-Asset/Item/Img/consume_defBuff.uasset" 4228
"../../../../../../Project-KJh/project-ARPGHunter/Content/99-Asset/VFX/ExportVFX/P_GainBlue.uasset" 4229
"../../../../../../Project-KJh/project-ARPGHunter/Content/99-Asset/Item/Img/consume_cirticalBuff.uasset" 4230
"../../../../../../Project-KJh/project-ARPGHunter/Content/99-Asset/VFX/ExportVFX/P_GainGreen.uasset" 4231
"../../../../../../Project-KJh/project-ARPGHunter/Content/99-Asset/Character/CyberSoldier/Character/Mesh/Seperates/Cyber_Soldier_Head.uasset" 4232
"../../../../../../Project-KJh/project-ARPGHunter/Content/99-Asset/Item/Img/armor_basicHelmet.uasset" 4233
"../../../../../../Project-KJh/project-ARPGHunter/Content/99-Asset/Character/CyberSoldier/Character/Mesh/Seperates/Cyber_Soldier_Top.uasset" 4234
"../../../../../../Project-KJh/project-ARPGHunter/Content/99-Asset/Item/Img/armor_basicTop.uasset" 4235
"../../../../../../Project-KJh/project-ARPGHunter/Content/99-Asset/Character/CyberSoldier/Character/Mesh/Seperates/Cyber_Soldier_Bottom.uasset" 4236
"../../../../../../Project-KJh/project-ARPGHunter/Content/99-Asset/Item/Img/armor_basicPants.uasset" 4237
"../../../../../../Project-KJh/project-ARPGHunter/Content/99-Asset/Character/CyberSoldier/Character/Mesh/Seperates/Cyber_Soldier_Head1.uasset" 4238
"../../../../../../Project-KJh/project-ARPGHunter/Content/99-Asset/Character/CyberSoldier/Character/Mesh/Seperates/Cyber_Soldier_Top1.uasset" 4239
"../../../../../../Project-KJh/project-ARPGHunter/Content/99-Asset/Item/Img/item_scrap.uasset" 4240
"../../../../../../Project-KJh/project-ARPGHunter/Content/99-Asset/Item/Img/item_wood.uasset" 4241
"../../../../../../Project-KJh/project-ARPGHunter/Content/99-Asset/Item/Img/item_circuit.uasset" 4242
"../../../../../../Project-KJh/project-ARPGHunter/Content/99-Asset/Item/Img/item_acid.uasset" 4243
"../../../../../../Project-KJh/project-ARPGHunter/Content/99-Asset/Fab/Sword/SKM_rustic_sword.uasset" 4244
"../../../../../../Project-KJh/project-ARPGHunter/Content/99-Asset/Item/Img/weapon_basicSword.uasset" 4245
"../../../../../../Project-KJh/project-ARPGHunter/Content/99-Asset/Fab/Scifi_Katana/SKM_scifi_katana1.uasset" 4246
"../../../../../../Project-KJh/project-ARPGHunter/Content/99-Asset/VFX/ParagonMinions/FX/Materials/Flares/M_TacticiaAirglow.uasset" 4247
"../../../../../../Project-KJh/project-ARPGHunter/Content/99-Asset/VFX/ParagonMinions/FX/Materials/Shockwaves/M_CleanseBubble.uasset" 4248
"../../../../../../Project-KJh/project-ARPGHunter/Content/99-Asset/VFX/ParagonMinions/FX/Materials/Sparks/M_Soft_Spark_Glow.uasset" 4249
"../../../../../../Project-KJh/project-ARPGHunter/Content/99-Asset/VFX/ParagonMinions/FX/Meshes/Shapes/SM_CleanseBubble.uasset" 4250
"../../../../../../Project-KJh/project-ARPGHunter/Content/99-Asset/VFX/ParagonMinions/FX/VectorFields/VF_TurbulentNoise_1_55.uasset" 4251
"../../../../../../Project-KJh/project-ARPGHunter/Content/99-Asset/UI/Icon/Icon_Effect_Defense.uasset" 4252
"../../../../../../Project-KJh/project-ARPGHunter/Content/99-Asset/Character/CyberSoldier/Character/Textures/Heads/MI_Cyber_Soldier_Head1.uasset" 4253
"../../../../../../Project-KJh/project-ARPGHunter/Content/99-Asset/Character/CyberSoldier/Character/Textures/Heads/MI_Cyber_Soldier_Head2.uasset" 4254
"../../../../../../Project-KJh/project-ARPGHunter/Content/99-Asset/Character/CyberSoldier/Character/Textures/Body/MI_Cyber_Soldier1.uasset" 4255
"../../../../../../Project-KJh/project-ARPGHunter/Content/99-Asset/Fab/Sword/Material.uasset" 4256
"../../../../../../Project-KJh/project-ARPGHunter/Content/99-Asset/Fab/Sword/SK_sword.uasset" 4257
"../../../../../../Project-KJh/project-ARPGHunter/Content/99-Asset/Fab/Scifi_Katana/SwordBase_001.uasset" 4258
"../../../../../../Project-KJh/project-ARPGHunter/Content/99-Asset/Fab/Scifi_Katana/SK_scifi_katana1.uasset" 4259
"../../../../../../Project-KJh/project-ARPGHunter/Content/99-Asset/VFX/ParagonMinions/FX/Textures/Energy/Plasma/T_Plasma_Aurora_Seamless.uasset" 4260
"../../../../../../Project-KJh/project-ARPGHunter/Content/99-Asset/VFX/ParagonMinions/FX/Textures/Masks/T_NoisyRamp.uasset" 4261
"../../../../../../Project-KJh/project-ARPGHunter/Content/99-Asset/VFX/ParagonMinions/FX/Textures/Masks/T_SoftEdge_M.uasset" 4262
"../../../../../../Project-KJh/project-ARPGHunter/Content/99-Asset/VFX/ParagonMinions/FX/Textures/Tile/Noise/T_SmokeRend_N.uasset" 4263
"../../../../../../Project-KJh/project-ARPGHunter/Content/99-Asset/VFX/ParagonMinions/FX/Textures/Sparks/T_Spark_Soft.uasset" 4264
"../../../../../../Project-KJh/project-ARPGHunter/Content/99-Asset/Character/CyberSoldier/Character/Textures/Heads/Cyber_Soldier_Heads_Albedo2.uasset" 4265
"../../../../../../Project-KJh/project-ARPGHunter/Content/99-Asset/Character/CyberSoldier/Character/Textures/Body/Cyber_Soldier_Albedo_1.uasset" 4266
"../../Plugins/Interchange/Assets/Content/gltf/MaterialInstances/MI_Default_Opaque_DS.uasset" 4267
"../../../../../../Project-KJh/project-ARPGHunter/Content/99-Asset/Fab/Sword/sword_texture_0.uasset" 4268
"../../../../../../Project-KJh/project-ARPGHunter/Content/99-Asset/Fab/Sword/sword_texture_1.uasset" 4269
"../../../../../../Project-KJh/project-ARPGHunter/Content/99-Asset/Fab/Sword/sword_texture_2.uasset" 4270
"../../../../../../Project-KJh/project-ARPGHunter/Content/99-Asset/Fab/Scifi_Katana/scifi_katana_texture_0.uasset" 4271
"../../../../../../Project-KJh/project-ARPGHunter/Content/99-Asset/Fab/Scifi_Katana/scifi_katana_texture_1.uasset" 4272
"../../../../../../Project-KJh/project-ARPGHunter/Content/99-Asset/Fab/Scifi_Katana/scifi_katana_texture_2.uasset" 4273
"../../Plugins/Interchange/Assets/Content/gltf/M_Default.uasset" 4274
"/Game/03-Data/DT_ItemProductData" 4275
"../../../../../../Project-KJh/project-ARPGHunter/Content/03-Data/DT_ItemProductData.uasset" 4276
"/Game/03-Data/TradeData/TradeConfig" 4277
"../../../../../../Project-KJh/project-ARPGHunter/Content/03-Data/TradeData/TradeConfig.uasset" 4278
"../../../../../../Project-KJh/project-ARPGHunter/Content/03-Data/TradeData/DT_Trade1.uasset" 4279
"../../../../../../Project-KJh/project-ARPGHunter/Content/03-Data/TradeData/DT_Trade2.uasset" 4280
"../../../../../../Project-KJh/project-ARPGHunter/Content/03-Data/TradeData/DT_Trade3.uasset" 4281
"../../../../../../Project-KJh/project-ARPGHunter/Content/03-Data/TradeData/DT_Trade4_Cheap.uasset" 4282
"/Game/03-Data/DT_DialogData" 4283
"../../../../../../Project-KJh/project-ARPGHunter/Content/03-Data/DT_DialogData.uasset" 4284
"/Game/03-Data/DT_EquipmentUpgrade" 4285
"../../../../../../Project-KJh/project-ARPGHunter/Content/03-Data/DT_EquipmentUpgrade.uasset" 4286
"/Game/06-UI/HUD/WBP_NonCombatHUD" 4287
"../../../../../../Project-KJh/project-ARPGHunter/Content/06-UI/HUD/WBP_NonCombatHUD.uasset" 4288
"../../../../../../Project-KJh/project-ARPGHunter/Content/99-Asset/UI/ButtonFrame1.uasset" 4289
"../../../../../../Project-KJh/project-ARPGHunter/Content/99-Asset/UI/Icon/Icon_Input.uasset" 4290
"../../../../../../Project-KJh/project-ARPGHunter/Content/99-Asset/UI/Icon/Icon_Inventory.uasset" 4291
"../../../../../../Project-KJh/project-ARPGHunter/Content/99-Asset/UI/Icon/Icon_Maintenance.uasset" 4292
"../../../../../../Project-KJh/project-ARPGHunter/Content/99-Asset/UI/Icon/Icon_Menu.uasset" 4293
"../../../../../../Project-KJh/project-ARPGHunter/Content/99-Asset/UI/Icon/Icon_Skill.uasset" 4294
"/Game/06-UI/WBP_Maintenance" 4295
"../../../../../../Project-KJh/project-ARPGHunter/Content/06-UI/WBP_Maintenance.uasset" 4296
"../../../../../../Project-KJh/project-ARPGHunter/Content/06-UI/WBP_StatInfo.uasset" 4297
"/Game/06-UI/WBP_Inventory" 4298
"../../../../../../Project-KJh/project-ARPGHunter/Content/06-UI/WBP_Inventory.uasset" 4299
"../../../../../../Project-KJh/project-ARPGHunter/Content/06-UI/WBP_ItemCategory.uasset" 4300
"../../../../../../Project-KJh/project-ARPGHunter/Content/06-UI/WBP_ItemDetail.uasset" 4301
"../../../../../../Project-KJh/project-ARPGHunter/Content/99-Asset/UI/Button_2.uasset" 4302
"../../../../../../Project-KJh/project-ARPGHunter/Content/99-Asset/UI/Icon/GoldIcon.uasset" 4303
"../../../../../../Project-KJh/project-ARPGHunter/Content/06-UI/WBP_ItemCategoryElement.uasset" 4304
"../../../../../../Project-KJh/project-ARPGHunter/Content/99-Asset/UI/Panel_1.uasset" 4305
"/Game/06-UI/WBP_SkillDevelop" 4306
"../../../../../../Project-KJh/project-ARPGHunter/Content/06-UI/WBP_SkillDevelop.uasset" 4307
"../../../../../../Project-KJh/project-ARPGHunter/Content/06-UI/WBP_IngredientSlotProduct.uasset" 4308
"../../../../../../Project-KJh/project-ARPGHunter/Content/06-UI/WBP_SkillTree.uasset" 4309
"../../../../../../Project-KJh/project-ARPGHunter/Content/99-Asset/UI/Icon/SkillPointIcon.uasset" 4310
"../../../../../../Project-KJh/project-ARPGHunter/Content/06-UI/WBP_SkillNode.uasset" 4311
"../../../../../../Project-KJh/project-ARPGHunter/Content/06-UI/WBP_SkillNodeLine.uasset" 4312
"../../../../../../Project-KJh/project-ARPGHunter/Content/99-Asset/UI/ButtonFrame1_Selected.uasset" 4313
"../../../../../../Project-KJh/project-ARPGHunter/Content/99-Asset/UI/ButtonFrame1_Selected2.uasset" 4314
"/Game/03-Data/NPCConfig/NPC_Seller" 4315
"../../../../../../Project-KJh/project-ARPGHunter/Content/03-Data/NPCConfig/NPC_Seller.uasset" 4316
"../../../../../../Project-KJh/project-ARPGHunter/Content/02-BP/NPC/Animation/Seller/ABP_NPCSeller.uasset" 4317
"../../../../../../Project-KJh/project-ARPGHunter/Content/06-UI/WBP_ItemTrade.uasset" 4318
"../../../../../../Project-KJh/project-ARPGHunter/Content/99-Asset/Character/CyberSoldier/Seller/Mesh/Seller.uasset" 4319
"../../../../../../Project-KJh/project-ARPGHunter/Content/02-BP/NPC/Animation/ABP_NPCTemplate.uasset" 4320
"../../../../../../Project-KJh/project-ARPGHunter/Content/02-BP/NPC/Animation/Seller/NPC_Standing_Idle.uasset" 4321
"../../../../../../Project-KJh/project-ARPGHunter/Content/99-Asset/Character/CyberSoldier/Seller/Mesh/Seller_Skeleton.uasset" 4322
"../../../../../../Project-KJh/project-ARPGHunter/Content/06-UI/WBP_ItemTradeSlot.uasset" 4323
"../../../../../../Project-KJh/project-ARPGHunter/Content/99-Asset/Character/CyberSoldier/Seller/Textures/Character/MI_Seller_1.uasset" 4324
"../../../../../../Project-KJh/project-ARPGHunter/Content/99-Asset/Character/CyberSoldier/Seller/Mesh/Seller_PhysicsAsset.uasset" 4325
"../../../../../../Project-KJh/project-ARPGHunter/Content/99-Asset/Character/CyberSoldier/Seller/Textures/Character/Seller_Albedo_01.uasset" 4326
"../../../../../../Project-KJh/project-ARPGHunter/Content/99-Asset/Character/CyberSoldier/Seller/Textures/Character/Seller_Ao.uasset" 4327
"../../../../../../Project-KJh/project-ARPGHunter/Content/99-Asset/Character/CyberSoldier/Seller/Textures/Character/Seller_Emissive.uasset" 4328
"../../../../../../Project-KJh/project-ARPGHunter/Content/99-Asset/Character/CyberSoldier/Seller/Textures/Character/Seller_Metallic.uasset" 4329
"../../../../../../Project-KJh/project-ARPGHunter/Content/99-Asset/Character/CyberSoldier/Seller/Textures/Character/Seller_Normals.uasset" 4330
"/Game/06-UI/WBP_NpcDialog" 4331
"../../../../../../Project-KJh/project-ARPGHunter/Content/06-UI/WBP_NpcDialog.uasset" 4332
"../../../../../../Project-KJh/project-ARPGHunter/Content/06-UI/WBP_NpcDialogOption.uasset" 4333
"../../../../../../Project-KJh/project-ARPGHunter/Content/99-Asset/UI/Button_Option.uasset" 4334
"/Game/04-Input/IMC_Player" 4335
"../../../../../../Project-KJh/project-ARPGHunter/Content/04-Input/IMC_Player.uasset" 4336
"../../../../../../Project-KJh/project-ARPGHunter/Content/04-Input/IA_Attack.uasset" 4337
"../../../../../../Project-KJh/project-ARPGHunter/Content/04-Input/IA_Dodge.uasset" 4338
"../../../../../../Project-KJh/project-ARPGHunter/Content/04-Input/IA_Interact.uasset" 4339
"../../../../../../Project-KJh/project-ARPGHunter/Content/04-Input/IA_Move.uasset" 4340
"../../../../../../Project-KJh/project-ARPGHunter/Content/04-Input/IA_QuickSlot.uasset" 4341
"../../../../../../Project-KJh/project-ARPGHunter/Content/04-Input/IA_Rotate.uasset" 4342
"../../../../../../Project-KJh/project-ARPGHunter/Content/04-Input/IA_ShortCut_ESC.uasset" 4343
"../../../../../../Project-KJh/project-ARPGHunter/Content/04-Input/IA_ShortCut_F1.uasset" 4344
"../../../../../../Project-KJh/project-ARPGHunter/Content/04-Input/IA_ShortCut_I.uasset" 4345
"../../../../../../Project-KJh/project-ARPGHunter/Content/04-Input/IA_ShortCut_K.uasset" 4346
"../../../../../../Project-KJh/project-ARPGHunter/Content/04-Input/IA_ShortCut_TAB.uasset" 4347
"../../../../../../Project-KJh/project-ARPGHunter/Content/04-Input/IA_Sprint.uasset" 4348
"/Game/03-Data/PlayerDefaultConfig" 4349
"../../../../../../Project-KJh/project-ARPGHunter/Content/03-Data/PlayerDefaultConfig.uasset" 4350
"/Game/06-UI/WBP_CutScene" 4351
"../../../../../../Project-KJh/project-ARPGHunter/Content/06-UI/WBP_CutScene.uasset" 4352
"/Game/06-UI/WBP_StageSelect" 4353
"../../../../../../Project-KJh/project-ARPGHunter/Content/06-UI/WBP_StageSelect.uasset" 4354
"../../../../../../Project-KJh/project-ARPGHunter/Content/06-UI/WBP_StageSlot.uasset" 4355
"../../../../../../Project-KJh/project-ARPGHunter/Content/99-Asset/UI/Stage/Stage_Background.uasset" 4356
"/Game/06-UI/WBP_Title" 4357
"../../../../../../Project-KJh/project-ARPGHunter/Content/06-UI/WBP_Title.uasset" 4358
"../../../../../../Project-KJh/project-ARPGHunter/Content/99-Asset/UI/BG/BG_Title.uasset" 4359
"../../../../../../Project-KJh/project-ARPGHunter/Content/99-Asset/UI/Icon/Logo.uasset" 4360
"../../../Engine/Intermediate/ProjectFiles/PrimaryProjectPath.txt" 4361
"/MediaPlate/SM_MediaPlateScreen" 4362
"../../Plugins/Media/MediaPlate/Content/SM_MediaPlateScreen.uasset" 4363
"/CommonUI/VideoPlayerMaterial" 4364
"../../Plugins/Runtime/CommonUI/Content/VideoPlayerMaterial.uasset" 4365
"../../Plugins/Runtime/CommonUI/Content/DefaultMediaTexture.uasset" 4366
"C:/Program Files/Epic Games/UE_5.5/Engine/Binaries/ThirdParty/USD/UsdResources/Win64/plugins/plugInfo.json" 4367
"C:/Program Files/Epic Games/UE_5.5/Engine/Binaries/ThirdParty/USD/UsdResources/Win64/plugins/usdLux/resources/plugInfo.json" 4368
"C:/Program Files/Epic Games/UE_5.5/Engine/Binaries/ThirdParty/USD/UsdResources/Win64/plugins/usdVolImaging/resources/plugInfo.json" 4369
"C:/Program Files/Epic Games/UE_5.5/Engine/Binaries/ThirdParty/USD/UsdResources/Win64/plugins/hd/resources/plugInfo.json" 4370
"C:/Program Files/Epic Games/UE_5.5/Engine/Binaries/ThirdParty/USD/UsdResources/Win64/plugins/hdGp/resources/plugInfo.json" 4371
"C:/Program Files/Epic Games/UE_5.5/Engine/Binaries/ThirdParty/USD/UsdResources/Win64/plugins/hdSt/resources/plugInfo.json" 4372
"C:/Program Files/Epic Games/UE_5.5/Engine/Binaries/ThirdParty/USD/UsdResources/Win64/plugins/usdProc/resources/plugInfo.json" 4373
"C:/Program Files/Epic Games/UE_5.5/Engine/Binaries/ThirdParty/USD/UsdResources/Win64/plugins/glf/resources/plugInfo.json" 4374
"C:/Program Files/Epic Games/UE_5.5/Engine/Binaries/ThirdParty/USD/UsdResources/Win64/plugins/usdUI/resources/plugInfo.json" 4375
"C:/Program Files/Epic Games/UE_5.5/Engine/Binaries/ThirdParty/USD/UsdResources/Win64/plugins/usdShaders/resources/plugInfo.json" 4376
"C:/Program Files/Epic Games/UE_5.5/Engine/Binaries/ThirdParty/USD/UsdResources/Win64/plugins/hdx/resources/plugInfo.json" 4377
"C:/Program Files/Epic Games/UE_5.5/Engine/Binaries/ThirdParty/USD/UsdResources/Win64/plugins/hgiGL/resources/plugInfo.json" 4378
"C:/Program Files/Epic Games/UE_5.5/Engine/Binaries/ThirdParty/USD/UsdResources/Win64/plugins/usdSkel/resources/plugInfo.json" 4379
"C:/Program Files/Epic Games/UE_5.5/Engine/Binaries/ThirdParty/USD/UsdResources/Win64/plugins/hio/resources/plugInfo.json" 4380
"C:/Program Files/Epic Games/UE_5.5/Engine/Binaries/ThirdParty/USD/UsdResources/Win64/plugins/usdPhysics/resources/plugInfo.json" 4381
"C:/Program Files/Epic Games/UE_5.5/Engine/Binaries/ThirdParty/USD/UsdResources/Win64/plugins/ndr/resources/plugInfo.json" 4382
"C:/Program Files/Epic Games/UE_5.5/Engine/Binaries/ThirdParty/USD/UsdResources/Win64/plugins/usdMtlx/resources/plugInfo.json" 4383
"C:/Program Files/Epic Games/UE_5.5/Engine/Binaries/ThirdParty/USD/UsdResources/Win64/plugins/sdf/resources/plugInfo.json" 4384
"C:/Program Files/Epic Games/UE_5.5/Engine/Binaries/ThirdParty/USD/UsdResources/Win64/plugins/usdRender/resources/plugInfo.json" 4385
"C:/Program Files/Epic Games/UE_5.5/Engine/Binaries/ThirdParty/USD/UsdResources/Win64/plugins/hdStorm/resources/plugInfo.json" 4386
"C:/Program Files/Epic Games/UE_5.5/Engine/Binaries/ThirdParty/USD/UsdResources/Win64/plugins/usdImagingGL/resources/plugInfo.json" 4387
"C:/Program Files/Epic Games/UE_5.5/Engine/Binaries/ThirdParty/USD/UsdResources/Win64/plugins/usdRiPxrImaging/resources/plugInfo.json" 4388
"C:/Program Files/Epic Games/UE_5.5/Engine/Binaries/ThirdParty/USD/UsdResources/Win64/plugins/unreal/resources/plugInfo.json" 4389
"C:/Program Files/Epic Games/UE_5.5/Engine/Binaries/ThirdParty/USD/UsdResources/Win64/plugins/usdHydra/resources/plugInfo.json" 4390
"C:/Program Files/Epic Games/UE_5.5/Engine/Binaries/ThirdParty/USD/UsdResources/Win64/plugins/sdrGlslfx/resources/plugInfo.json" 4391
"C:/Program Files/Epic Games/UE_5.5/Engine/Binaries/ThirdParty/USD/UsdResources/Win64/plugins/usdVol/resources/plugInfo.json" 4392
"C:/Program Files/Epic Games/UE_5.5/Engine/Binaries/ThirdParty/USD/UsdResources/Win64/plugins/usdShade/resources/plugInfo.json" 4393
"C:/Program Files/Epic Games/UE_5.5/Engine/Binaries/ThirdParty/USD/UsdResources/Win64/plugins/usdSkelImaging/resources/plugInfo.json" 4394
"C:/Program Files/Epic Games/UE_5.5/Engine/Binaries/ThirdParty/USD/UsdResources/Win64/plugins/usdMedia/resources/plugInfo.json" 4395
"C:/Program Files/Epic Games/UE_5.5/Engine/Binaries/ThirdParty/USD/UsdResources/Win64/plugins/usdGeom/resources/plugInfo.json" 4396
"C:/Program Files/Epic Games/UE_5.5/Engine/Binaries/ThirdParty/USD/UsdResources/Win64/plugins/usdProcImaging/resources/plugInfo.json" 4397
"C:/Program Files/Epic Games/UE_5.5/Engine/Binaries/ThirdParty/USD/UsdResources/Win64/plugins/usdImaging/resources/plugInfo.json" 4398
"C:/Program Files/Epic Games/UE_5.5/Engine/Binaries/ThirdParty/USD/UsdResources/Win64/plugins/usdAbc/resources/plugInfo.json" 4399
"C:/Program Files/Epic Games/UE_5.5/Engine/Binaries/ThirdParty/USD/UsdResources/Win64/plugins/ar/resources/plugInfo.json" 4400
"C:/Program Files/Epic Games/UE_5.5/Engine/Binaries/ThirdParty/USD/UsdResources/Win64/plugins/usd/resources/plugInfo.json" 4401
"C:/Program Files/Epic Games/UE_5.5/Engine/Binaries/ThirdParty/USD/UsdResources/Win64/plugins/usdRi/resources/plugInfo.json" 4402
"C:/Program Files/Epic Games/UE_5.5/Engine/Binaries/ThirdParty/USD/UsdResources/Win64/plugins/usd/resources/codegenTemplates/plugInfo.json" 4403
"/SpeedTreeImporter/SpeedTree9/SpeedTreeMaster" 4404
"../../Plugins/Editor/SpeedTreeImporter/Content/SpeedTree9/SpeedTreeMaster.uasset" 4405
"../../../Engine/Content/Functions/Engine_MaterialFunctions02/ObjectLocalBounds.uasset" 4406
"../../../Engine/Content/Functions/Engine_MaterialFunctions02/UVs/BoundingBoxBased_0-1_UVW.uasset" 4407
"../../../Engine/Content/Functions/Engine_MaterialFunctions02/WorldPositionOffset/ObjectScale.uasset" 4408
"../../Plugins/Editor/SpeedTreeImporter/Content/SpeedTree9/SpeedTreeBranchMotion.uasset" 4409
"../../Plugins/Editor/SpeedTreeImporter/Content/SpeedTree9/SpeedTreeCameraFacing.uasset" 4410
"../../Plugins/Editor/SpeedTreeImporter/Content/SpeedTree9/SpeedTreeWind.uasset" 4411
"../../Plugins/Editor/SpeedTreeImporter/Content/SpeedTree9/SpeedTreeWindMotion.uasset" 4412
"../../Plugins/Editor/SpeedTreeImporter/Content/SpeedTree9/UnpackDirection.uasset" 4413
"../../Plugins/Editor/SpeedTreeImporter/Content/SpeedTree9/UnpackInteger3.uasset" 4414
"../../Plugins/Editor/SpeedTreeImporter/Content/SpeedTree9/Empty.uasset" 4415
"../../Plugins/Editor/SpeedTreeImporter/Content/SpeedTree9/EmptyNormal.uasset" 4416
"../../Plugins/Editor/SpeedTreeImporter/Content/SpeedTree9/game_wind_noise.uasset" 4417
"/SpeedTreeImporter/SpeedTree9/SpeedTreeBillboardMaster" 4418
"../../Plugins/Editor/SpeedTreeImporter/Content/SpeedTree9/SpeedTreeBillboardMaster.uasset" 4419
"../../Plugins/Editor/SpeedTreeImporter/Content/SpeedTree9/SpeedTreeBillboard.uasset" 4420
"/Engine/BasicShapes/BasicShapeMaterial" 4421
"../../../Engine/Content/BasicShapes/BasicShapeMaterial.uasset" 4422
"/Engine/EditorMaterials/Dataflow/DataflowVertexMaterial" 4423
"../../../Engine/Content/EditorMaterials/Dataflow/DataflowVertexMaterial.uasset" 4424
"/Engine/EditorMaterials/Dataflow/DataflowTwoSidedVertexMaterial" 4425
"../../../Engine/Content/EditorMaterials/Dataflow/DataflowTwoSidedVertexMaterial.uasset" 4426
"C:/Users/B-05/AppData/Local/UnrealEngine/Editor/UInteractiveToolsPresetCollectionAsset_DefaultCollection.json" 4427
"/Engine/EngineMaterials/NaniteHiddenSectionMaterial" 4428
"../../../Engine/Content/EngineMaterials/NaniteHiddenSectionMaterial.uasset" 4429
"/Engine/EngineMaterials/RemoveSurfaceMaterial" 4430
"../../../Engine/Content/EngineMaterials/RemoveSurfaceMaterial.uasset" 4431
"/Engine/EngineDebugMaterials/DebugMeshMaterial" 4432
"../../../Engine/Content/EngineDebugMaterials/DebugMeshMaterial.uasset" 4433
"/Engine/EngineMaterials/EmissiveMeshMaterial" 4434
"../../../Engine/Content/EngineMaterials/EmissiveMeshMaterial.uasset" 4435
"../../../Engine/Content/EngineMaterials/DefaultWhiteGrid_Low.uasset" 4436
"/Engine/EngineMaterials/M_InvalidLightmapSettings" 4437
"../../../Engine/Content/EngineMaterials/M_InvalidLightmapSettings.uasset" 4438
"../../../Engine/Content/EngineMaterials/InvalidLightmapSettings.uasset" 4439
"/Engine/EngineMaterials/GizmoMaterial" 4440
"../../../Engine/Content/EngineMaterials/GizmoMaterial.uasset" 4441
"/Engine/EngineMaterials/PhAT_JointLimitMaterial" 4442
"../../../Engine/Content/EngineMaterials/PhAT_JointLimitMaterial.uasset" 4443
"/Engine/EngineMaterials/FlattenMaterial" 4444
"../../../Engine/Content/EngineMaterials/FlattenMaterial.uasset" 4445
"../../../Engine/Content/EngineMaterials/BaseFlattenDiffuseMap.uasset" 4446
"../../../Engine/Content/EngineMaterials/BaseFlattenEmissiveMap.uasset" 4447
"../../../Engine/Content/EngineMaterials/BaseFlattenGrayscaleMap.uasset" 4448
"../../../Engine/Content/EngineMaterials/BaseFlattenLinearColor.uasset" 4449
"../../../Engine/Content/EngineMaterials/BaseFlattenNormalMap.uasset" 4450
"../../../Engine/Content/Functions/Engine_MaterialFunctions02/PivotPainter2/Black_1x1_EXR_Texture.uasset" 4451
"/Engine/EngineMaterials/FlattenMaterial_VT" 4452
"../../../Engine/Content/EngineMaterials/FlattenMaterial_VT.uasset" 4453
"../../../Engine/Content/EngineMaterials/BaseFlattenDiffuseMap_VT.uasset" 4454
"../../../Engine/Content/EngineMaterials/BaseFlattenEmissiveMap_VT.uasset" 4455
"../../../Engine/Content/EngineMaterials/BaseFlattenGrayscaleMap_VT.uasset" 4456
"../../../Engine/Content/EngineMaterials/BaseFlattenLinearColor_VT.uasset" 4457
"../../../Engine/Content/EngineMaterials/BaseFlattenNormalMap_VT.uasset" 4458
"../../../Engine/Content/EngineMaterials/Black_1x1_EXR_Texture_VT.uasset" 4459
"/Engine/EngineMaterials/FlattenMaterial_WS_Normal_VT" 4460
"../../../Engine/Content/EngineMaterials/FlattenMaterial_WS_Normal_VT.uasset" 4461
"/Engine/EngineMaterials/DefaultBokeh" 4462
"../../../Engine/Content/EngineMaterials/DefaultBokeh.uasset" 4463
"/Engine/EngineMaterials/MiniFont" 4464
"../../../Engine/Content/EngineMaterials/MiniFont.uasset" 4465
"/Engine/EngineMaterials/WeightMapPlaceholderTexture" 4466
"../../../Engine/Content/EngineMaterials/WeightMapPlaceholderTexture.uasset" 4467
"/Engine/EngineMaterials/WeightMapArrayPlaceholderTexture" 4468
"../../../Engine/Content/EngineMaterials/WeightMapArrayPlaceholderTexture.uasset" 4469
"/Engine/EngineMaterials/DefaultWhiteGrid" 4470
"../../../Engine/Content/EngineMaterials/DefaultWhiteGrid.uasset" 4471
"/Engine/EngineMaterials/PreintegratedSkinBRDF" 4472
"../../../Engine/Content/EngineMaterials/PreintegratedSkinBRDF.uasset" 4473
"/Engine/EngineMaterials/LTC/GGX_LTCAmp" 4474
"../../../Engine/Content/EngineMaterials/LTC/GGX_LTCAmp.uasset" 4475
"/Engine/EngineMaterials/LTC/GGX_LTCMat" 4476
"../../../Engine/Content/EngineMaterials/LTC/GGX_LTCMat.uasset" 4477
"/Engine/EngineMaterials/EnergyConservation/GGX_ReflectionEnergy" 4478
"../../../Engine/Content/EngineMaterials/EnergyConservation/GGX_ReflectionEnergy.uasset" 4479
"/Engine/EngineMaterials/EnergyConservation/GGX_TransmissionEnergyArray" 4480
"../../../Engine/Content/EngineMaterials/EnergyConservation/GGX_TransmissionEnergyArray.uasset" 4481
"/Engine/EngineMaterials/EnergyConservation/SheenLegacy_Energy" 4482
"../../../Engine/Content/EngineMaterials/EnergyConservation/SheenLegacy_Energy.uasset" 4483
"/Engine/EngineMaterials/DefaultPhysicalMaterial" 4484
"../../../Engine/Content/EngineMaterials/DefaultPhysicalMaterial.uasset" 4485
"/Engine/EngineMaterials/DefaultDestructiblePhysicalMaterial" 4486
"../../../Engine/Content/EngineMaterials/DefaultDestructiblePhysicalMaterial.uasset" 4487
"/MeshModelingToolset/Materials/M_DynamicMeshComponentVtxColor" 4488
"../../Plugins/Runtime/MeshModelingToolset/Content/Materials/M_DynamicMeshComponentVtxColor.uasset" 4489
"/Niagara/ParameterDefinitions/DecalRenderer" 4490
"../../Plugins/FX/Niagara/Content/ParameterDefinitions/DecalRenderer.uasset" 4491
"/DeformerGraph/Deformers/DG_LinearBlendSkin_Morph_Cloth" 4492
"../../Plugins/Animation/DeformerGraph/Content/Deformers/DG_LinearBlendSkin_Morph_Cloth.uasset" 4493
"/DeformerGraph/DeformerFunctions/DG_Function_LinearBlendSkin_Morph_Cloth" 4494
"../../Plugins/Animation/DeformerGraph/Content/DeformerFunctions/DG_Function_LinearBlendSkin_Morph_Cloth.uasset" 4495
"/DeformerGraph/Deformers/DG_LinearBlendSkin_Morph_Cloth_RecomputeNormals" 4496
"../../Plugins/Animation/DeformerGraph/Content/Deformers/DG_LinearBlendSkin_Morph_Cloth_RecomputeNormals.uasset" 4497
"/DeformerGraph/DeformerFunctions/DG_Function_LinearBlendSkin_Morph_Cloth_PositionOnly" 4498
"../../Plugins/Animation/DeformerGraph/Content/DeformerFunctions/DG_Function_LinearBlendSkin_Morph_Cloth_PositionOnly.uasset" 4499
"/DeformerGraph/DeformerFunctions/DG_Function_ComputeNormalsTangents" 4500
"../../Plugins/Animation/DeformerGraph/Content/DeformerFunctions/DG_Function_ComputeNormalsTangents.uasset" 4501
"/Engine/EditorResources/SequenceRecorder/Countdown" 4502
"../../../Engine/Content/EditorResources/SequenceRecorder/Countdown.uasset" 4503
"/Engine/EditorResources/SequenceRecorder/RecordingIndicator" 4504
"../../../Engine/Content/EditorResources/SequenceRecorder/RecordingIndicator.uasset" 4505
"/Engine/EditorMaterials/PhAT_UnselectedMaterial" 4506
"../../../Engine/Content/EditorMaterials/PhAT_UnselectedMaterial.uasset" 4507
"/Engine/EditorMaterials/PhAT_NoCollisionMaterial" 4508
"../../../Engine/Content/EditorMaterials/PhAT_NoCollisionMaterial.uasset" 4509
"/Engine/BasicShapes/Cube" 4510
"../../../Engine/Content/BasicShapes/Cube.uasset" 4511
"/Engine/BasicShapes/Sphere" 4512
"../../../Engine/Content/BasicShapes/Sphere.uasset" 4513
"../../../Engine/Content/EngineMaterials/DefaultMaterial.uasset" 4514
"/Engine/BasicShapes/Cylinder" 4515
"../../../Engine/Content/BasicShapes/Cylinder.uasset" 4516
"/Engine/BasicShapes/Cone" 4517
"../../../Engine/Content/BasicShapes/Cone.uasset" 4518
"/Engine/BasicShapes/Plane" 4519
"../../../Engine/Content/BasicShapes/Plane.uasset" 4520
"../../../Engine/Documentation/Source/Shared/Types/ABrush/ABrush.INT.udn" 4521
"../../../Engine/Content/Internationalization/icudt64l/brkitr/root.res" 4522
"../../../Engine/Content/Internationalization/icudt64l/brkitr/char.brk" 4523
"../../../Engine/Content/Internationalization/icudt64l/brkitr/word.brk" 4524
"/Engine/EditorLandscapeResources/DefaultAlphaTexture" 4525
"../../../Engine/Content/EditorLandscapeResources/DefaultAlphaTexture.uasset" 4526
"/Engine/EditorResources/S_Terrain" 4527
"../../../Engine/Content/EditorResources/S_Terrain.uasset" 4528
"C:/Users/B-05/AppData/Local/Temp/UnrealShaderWorkingDir/53EDE27C42D40BB392EFB3ABF5B36437/1/WorkerOutputOnly.out" 4529
"C:/Users/B-05/AppData/Local/Temp/UnrealShaderWorkingDir/53EDE27C42D40BB392EFB3ABF5B36437/2/WorkerOutputOnly.out" 4530
"C:/Users/B-05/AppData/Local/Temp/UnrealShaderWorkingDir/53EDE27C42D40BB392EFB3ABF5B36437/3/WorkerOutputOnly.out" 4531
"C:/Users/B-05/AppData/Local/Temp/UnrealShaderWorkingDir/53EDE27C42D40BB392EFB3ABF5B36437/4/WorkerOutputOnly.out" 4532
"C:/Users/B-05/AppData/Local/Temp/UnrealShaderWorkingDir/53EDE27C42D40BB392EFB3ABF5B36437/5/WorkerOutputOnly.out" 4533
"C:/Users/B-05/AppData/Local/Temp/UnrealShaderWorkingDir/53EDE27C42D40BB392EFB3ABF5B36437/6/WorkerOutputOnly.out" 4534
"C:/Users/B-05/AppData/Local/Temp/UnrealShaderWorkingDir/53EDE27C42D40BB392EFB3ABF5B36437/7/WorkerOutputOnly.out" 4535
"C:/Users/B-05/AppData/Local/Temp/UnrealShaderWorkingDir/53EDE27C42D40BB392EFB3ABF5B36437/8/WorkerOutputOnly.out" 4536
"C:/Users/B-05/AppData/Local/Temp/UnrealShaderWorkingDir/53EDE27C42D40BB392EFB3ABF5B36437/9/WorkerOutputOnly.out" 4537
"C:/Users/B-05/AppData/Local/Temp/UnrealShaderWorkingDir/53EDE27C42D40BB392EFB3ABF5B36437/0/WorkerOutputOnly.out" 4538
"C:/Users/B-05/AppData/Local/Temp/UnrealShaderWorkingDir/53EDE27C42D40BB392EFB3ABF5B36437/12/WorkerOutputOnly.out" 4539
"C:/Users/B-05/AppData/Local/Temp/UnrealShaderWorkingDir/53EDE27C42D40BB392EFB3ABF5B36437/11/WorkerOutputOnly.out" 4540
"C:/Users/B-05/AppData/Local/Temp/UnrealShaderWorkingDir/53EDE27C42D40BB392EFB3ABF5B36437/10/WorkerOutputOnly.out" 4541
